[15:53:37] === 日志开始 - 2026-08-01 15:53:37 ===
[15:53:37] [INFO] Mod Loaded: 控制台Mod
[15:53:37] [INFO] ModActive_HarmonyLoadMod: True
[15:53:37] [INFO] Loading mod dll at path: D:\SteamLibrary\steamapps\workshop\content\3167020\3589088839\HarmonyLoadMod.dll
[15:53:37] [INFO] HarmonyLoadMod Loaded!!!
[15:53:37] [INFO] D:\SteamLibrary\steamapps\workshop\content\3167020\3589088839\0Harmony.dll
[15:53:37] [INFO] Mod Loaded: HarmonyLoadMod
[15:53:37] [INFO] ModActive_StorageSearchBar: True
[15:53:37] [INFO] Loading mod dll at path: D:\SteamLibrary\steamapps\workshop\content\3167020\3592349195\StorageSearchBar.dll
[15:53:37] [INFO] Mod Loaded: StorageSearchBar
[15:53:37] [INFO] ModActive_ModSetting: True
[15:53:37] [INFO] Loading mod dll at path: D:\SteamLibrary\steamapps\workshop\content\3167020\3595729494\ModSetting.dll
[15:53:37] [WARNING] [ModSetting]ModSetting:启用
[15:53:37] [INFO] Mod Loaded: ModSetting
[15:53:37] [INFO] ModActive_FastModdingLib: True
[15:53:37] [INFO] Loading mod dll at path: D:\SteamLibrary\steamapps\workshop\content\3167020\3610491835\FastModdingLib.dll
[15:53:37] [INFO] Mod Loaded: FastModdingLib
[15:53:37] [INFO] ModActive_IndependentStash: True
[15:53:37] [INFO] Loading mod dll at path: D:\SteamLibrary\steamapps\workshop\content\3167020\3616979717\IndependentStash.dll
[15:53:37] [INFO] [IndependentStash] 创建备份保存文件: SessionStart
[15:53:37] [INFO] Mod Loaded: IndependentStash
[15:53:37] [INFO] [IndependentStash] 配置已加载: OpenStashKey = BackQuote
[15:53:37] [INFO] ModActive_BetterHydrationEnergyHUD: True
[15:53:37] [INFO] Loading mod dll at path: D:\SteamLibrary\steamapps\workshop\content\3167020\3591875771\BetterHydrationEnergyHUD.dll
[15:53:37] [INFO] Mod Loaded: BetterHydrationEnergyHUD
[15:53:37] [INFO] ModActive_CustomHotkey: True
[15:53:37] [INFO] Loading mod dll at path: D:\SteamLibrary\steamapps\workshop\content\3167020\3594709838\CustomHotkey.dll
[15:53:37] [INFO] Mod Loaded: CustomHotkey
[15:53:37] [INFO] ModActive_Generalist: True
[15:53:37] [INFO] Loading mod dll at path: D:\SteamLibrary\steamapps\workshop\content\3167020\3624447705\Generalist.dll
[15:53:37] [INFO] Mod Loaded: Generalist
[15:53:37] [INFO] ModActive_MapTeleport: True
[15:53:37] [INFO] Loading mod dll at path: D:\SteamLibrary\steamapps\workshop\content\3167020\3591817603\MapTeleport.dll
[15:53:37] [INFO] Mod Loaded: MapTeleport
[15:53:37] [INFO] ModActive_mshook: True
[15:53:37] [INFO] Loading mod dll at path: D:\SteamLibrary\steamapps\workshop\content\3167020\3594555015\mshook.dll
[15:53:37] [INFO] Mod Loaded: mshook
[15:53:37] [INFO] [Additionalmshookl] [INFO] 日志路径: D:\SteamLibrary\steamapps\workshop\content\3167020\3594555015\logs\mshook_log.txt
[15:53:37] [INFO] [Additionalmshookl] [INFO] 模组启动，开始初始化
[15:53:37] [INFO] [Additionalmshookl] [INFO] DLL路径: D:\SteamLibrary\steamapps\workshop\content\3167020\3594555015
[15:53:37] [INFO] [Additionalmshookl] [INFO] 父级目录: D:\SteamLibrary\steamapps\workshop\content\3167020
[15:53:37] [INFO] [Additionalmshookl] [INFO] 准备从 D:\SteamLibrary\steamapps\workshop\content\3167020\3594555015\Configs\ItemIdMappings.json 加载ID映射
[15:53:37] [INFO] [Additionalmshookl] [INFO] 成功加载ID映射，共 79 个映射项
[15:53:37] [INFO] [Additionalmshookl] [INFO] 映射示例: 键 1815075522 -> 值 101166
[15:53:37] [INFO] [Additionalmshookl] [INFO] 映射示例: 键 2011485973 -> 值 95001
[15:53:37] [INFO] [Additionalmshookl] [INFO] 映射示例: 键 1481486562 -> 值 10920
[15:53:37] [INFO] [Additionalmshookl] [INFO] 映射示例: 键 1028166900 -> 值 10966
[15:53:37] [INFO] [Additionalmshookl] [INFO] 映射示例: 键 1114061595 -> 值 10322
[15:53:37] [INFO] [Additionalmshookl] [INFO] ID映射加载完成，将在处理物品时动态管理已使用ID
[15:53:37] [INFO] [Additionalmshookl] [ERROR] 配置文件 ItemIdMappings.json DisplayName为空
[15:53:37] [INFO] [Additionalmshookl] [INFO] 从默认配置文件夹加载了 28 个有效的配置文件
[15:53:37] [INFO] [Additionalmshookl] [INFO] 从 3661816441 目录加载配置文件: 1008400_战术手电-快反.json
[15:53:37] [INFO] [Additionalmshookl] [INFO] 从 3661816441 目录加载配置文件: 1008401_战术手电-机动.json
[15:53:37] [INFO] [Additionalmshookl] [INFO] 从 3661816441 目录加载配置文件: 1008402_战术手电-校准.json
[15:53:37] [INFO] [Additionalmshookl] [INFO] 从 3661816441 目录加载配置文件: 1008403_战术手电-暴击.json
[15:53:37] [INFO] [Additionalmshookl] [INFO] 从 3661816441 目录加载配置文件: 1008404_手枪扩容弹匣III.json
[15:53:37] [INFO] [Additionalmshookl] [INFO] 从 3661816441 目录加载配置文件: 1008405_复合式瞄具.json
[15:53:37] [INFO] [Additionalmshookl] [INFO] 从 3661816441 目录加载配置文件: 1008406_单倍数字化威胁.json
[15:53:37] [INFO] [Additionalmshookl] [INFO] 从 3661816441 目录加载配置文件: 1008407_8倍数字化威胁.json
[15:53:37] [INFO] [Additionalmshookl] [INFO] 从 3661816441 目录加载配置文件: 1008408_冲锋枪快速扩容弹匣I.json
[15:53:37] [INFO] [Additionalmshookl] [INFO] 从 3661816441 目录加载配置文件: 1008409_步枪快速扩容弹匣I.json
[15:53:37] [INFO] [Additionalmshookl] [INFO] 从 3661816441 目录加载配置文件: 1008410_霰弹枪扩容弹匣III.json
[15:53:37] [INFO] [Additionalmshookl] [INFO] 从 3661816441 目录加载配置文件: 1008411_霰弹枪扩容弹匣IV.json
[15:53:37] [INFO] [Additionalmshookl] [INFO] 从 3661816441 目录加载配置文件: 1008412_步枪扩容弹匣IV.json
[15:53:37] [INFO] [Additionalmshookl] [INFO] 从 3661816441 目录加载配置文件: 1008413_重型脚架.json
[15:53:37] [INFO] [Additionalmshookl] [INFO] 从 3661816441 目录加载配置文件: 1008415_机动脚架.json
[15:53:37] [INFO] [Additionalmshookl] [INFO] 从 3661816441 目录加载配置文件: 1008416_冲锋枪消音器-均衡.json
[15:53:37] [INFO] [Additionalmshookl] [INFO] 从 3661816441 目录加载配置文件: 1008417_手枪消音器-均衡.json
[15:53:37] [INFO] [Additionalmshookl] [INFO] 从 3661816441 目录加载配置文件: 1008418_步枪消音器-均衡.json
[15:53:37] [INFO] [Additionalmshookl] [INFO] 从 3661816441 目录加载配置文件: 1008419_狙击枪消音器-均衡.json
[15:53:37] [INFO] [Additionalmshookl] [INFO] 从 3661816441 目录加载配置文件: 1008420_平衡握把II.json
[15:53:37] [INFO] [Additionalmshookl] [INFO] 从 3661816441 目录加载配置文件: 1008421_手枪消音器-增伤.json
[15:53:37] [INFO] [Additionalmshookl] [INFO] 从 3661816441 目录加载配置文件: 1008422_冲锋枪消音器-增伤.json
[15:53:37] [INFO] [Additionalmshookl] [INFO] 从 3661816441 目录加载配置文件: 1008423_步枪消音器-增伤.json
[15:53:37] [INFO] [Additionalmshookl] [INFO] 从 3661816441 目录加载配置文件: 1008424_狙击枪消音器-增伤.json
[15:53:37] [INFO] [Additionalmshookl] [INFO] 从 3661816441 目录加载配置文件: 1008425_测距仪.json
[15:53:37] [INFO] [Additionalmshookl] [INFO] 从 3661816441 目录加载配置文件: 1008426_全息瞄具-机动.json
[15:53:37] [INFO] [Additionalmshookl] [INFO] 从 3661816441 目录加载配置文件: 1008427_2倍镜-机动.json
[15:53:37] [INFO] [Additionalmshookl] [INFO] 从 3661816441 目录加载配置文件: 1008428_4倍镜-机动.json
[15:53:37] [INFO] [Additionalmshookl] [INFO] 从 3661816441 目录加载配置文件: 1008429_低倍可变光学瞄具.json
[15:53:37] [INFO] [Additionalmshookl] [INFO] 从 3661816441 目录加载配置文件: 1008430_鬼魅消音器.json
[15:53:37] [INFO] [Additionalmshookl] [INFO] 从 3661816441 目录加载配置文件: 1008431_手枪亚英速弹匣.json
[15:53:37] [INFO] [Additionalmshookl] [INFO] 从 3661816441 目录加载配置文件: 1008432_冲锋枪亚音速弹匣.json
[15:53:37] [INFO] [Additionalmshookl] [INFO] 从 3661816441 目录加载配置文件: 1008433_步枪亚音速弹匣.json
[15:53:37] [INFO] [Additionalmshookl] [INFO] 从 3661816441 目录加载配置文件: 1008434_BR亚音速弹匣.json
[15:53:37] [INFO] [Additionalmshookl] [INFO] 从 3661816441 目录加载配置文件: 1008435_狙击枪亚音速弹匣.json
[15:53:37] [INFO] [Additionalmshookl] [INFO] 从 3661816441 目录加载配置文件: 1008436_快速轻型枪托.json
[15:53:37] [INFO] [Additionalmshookl] [INFO] 从 3661816441 目录加载配置文件: 1008437_步枪双头弹弹匣.json
[15:53:37] [INFO] [Additionalmshookl] [INFO] 从 3661816441 目录加载配置文件: 1008438_激光-增幅.json
[15:53:37] [INFO] [Additionalmshookl] [INFO] 从 3661816441 目录加载配置文件: 1008439_暴击握把.json
[15:53:37] [INFO] [Additionalmshookl] [INFO] 从 3661816441 目录加载配置文件: 1008440_暴击枪托.json
[15:53:37] [INFO] [Additionalmshookl] [INFO] 从 3661816441 目录加载配置文件: 1008441_死寂消音器.json
[15:53:37] [INFO] [Additionalmshookl] [INFO] 从 3661816441 目录加载配置文件: 1008442_渡鸦消音器.json
[15:53:37] [INFO] [Additionalmshookl] [INFO] 从 3661816441 目录加载配置文件: 1008443_暗星扩容弹匣.json
[15:53:37] [INFO] [Additionalmshookl] [INFO] 从 3661816441 目录加载配置文件: 1008444_腰射握把III.json
[15:53:37] [INFO] [Additionalmshookl] [INFO] 从其他目录加载了 44 个额外的配置文件
[15:53:37] [INFO] [Additionalmshookl] [INFO] 总共收集到 72 个唯一的有效配置文件
[15:53:37] [INFO] [Additionalmshookl] [INFO] 配置文件 10086_战斗大师.json 中设置的NewItemId: 10086
[15:53:37] [INFO] [Additionalmshookl] [INFO] [MShook-DEBUG] 正在处理配置: 10086_战斗大师.json 中的物品 战斗大师
[15:53:37] [INFO] [Additionalmshookl] [INFO] [MShook-DEBUG] 即将调用CreateCustomItem方法
[15:53:37] [INFO] [Additionalmshookl] [INFO] ========== CreateCustomItem 开始处理物品: 战斗大师 ==========
[15:53:37] [INFO] [Additionalmshookl] [INFO] 配置原始ID: 983, 新ID: 10086
[15:53:38] [INFO] [Additionalmshookl] [INFO] 开始处理物品: 战斗大师，原始ID: 983，配置的新ID: 10086
[15:53:38] [INFO] [Additionalmshookl] [INFO] 为物品 战斗大师 生成的唯一键: 1264923181
[15:53:38] [INFO] [Additionalmshookl] [INFO] 为物品 战斗大师 使用已保存的ID: 10086
[15:53:38] [INFO] [Additionalmshookl] [INFO] 将ID 10086 添加到已使用列表
[15:53:38] [INFO] [Additionalmshookl] [INFO] [CreateCustomItem] 开始设置物品属性 for 战斗大师
[15:53:38] [INFO] [Additionalmshookl] [INFO] [SetItemProperties] 开始设置物品 战斗大师 的基本属性
[15:53:38] [INFO] [Additionalmshookl] [INFO] 成功设置字段 typeID = 10086 (类型: Item)
[15:53:38] [INFO] [Additionalmshookl] [INFO] 成功设置字段 weight = 0.3 (类型: Item)
[15:53:38] [INFO] [Additionalmshookl] [INFO] 成功设置字段 value = 20000 (类型: Item)
[15:53:38] [INFO] [Additionalmshookl] [INFO] 成功设置字段 displayName = 10086_Master (类型: Item)
[15:53:38] [INFO] [Additionalmshookl] [INFO] 成功设置字段 quality = 7 (类型: Item)
[15:53:38] [INFO] [Additionalmshookl] [INFO] 成功设置字段 order = 0 (类型: Item)
[15:53:38] [INFO] [Additionalmshookl] [INFO] [SetItemProperties] 完成基本属性设置，开始处理Tags
[15:53:38] [INFO] [Additionalmshookl] [INFO] [SetItemProperties] 检测到Tags配置，数量: 2
[15:53:38] [INFO] [Additionalmshookl] [INFO] 物品 战斗大师 的所有标签: DontDropOnDeadInSlot, Totem
[15:53:38] [INFO] [Additionalmshookl] [INFO] [TagUtils-DEBUG] 开始处理标签: DontDropOnDeadInSlot
[15:53:38] [INFO] [TagUtils] ===== GetOrCreateTag方法被调用 =====
[15:53:38] [INFO] [TagUtils] 参数: tagName='DontDropOnDeadInSlot', displayName=''
[15:53:38] [INFO] [TagUtils] FindExistingTag 查找: DontDropOnDeadInSlot
[15:53:38] [INFO] [TagUtils] 找到 134 个Tag对象，开始查找: DontDropOnDeadInSlot
[15:53:38] [INFO] [TagUtils] 通过属性找到匹配的Tag: DontDropOnDeadInSlot
[15:53:38] [INFO] [TagUtils] 找到现有Tag: DontDropOnDeadInSlot
[15:53:38] [INFO] [Additionalmshookl] [INFO] [TagUtils-DEBUG] 标签 DontDropOnDeadInSlot 创建成功: Tag
[15:53:38] [INFO] [Additionalmshookl] [ERROR] 无法获取Tags列表
[15:53:38] [INFO] [Additionalmshookl] [INFO] [TagUtils-DEBUG] 开始处理标签: Totem
[15:53:38] [INFO] [TagUtils] ===== GetOrCreateTag方法被调用 =====
[15:53:38] [INFO] [TagUtils] 参数: tagName='Totem', displayName=''
[15:53:38] [INFO] [TagUtils] FindExistingTag 查找: Totem
[15:53:38] [INFO] [TagUtils] 找到 134 个Tag对象，开始查找: Totem
[15:53:38] [INFO] [TagUtils] 通过属性找到匹配的Tag: Totem
[15:53:38] [INFO] [TagUtils] 找到现有Tag: Totem
[15:53:38] [INFO] [Additionalmshookl] [INFO] [TagUtils-DEBUG] 标签 Totem 创建成功: Tag
[15:53:38] [INFO] [Additionalmshookl] [ERROR] 无法获取Tags列表
[15:53:38] [INFO] [Additionalmshookl] [INFO] 为物品 战斗大师 添加FoodDrink组件
[15:53:38] [INFO] [Additionalmshookl] [INFO] 物品 战斗大师 能量值: 0, 口渴值: 0
[15:53:38] [INFO] [Additionalmshookl] [INFO] 正在为 CustomItem_10086 配置 Modifiers...
[15:53:38] [INFO] [Additionalmshookl] [INFO] 成功设置字段 value = 0.6 (类型: ModifierDescription)
[15:53:38] [INFO] [Additionalmshookl] [INFO]   - GunDistanceMultiplier-GunDistanceMultiplier 修改成功: 0.3 -> 0.6
[15:53:38] [INFO] [Additionalmshookl] [INFO] 成功设置字段 value = 0.6 (类型: ModifierDescription)
[15:53:38] [INFO] [Additionalmshookl] [INFO]   - ViewDistance-ViewDistance 修改成功: 0.3 -> 0.6
[15:53:38] [INFO] [Additionalmshookl] [INFO] 成功设置字段 value = 0 (类型: ModifierDescription)
[15:53:38] [INFO] [Additionalmshookl] [INFO] 成功设置字段 display = False (类型: ModifierDescription)
[15:53:38] [INFO] [Additionalmshookl] [INFO]   - Modifier 'Moveability' (原值: -0.1) 已被移除 (未在配置中指定)。
[15:53:38] [INFO] [Additionalmshookl] [INFO] 属性 MeleeDamageMultiplier 目标默认设置为 Character (默认)
[15:53:38] [INFO] [Additionalmshookl] [INFO] 成功设置字段 display = True (类型: ModifierDescription)
[15:53:38] [INFO] [Additionalmshookl] [INFO]   - MeleeDamageMultiplier-MeleeDamageMultiplier 添加成功: 0.8
[15:53:38] [INFO] [Additionalmshookl] [INFO] 属性 MeleeCritRateGain 目标默认设置为 Character (默认)
[15:53:38] [INFO] [Additionalmshookl] [INFO] 成功设置字段 display = True (类型: ModifierDescription)
[15:53:38] [INFO] [Additionalmshookl] [INFO]   - MeleeCritRateGain-MeleeCritRateGain 添加成功: 2.8
[15:53:38] [INFO] [Additionalmshookl] [INFO] 属性 MeleeCritDamageGain 目标默认设置为 Character (默认)
[15:53:38] [INFO] [Additionalmshookl] [INFO] 成功设置字段 display = True (类型: ModifierDescription)
[15:53:38] [INFO] [Additionalmshookl] [INFO]   - MeleeCritDamageGain-MeleeCritDamageGain 添加成功: 0.1
[15:53:38] [INFO] [Additionalmshookl] [INFO] 属性 GunDamageMultiplier 目标默认设置为 Character (默认)
[15:53:38] [INFO] [Additionalmshookl] [INFO] 成功设置字段 display = True (类型: ModifierDescription)
[15:53:38] [INFO] [Additionalmshookl] [INFO]   - GunDamageMultiplier-GunDamageMultiplier 添加成功: 0.4
[15:53:38] [INFO] [Additionalmshookl] [INFO] 属性 GunCritDamageGain 目标默认设置为 Character (默认)
[15:53:38] [INFO] [Additionalmshookl] [INFO] 成功设置字段 display = True (类型: ModifierDescription)
[15:53:38] [INFO] [Additionalmshookl] [INFO]   - GunCritDamageGain-GunCritDamageGain 添加成功: 0.5
[15:53:38] [INFO] [Additionalmshookl] [INFO] 属性 ReloadSpeedGain 目标默认设置为 Character (默认)
[15:53:38] [INFO] [Additionalmshookl] [INFO] 成功设置字段 display = True (类型: ModifierDescription)
[15:53:38] [INFO] [Additionalmshookl] [INFO]   - ReloadSpeedGain-ReloadSpeedGain 添加成功: 1
[15:53:38] [INFO] [Additionalmshookl] [INFO] 属性 RecoilControl 目标默认设置为 Character (默认)
[15:53:38] [INFO] [Additionalmshookl] [INFO] 成功设置字段 display = True (类型: ModifierDescription)
[15:53:38] [INFO] [Additionalmshookl] [INFO]   - RecoilControl-RecoilControl 添加成功: 0.5
[15:53:38] [INFO] [Additionalmshookl] [INFO] 属性 GunScatterMultiplier 目标默认设置为 Character (默认)
[15:53:38] [INFO] [Additionalmshookl] [INFO] 成功设置字段 display = True (类型: ModifierDescription)
[15:53:38] [INFO] [Additionalmshookl] [INFO]   - GunScatterMultiplier-GunScatterMultiplier 添加成功: -0.15
[15:53:38] [INFO] [Additionalmshookl] [INFO] CustomItem_10086: 共修改/移除了 2 个现有 Modifier，添加了 8 个新的 Modifier。
[15:53:38] [INFO] [Additionalmshookl] [INFO] 开始应用防具属性配置
[15:53:38] [INFO] [Additionalmshookl] [INFO] 防具属性配置应用完成
[15:53:38] [INFO] [Additionalmshookl] [INFO] 物品 战斗大师 没有配置插槽设置，跳过插槽设置
[15:53:38] [INFO] [Additionalmshookl] [INFO] [原物品Buff分析] 开始分析物品 战斗大师 (原始ID: 983) 的原生Buff效果
[15:53:38] [INFO] [Additionalmshookl] [INFO] [原物品Buff分析] 物品上有 1 个UsageBehavior组件:
[15:53:38] [INFO] [Additionalmshookl] [INFO]   [0] FoodDrink
[15:53:38] [INFO] [Additionalmshookl] [INFO]       -> 类型: FoodDrink (非AddBuff)
[15:53:38] [INFO] [Additionalmshookl] [INFO] 物品 战斗大师 没有配置Buff持续时间，跳过修改
[15:53:38] [INFO] [Additionalmshookl] [INFO] [CreateCustomItem] 完成设置物品属性 for 战斗大师
[15:53:38] [INFO] [Additionalmshookl] [INFO] [CreateCustomItem] 开始设置本地化文本 for 战斗大师
[15:53:38] [INFO] [Additionalmshookl] [INFO] 设置物品 战斗大师 描述键: 10086_Master_Desc
[15:53:38] [INFO] [Additionalmshookl] [INFO] [CreateCustomItem] 完成设置本地化文本 for 战斗大师
[15:53:38] [INFO] [Additionalmshookl] [INFO] [CreateCustomItem] 开始设置图标 for 战斗大师
[15:53:38] [INFO] [Additionalmshookl] [INFO] 物品 战斗大师 未指定图标，使用原始图标
[15:53:38] [INFO] [Additionalmshookl] [INFO] [CreateCustomItem] 完成设置图标 for 战斗大师
[15:53:38] [INFO] [Additionalmshookl] [INFO] [CreateCustomItem] 完成设置世界模型贴图 for 战斗大师
[15:53:38] [INFO] [Additionalmshookl] [INFO] [CreateCustomItem] 开始注册物品 for 战斗大师
[15:53:38] [INFO] [Additionalmshookl] [INFO] 物品注册成功: 10086_Master (ID: 10086)
[15:53:38] [INFO] [Additionalmshookl] [INFO] [CreateCustomItem] 完成注册物品 for 战斗大师
[15:53:38] [INFO] Adding formula success: 11086
[15:53:38] [INFO] [Additionalmshookl] [INFO] 为物品 战斗大师 添加合成配方: 11086
[15:53:38] [INFO] [Additionalmshookl] [INFO] [CreateCustomItem] 准备调用SetupAdditionalSlots for 战斗大师
[15:53:38] [INFO] [Additionalmshookl] [INFO] [SetupAdditionalSlots] 开始处理物品 战斗大师 的配件槽配置
[15:53:38] [INFO] [Additionalmshookl] [INFO] [SetupAdditionalSlots] AdditionalSlotTags: 
[15:53:38] [INFO] [Additionalmshookl] [INFO] [SetupAdditionalSlots] AdditionalSlotCount: 0
[15:53:38] [INFO] [Additionalmshookl] [INFO] [SetupAdditionalSlots] ReplaceExistingSlots: False
[15:53:38] [INFO] [Additionalmshookl] [INFO] 物品 战斗大师 配件槽配置无效或未设置，跳过配件槽添加
[15:53:38] [INFO] [Additionalmshookl] [INFO] [CreateCustomItem] 准备调用SetupDecomposeFormula for 战斗大师
[15:53:38] [INFO] [Additionalmshookl] [INFO] [SetupDecomposeFormula] 开始处理物品 战斗大师 的分解配方，EnableDecompose: False
[15:53:38] [INFO] [Additionalmshookl] [INFO] [CreateCustomItem] 完成所有方法调用 for 战斗大师
[15:53:38] [INFO] [Additionalmshookl] [INFO] [CreateCustomItem] CreateCustomItem方法成功完成 for 战斗大师
[15:53:38] [INFO] [Additionalmshookl] [INFO] [MShook-DEBUG] CreateCustomItem方法调用完成
[15:53:38] [INFO] [Additionalmshookl] [INFO] 成功处理配置: 战斗大师 (ID: 10086) 来自 10086_战斗大师.json
[15:53:38] [INFO] [Additionalmshookl] [INFO] 配置文件 10087_体育生.json 中设置的NewItemId: 10087
[15:53:38] [INFO] [Additionalmshookl] [INFO] [MShook-DEBUG] 正在处理配置: 10087_体育生.json 中的物品 体育生
[15:53:38] [INFO] [Additionalmshookl] [INFO] [MShook-DEBUG] 即将调用CreateCustomItem方法
[15:53:38] [INFO] [Additionalmshookl] [INFO] ========== CreateCustomItem 开始处理物品: 体育生 ==========
[15:53:38] [INFO] [Additionalmshookl] [INFO] 配置原始ID: 959, 新ID: 10087
[15:53:38] [INFO] [Additionalmshookl] [INFO] 开始处理物品: 体育生，原始ID: 959，配置的新ID: 10087
[15:53:38] [INFO] [Additionalmshookl] [INFO] 为物品 体育生 生成的唯一键: 1854746929
[15:53:38] [INFO] [Additionalmshookl] [INFO] 为物品 体育生 使用已保存的ID: 10087
[15:53:38] [INFO] [Additionalmshookl] [INFO] 将ID 10087 添加到已使用列表
[15:53:38] [INFO] [Additionalmshookl] [INFO] [CreateCustomItem] 开始设置物品属性 for 体育生
[15:53:38] [INFO] [Additionalmshookl] [INFO] [SetItemProperties] 开始设置物品 体育生 的基本属性
[15:53:38] [INFO] [Additionalmshookl] [INFO] 成功设置字段 typeID = 10087 (类型: Item)
[15:53:38] [INFO] [Additionalmshookl] [INFO] 成功设置字段 weight = 0.3 (类型: Item)
[15:53:38] [INFO] [Additionalmshookl] [INFO] 成功设置字段 value = 20000 (类型: Item)
[15:53:38] [INFO] [Additionalmshookl] [INFO] 成功设置字段 displayName = 10087_tiyusheng (类型: Item)
[15:53:38] [INFO] [Additionalmshookl] [INFO] 成功设置字段 quality = 7 (类型: Item)
[15:53:38] [INFO] [Additionalmshookl] [INFO] 成功设置字段 order = 0 (类型: Item)
[15:53:38] [INFO] [Additionalmshookl] [INFO] [SetItemProperties] 完成基本属性设置，开始处理Tags
[15:53:38] [INFO] [Additionalmshookl] [INFO] [SetItemProperties] 检测到Tags配置，数量: 2
[15:53:38] [INFO] [Additionalmshookl] [INFO] 物品 体育生 的所有标签: DontDropOnDeadInSlot, Totem
[15:53:38] [INFO] [Additionalmshookl] [INFO] [TagUtils-DEBUG] 开始处理标签: DontDropOnDeadInSlot
[15:53:38] [INFO] [TagUtils] ===== GetOrCreateTag方法被调用 =====
[15:53:38] [INFO] [TagUtils] 参数: tagName='DontDropOnDeadInSlot', displayName=''
[15:53:38] [INFO] [TagUtils] FindExistingTag 查找: DontDropOnDeadInSlot
[15:53:38] [INFO] [TagUtils] 找到 134 个Tag对象，开始查找: DontDropOnDeadInSlot
[15:53:38] [INFO] [TagUtils] 通过属性找到匹配的Tag: DontDropOnDeadInSlot
[15:53:38] [INFO] [TagUtils] 找到现有Tag: DontDropOnDeadInSlot
[15:53:38] [INFO] [Additionalmshookl] [INFO] [TagUtils-DEBUG] 标签 DontDropOnDeadInSlot 创建成功: Tag
[15:53:38] [INFO] [Additionalmshookl] [ERROR] 无法获取Tags列表
[15:53:38] [INFO] [Additionalmshookl] [INFO] [TagUtils-DEBUG] 开始处理标签: Totem
[15:53:38] [INFO] [TagUtils] ===== GetOrCreateTag方法被调用 =====
[15:53:38] [INFO] [TagUtils] 参数: tagName='Totem', displayName=''
[15:53:38] [INFO] [TagUtils] FindExistingTag 查找: Totem
[15:53:38] [INFO] [TagUtils] 找到 134 个Tag对象，开始查找: Totem
[15:53:38] [INFO] [TagUtils] 通过属性找到匹配的Tag: Totem
[15:53:38] [INFO] [TagUtils] 找到现有Tag: Totem
[15:53:38] [INFO] [Additionalmshookl] [INFO] [TagUtils-DEBUG] 标签 Totem 创建成功: Tag
[15:53:38] [INFO] [Additionalmshookl] [ERROR] 无法获取Tags列表
[15:53:38] [INFO] [Additionalmshookl] [INFO] 为物品 体育生 添加FoodDrink组件
[15:53:38] [INFO] [Additionalmshookl] [INFO] 物品 体育生 能量值: 0, 口渴值: 0
[15:53:38] [INFO] [Additionalmshookl] [INFO] 正在为 CustomItem_10087 配置 Modifiers...
[15:53:38] [INFO] [Additionalmshookl] [INFO] 成功设置字段 value = -0.3 (类型: ModifierDescription)
[15:53:38] [INFO] [Additionalmshookl] [INFO]   - EnergyCost-EnergyCost 修改成功: 0.3 -> -0.3
[15:53:38] [INFO] [Additionalmshookl] [INFO] 成功设置字段 value = -0.3 (类型: ModifierDescription)
[15:53:38] [INFO] [Additionalmshookl] [INFO]   - WaterCost-WaterCost 修改成功: 0.3 -> -0.3
[15:53:38] [INFO] [Additionalmshookl] [INFO] 属性 WalkSpeed 目标默认设置为 Character (默认)
[15:53:38] [INFO] [Additionalmshookl] [INFO] 成功设置字段 display = True (类型: ModifierDescription)
[15:53:38] [INFO] [Additionalmshookl] [INFO]   - WalkSpeed-WalkSpeed 添加成功: 0.3
[15:53:38] [INFO] [Additionalmshookl] [INFO] 属性 RunSpeed 目标默认设置为 Character (默认)
[15:53:38] [INFO] [Additionalmshookl] [INFO] 成功设置字段 display = True (类型: ModifierDescription)
[15:53:38] [INFO] [Additionalmshookl] [INFO]   - RunSpeed-RunSpeed 添加成功: 0.25
[15:53:38] [INFO] [Additionalmshookl] [INFO] 属性 Stamina 目标设置为 Character (角色属性)
[15:53:38] [INFO] [Additionalmshookl] [INFO] 成功设置字段 display = True (类型: ModifierDescription)
[15:53:38] [INFO] [Additionalmshookl] [INFO]   - 体力-Stamina 添加成功: 30
[15:53:38] [INFO] [Additionalmshookl] [INFO] 属性 StaminaDrainRate 目标默认设置为 Character (默认)
[15:53:38] [INFO] [Additionalmshookl] [INFO] 成功设置字段 display = True (类型: ModifierDescription)
[15:53:38] [INFO] [Additionalmshookl] [INFO]   - StaminaDrainRate-StaminaDrainRate 添加成功: -0.9
[15:53:38] [INFO] [Additionalmshookl] [INFO] 属性 StaminaRecoverRate 目标默认设置为 Character (默认)
[15:53:38] [INFO] [Additionalmshookl] [INFO] 成功设置字段 display = True (类型: ModifierDescription)
[15:53:38] [INFO] [Additionalmshookl] [INFO]   - StaminaRecoverRate-StaminaRecoverRate 添加成功: 0.3
[15:53:38] [INFO] [Additionalmshookl] [INFO] 属性 FoodGain 目标默认设置为 Character (默认)
[15:53:38] [INFO] [Additionalmshookl] [INFO] 成功设置字段 display = True (类型: ModifierDescription)
[15:53:38] [INFO] [Additionalmshookl] [INFO]   - FoodGain-FoodGain 添加成功: 1
[15:53:38] [INFO] [Additionalmshookl] [INFO] 属性 HealGain 目标默认设置为 Character (默认)
[15:53:38] [INFO] [Additionalmshookl] [INFO] 成功设置字段 display = True (类型: ModifierDescription)
[15:53:38] [INFO] [Additionalmshookl] [INFO]   - HealGain-HealGain 添加成功: 0.5
[15:53:38] [INFO] [Additionalmshookl] [INFO] 属性 MaxHealth 目标设置为 Character (角色属性)
[15:53:38] [INFO] [Additionalmshookl] [INFO] 成功设置字段 display = True (类型: ModifierDescription)
[15:53:38] [INFO] [Additionalmshookl] [INFO]   - 最大生命值-MaxHealth 添加成功: 45
[15:53:38] [INFO] [Additionalmshookl] [INFO] 属性 SenseRange 目标默认设置为 Character (默认)
[15:53:38] [INFO] [Additionalmshookl] [INFO] 成功设置字段 display = True (类型: ModifierDescription)
[15:53:38] [INFO] [Additionalmshookl] [INFO]   - SenseRange-SenseRange 添加成功: 1
[15:53:38] [INFO] [Additionalmshookl] [INFO] 属性 WalkSoundRange 目标默认设置为 Character (默认)
[15:53:38] [INFO] [Additionalmshookl] [INFO] 成功设置字段 display = True (类型: ModifierDescription)
[15:53:38] [INFO] [Additionalmshookl] [INFO]   - WalkSoundRange-WalkSoundRange 添加成功: -0.9
[15:53:38] [INFO] [Additionalmshookl] [INFO] 属性 RunSoundRange 目标默认设置为 Character (默认)
[15:53:38] [INFO] [Additionalmshookl] [INFO] 成功设置字段 display = True (类型: ModifierDescription)
[15:53:38] [INFO] [Additionalmshookl] [INFO]   - RunSoundRange-RunSoundRange 添加成功: -0.9
[15:53:38] [INFO] [Additionalmshookl] [INFO] CustomItem_10087: 共修改/移除了 2 个现有 Modifier，添加了 11 个新的 Modifier。
[15:53:38] [INFO] [Additionalmshookl] [INFO] 开始应用防具属性配置
[15:53:38] [INFO] [Additionalmshookl] [INFO] 处理防具属性: MaxHealth(最大生命值) = 45
[15:53:38] [INFO] [Additionalmshookl] [INFO] 成功设置字段 value = 45 (类型: ModifierDescription)
[15:53:38] [INFO] [Additionalmshookl] [INFO] 成功设置字段 display = True (类型: ModifierDescription)
[15:53:38] [INFO] [Additionalmshookl] [INFO]   - 修改现有防具属性: MaxHealth = 45
[15:53:38] [INFO] [Additionalmshookl] [INFO] 防具属性配置应用完成
[15:53:38] [INFO] [Additionalmshookl] [INFO] 物品 体育生 没有配置插槽设置，跳过插槽设置
[15:53:38] [INFO] [Additionalmshookl] [INFO] [原物品Buff分析] 开始分析物品 体育生 (原始ID: 959) 的原生Buff效果
[15:53:38] [INFO] [Additionalmshookl] [INFO] [原物品Buff分析] 物品上有 1 个UsageBehavior组件:
[15:53:38] [INFO] [Additionalmshookl] [INFO]   [0] FoodDrink
[15:53:38] [INFO] [Additionalmshookl] [INFO]       -> 类型: FoodDrink (非AddBuff)
[15:53:38] [INFO] [Additionalmshookl] [INFO] 物品 体育生 没有配置Buff持续时间，跳过修改
[15:53:38] [INFO] [Additionalmshookl] [INFO] [CreateCustomItem] 完成设置物品属性 for 体育生
[15:53:38] [INFO] [Additionalmshookl] [INFO] [CreateCustomItem] 开始设置本地化文本 for 体育生
[15:53:38] [INFO] [Additionalmshookl] [INFO] 设置物品 体育生 描述键: 10087_tiyusheng_Desc
[15:53:38] [INFO] [Additionalmshookl] [INFO] [CreateCustomItem] 完成设置本地化文本 for 体育生
[15:53:38] [INFO] [Additionalmshookl] [INFO] [CreateCustomItem] 开始设置图标 for 体育生
[15:53:38] [INFO] [Additionalmshookl] [INFO] 物品 体育生 未指定图标，使用原始图标
[15:53:38] [INFO] [Additionalmshookl] [INFO] [CreateCustomItem] 完成设置图标 for 体育生
[15:53:38] [INFO] [Additionalmshookl] [INFO] [CreateCustomItem] 完成设置世界模型贴图 for 体育生
[15:53:38] [INFO] [Additionalmshookl] [INFO] [CreateCustomItem] 开始注册物品 for 体育生
[15:53:38] [INFO] [Additionalmshookl] [INFO] 物品注册成功: 10087_tiyusheng (ID: 10087)
[15:53:38] [INFO] [Additionalmshookl] [INFO] [CreateCustomItem] 完成注册物品 for 体育生
[15:53:38] [INFO] Adding formula success: 11087
[15:53:38] [INFO] [Additionalmshookl] [INFO] 为物品 体育生 添加合成配方: 11087
[15:53:38] [INFO] [Additionalmshookl] [INFO] [CreateCustomItem] 准备调用SetupAdditionalSlots for 体育生
[15:53:38] [INFO] [Additionalmshookl] [INFO] [SetupAdditionalSlots] 开始处理物品 体育生 的配件槽配置
[15:53:38] [INFO] [Additionalmshookl] [INFO] [SetupAdditionalSlots] AdditionalSlotTags: 
[15:53:38] [INFO] [Additionalmshookl] [INFO] [SetupAdditionalSlots] AdditionalSlotCount: 0
[15:53:38] [INFO] [Additionalmshookl] [INFO] [SetupAdditionalSlots] ReplaceExistingSlots: False
[15:53:38] [INFO] [Additionalmshookl] [INFO] 物品 体育生 配件槽配置无效或未设置，跳过配件槽添加
[15:53:38] [INFO] [Additionalmshookl] [INFO] [CreateCustomItem] 准备调用SetupDecomposeFormula for 体育生
[15:53:38] [INFO] [Additionalmshookl] [INFO] [SetupDecomposeFormula] 开始处理物品 体育生 的分解配方，EnableDecompose: False
[15:53:38] [INFO] [Additionalmshookl] [INFO] [CreateCustomItem] 完成所有方法调用 for 体育生
[15:53:38] [INFO] [Additionalmshookl] [INFO] [CreateCustomItem] CreateCustomItem方法成功完成 for 体育生
[15:53:38] [INFO] [Additionalmshookl] [INFO] [MShook-DEBUG] CreateCustomItem方法调用完成
[15:53:38] [INFO] [Additionalmshookl] [INFO] 成功处理配置: 体育生 (ID: 10087) 来自 10087_体育生.json
[15:53:38] [INFO] [Additionalmshookl] [INFO] 配置文件 101166_改进方块收集装置.json 中设置的NewItemId: 101166
[15:53:38] [INFO] [Additionalmshookl] [INFO] [MShook-DEBUG] 正在处理配置: 101166_改进方块收集装置.json 中的物品 改进方块收集装置
[15:53:38] [INFO] [Additionalmshookl] [INFO] [MShook-DEBUG] 即将调用CreateCustomItem方法
[15:53:38] [INFO] [Additionalmshookl] [INFO] ========== CreateCustomItem 开始处理物品: 改进方块收集装置 ==========
[15:53:38] [INFO] [Additionalmshookl] [INFO] 配置原始ID: 1166, 新ID: 101166
[15:53:38] [INFO] [Additionalmshookl] [INFO] 开始处理物品: 改进方块收集装置，原始ID: 1166，配置的新ID: 101166
[15:53:38] [INFO] [Additionalmshookl] [INFO] 为物品 改进方块收集装置 生成的唯一键: 1815075522
[15:53:38] [INFO] [Additionalmshookl] [INFO] 为物品 改进方块收集装置 使用已保存的ID: 101166
[15:53:38] [INFO] [Additionalmshookl] [INFO] 将ID 101166 添加到已使用列表
[15:53:38] [INFO] [Additionalmshookl] [INFO] [CreateCustomItem] 开始设置物品属性 for 改进方块收集装置
[15:53:38] [INFO] [Additionalmshookl] [INFO] [SetItemProperties] 开始设置物品 改进方块收集装置 的基本属性
[15:53:38] [INFO] [Additionalmshookl] [INFO] 成功设置字段 typeID = 101166 (类型: Item)
[15:53:38] [INFO] [Additionalmshookl] [INFO] 成功设置字段 weight = 6 (类型: Item)
[15:53:38] [INFO] [Additionalmshookl] [INFO] 成功设置字段 value = 30000 (类型: Item)
[15:53:38] [INFO] [Additionalmshookl] [INFO] 成功设置字段 displayName = fangkuai_101166 (类型: Item)
[15:53:38] [INFO] [Additionalmshookl] [INFO] 成功设置字段 quality = 6 (类型: Item)
[15:53:38] [INFO] [Additionalmshookl] [INFO] 成功设置字段 order = 0 (类型: Item)
[15:53:38] [INFO] [Additionalmshookl] [INFO] [SetItemProperties] 完成基本属性设置，开始处理Tags
[15:53:38] [INFO] [Additionalmshookl] [INFO] [SetItemProperties] 检测到Tags配置，数量: 4
[15:53:38] [INFO] [Additionalmshookl] [INFO] 物品 改进方块收集装置 的所有标签: DontDropOnDeadInSlot, Backpack, Equipment, Special
[15:53:38] [INFO] [Additionalmshookl] [INFO] [TagUtils-DEBUG] 开始处理标签: DontDropOnDeadInSlot
[15:53:38] [INFO] [TagUtils] ===== GetOrCreateTag方法被调用 =====
[15:53:38] [INFO] [TagUtils] 参数: tagName='DontDropOnDeadInSlot', displayName=''
[15:53:38] [INFO] [TagUtils] FindExistingTag 查找: DontDropOnDeadInSlot
[15:53:38] [INFO] [TagUtils] 找到 134 个Tag对象，开始查找: DontDropOnDeadInSlot
[15:53:38] [INFO] [TagUtils] 通过属性找到匹配的Tag: DontDropOnDeadInSlot
[15:53:38] [INFO] [TagUtils] 找到现有Tag: DontDropOnDeadInSlot
[15:53:38] [INFO] [Additionalmshookl] [INFO] [TagUtils-DEBUG] 标签 DontDropOnDeadInSlot 创建成功: Tag
[15:53:38] [INFO] [Additionalmshookl] [ERROR] 无法获取Tags列表
[15:53:38] [INFO] [Additionalmshookl] [INFO] [TagUtils-DEBUG] 开始处理标签: Backpack
[15:53:38] [INFO] [TagUtils] ===== GetOrCreateTag方法被调用 =====
[15:53:38] [INFO] [TagUtils] 参数: tagName='Backpack', displayName=''
[15:53:38] [INFO] [TagUtils] FindExistingTag 查找: Backpack
[15:53:38] [INFO] [TagUtils] 找到 134 个Tag对象，开始查找: Backpack
[15:53:38] [INFO] [TagUtils] 通过属性找到匹配的Tag: Backpack
[15:53:38] [INFO] [TagUtils] 找到现有Tag: Backpack
[15:53:38] [INFO] [Additionalmshookl] [INFO] [TagUtils-DEBUG] 标签 Backpack 创建成功: Tag
[15:53:38] [INFO] [Additionalmshookl] [ERROR] 无法获取Tags列表
[15:53:38] [INFO] [Additionalmshookl] [INFO] [TagUtils-DEBUG] 开始处理标签: Equipment
[15:53:38] [INFO] [TagUtils] ===== GetOrCreateTag方法被调用 =====
[15:53:38] [INFO] [TagUtils] 参数: tagName='Equipment', displayName=''
[15:53:38] [INFO] [TagUtils] FindExistingTag 查找: Equipment
[15:53:38] [INFO] [TagUtils] 找到 134 个Tag对象，开始查找: Equipment
[15:53:38] [INFO] [TagUtils] 通过属性找到匹配的Tag: Equipment
[15:53:38] [INFO] [TagUtils] 找到现有Tag: Equipment
[15:53:38] [INFO] [Additionalmshookl] [INFO] [TagUtils-DEBUG] 标签 Equipment 创建成功: Tag
[15:53:38] [INFO] [Additionalmshookl] [ERROR] 无法获取Tags列表
[15:53:38] [INFO] [Additionalmshookl] [INFO] [TagUtils-DEBUG] 开始处理标签: Special
[15:53:38] [INFO] [TagUtils] ===== GetOrCreateTag方法被调用 =====
[15:53:38] [INFO] [TagUtils] 参数: tagName='Special', displayName=''
[15:53:38] [INFO] [TagUtils] FindExistingTag 查找: Special
[15:53:38] [INFO] [TagUtils] 找到 134 个Tag对象，开始查找: Special
[15:53:38] [INFO] [TagUtils] 通过属性找到匹配的Tag: Special
[15:53:38] [INFO] [TagUtils] 找到现有Tag: Special
[15:53:38] [INFO] [Additionalmshookl] [INFO] [TagUtils-DEBUG] 标签 Special 创建成功: Tag
[15:53:38] [INFO] [Additionalmshookl] [ERROR] 无法获取Tags列表
[15:53:38] [INFO] [Additionalmshookl] [INFO] 为物品 改进方块收集装置 添加FoodDrink组件
[15:53:38] [INFO] [Additionalmshookl] [INFO] 物品 改进方块收集装置 能量值: 0, 口渴值: 0
[15:53:38] [INFO] [Additionalmshookl] [INFO] 正在为 CustomItem_101166 配置 Modifiers...
[15:53:38] [INFO] [Additionalmshookl] [INFO] 成功设置字段 value = 30 (类型: ModifierDescription)
[15:53:38] [INFO] [Additionalmshookl] [INFO]   - MaxWeight-MaxWeight 修改成功: 15 -> 30
[15:53:38] [INFO] [Additionalmshookl] [INFO] 成功设置字段 value = 30 (类型: ModifierDescription)
[15:53:38] [INFO] [Additionalmshookl] [INFO]   - InventoryCapacity-InventoryCapacity 修改成功: 12 -> 30
[15:53:38] [INFO] [Additionalmshookl] [INFO] 属性 BodyArmor 目标设置为 Character (角色属性)
[15:53:38] [INFO] [Additionalmshookl] [INFO] 成功设置字段 display = True (类型: ModifierDescription)
[15:53:38] [INFO] [Additionalmshookl] [INFO]   - 身体护甲-BodyArmor 添加成功: 1
[15:53:38] [INFO] [Additionalmshookl] [INFO] 属性 ElementFactor_Physics 目标设置为 Character (角色属性)
[15:53:38] [INFO] [Additionalmshookl] [INFO] 成功设置字段 display = True (类型: ModifierDescription)
[15:53:38] [INFO] [Additionalmshookl] [INFO]   - 物理元素抵抗-ElementFactor_Physics 添加成功: -0.1
[15:53:38] [INFO] [Additionalmshookl] [INFO] 属性 ElementFactor_Fire 目标设置为 Character (角色属性)
[15:53:38] [INFO] [Additionalmshookl] [INFO] 成功设置字段 display = True (类型: ModifierDescription)
[15:53:38] [INFO] [Additionalmshookl] [INFO]   - 火焰元素抵抗-ElementFactor_Fire 添加成功: -0.1
[15:53:38] [INFO] [Additionalmshookl] [INFO] 属性 ElementFactor_Poison 目标设置为 Character (角色属性)
[15:53:38] [INFO] [Additionalmshookl] [INFO] 成功设置字段 display = True (类型: ModifierDescription)
[15:53:38] [INFO] [Additionalmshookl] [INFO]   - 毒素元素抵抗-ElementFactor_Poison 添加成功: -0.1
[15:53:38] [INFO] [Additionalmshookl] [INFO] 属性 ElementFactor_Electricity 目标设置为 Character (角色属性)
[15:53:38] [INFO] [Additionalmshookl] [INFO] 成功设置字段 display = True (类型: ModifierDescription)
[15:53:38] [INFO] [Additionalmshookl] [INFO]   - 电击元素抵抗-ElementFactor_Electricity 添加成功: -0.1
[15:53:38] [INFO] [Additionalmshookl] [INFO] 属性 ElementFactor_Space 目标设置为 Character (角色属性)
[15:53:38] [INFO] [Additionalmshookl] [INFO] 成功设置字段 display = True (类型: ModifierDescription)
[15:53:38] [INFO] [Additionalmshookl] [INFO]   - 空间元素抵抗-ElementFactor_Space 添加成功: -0.1
[15:53:38] [INFO] [Additionalmshookl] [INFO] 属性 StormProtection 目标默认设置为 Character (默认)
[15:53:38] [INFO] [Additionalmshookl] [INFO] 成功设置字段 display = True (类型: ModifierDescription)
[15:53:38] [INFO] [Additionalmshookl] [INFO]   - StormProtection-StormProtection 添加成功: 2
[15:53:38] [INFO] [Additionalmshookl] [INFO] CustomItem_101166: 共修改/移除了 2 个现有 Modifier，添加了 7 个新的 Modifier。
[15:53:38] [INFO] [Additionalmshookl] [INFO] 开始应用防具属性配置
[15:53:38] [INFO] [Additionalmshookl] [INFO] 处理防具属性: BodyArmor(身体护甲) = 1
[15:53:38] [INFO] [Additionalmshookl] [INFO] 成功设置字段 value = 1 (类型: ModifierDescription)
[15:53:38] [INFO] [Additionalmshookl] [INFO] 成功设置字段 display = True (类型: ModifierDescription)
[15:53:38] [INFO] [Additionalmshookl] [INFO]   - 修改现有防具属性: BodyArmor = 1
[15:53:38] [INFO] [Additionalmshookl] [INFO] 处理防具属性: ElementFactor_Physics(物理元素抵抗) = -0.1
[15:53:38] [INFO] [Additionalmshookl] [INFO] 成功设置字段 value = -0.1 (类型: ModifierDescription)
[15:53:38] [INFO] [Additionalmshookl] [INFO] 成功设置字段 display = True (类型: ModifierDescription)
[15:53:38] [INFO] [Additionalmshookl] [INFO]   - 修改现有防具属性: ElementFactor_Physics = -0.1
[15:53:38] [INFO] [Additionalmshookl] [INFO] 处理防具属性: ElementFactor_Fire(火焰元素抵抗) = -0.1
[15:53:38] [INFO] [Additionalmshookl] [INFO] 成功设置字段 value = -0.1 (类型: ModifierDescription)
[15:53:38] [INFO] [Additionalmshookl] [INFO] 成功设置字段 display = True (类型: ModifierDescription)
[15:53:38] [INFO] [Additionalmshookl] [INFO]   - 修改现有防具属性: ElementFactor_Fire = -0.1
[15:53:38] [INFO] [Additionalmshookl] [INFO] 处理防具属性: ElementFactor_Poison(毒素元素抵抗) = -0.1
[15:53:38] [INFO] [Additionalmshookl] [INFO] 成功设置字段 value = -0.1 (类型: ModifierDescription)
[15:53:38] [INFO] [Additionalmshookl] [INFO] 成功设置字段 display = True (类型: ModifierDescription)
[15:53:38] [INFO] [Additionalmshookl] [INFO]   - 修改现有防具属性: ElementFactor_Poison = -0.1
[15:53:38] [INFO] [Additionalmshookl] [INFO] 处理防具属性: ElementFactor_Electricity(电击元素抵抗) = -0.1
[15:53:38] [INFO] [Additionalmshookl] [INFO] 成功设置字段 value = -0.1 (类型: ModifierDescription)
[15:53:38] [INFO] [Additionalmshookl] [INFO] 成功设置字段 display = True (类型: ModifierDescription)
[15:53:38] [INFO] [Additionalmshookl] [INFO]   - 修改现有防具属性: ElementFactor_Electricity = -0.1
[15:53:38] [INFO] [Additionalmshookl] [INFO] 处理防具属性: ElementFactor_Space(空间元素抵抗) = -0.1
[15:53:38] [INFO] [Additionalmshookl] [INFO] 成功设置字段 value = -0.1 (类型: ModifierDescription)
[15:53:38] [INFO] [Additionalmshookl] [INFO] 成功设置字段 display = True (类型: ModifierDescription)
[15:53:38] [INFO] [Additionalmshookl] [INFO]   - 修改现有防具属性: ElementFactor_Space = -0.1
[15:53:38] [INFO] [Additionalmshookl] [INFO] 防具属性配置应用完成
[15:53:38] [INFO] [Additionalmshookl] [INFO] 物品 改进方块收集装置 没有配置插槽设置，跳过插槽设置
[15:53:38] [INFO] [Additionalmshookl] [INFO] [原物品Buff分析] 开始分析物品 改进方块收集装置 (原始ID: 1166) 的原生Buff效果
[15:53:38] [INFO] [Additionalmshookl] [INFO] [原物品Buff分析] 物品上有 1 个UsageBehavior组件:
[15:53:38] [INFO] [Additionalmshookl] [INFO]   [0] FoodDrink
[15:53:38] [INFO] [Additionalmshookl] [INFO]       -> 类型: FoodDrink (非AddBuff)
[15:53:38] [INFO] [Additionalmshookl] [INFO] 物品 改进方块收集装置 没有配置Buff持续时间，跳过修改
[15:53:38] [INFO] [Additionalmshookl] [INFO] [CreateCustomItem] 完成设置物品属性 for 改进方块收集装置
[15:53:38] [INFO] [Additionalmshookl] [INFO] [CreateCustomItem] 开始设置本地化文本 for 改进方块收集装置
[15:53:38] [INFO] [Additionalmshookl] [INFO] 设置物品 改进方块收集装置 描述键: fangkuai_101166_Desc
[15:53:38] [INFO] [Additionalmshookl] [INFO] [CreateCustomItem] 完成设置本地化文本 for 改进方块收集装置
[15:53:38] [INFO] [Additionalmshookl] [INFO] [CreateCustomItem] 开始设置图标 for 改进方块收集装置
[15:53:38] [INFO] [Additionalmshookl] [INFO] 从模块文件夹加载图标: D:\SteamLibrary\steamapps\workshop\content\3167020\3594555015\icons\101166.png
[15:53:38] [INFO] [Additionalmshookl] [INFO] 加载UI图标成功: 101166.png
[15:53:38] [INFO] [Additionalmshookl] [INFO] [CreateCustomItem] 完成设置图标 for 改进方块收集装置
[15:53:38] [INFO] [Additionalmshookl] [INFO] [CreateCustomItem] 完成设置世界模型贴图 for 改进方块收集装置
[15:53:38] [INFO] [Additionalmshookl] [INFO] [CreateCustomItem] 开始注册物品 for 改进方块收集装置
[15:53:38] [INFO] [Additionalmshookl] [INFO] 物品注册成功: fangkuai_101166 (ID: 101166)
[15:53:38] [INFO] [Additionalmshookl] [INFO] [CreateCustomItem] 完成注册物品 for 改进方块收集装置
[15:53:38] [INFO] Adding formula success: 101167
[15:53:38] [INFO] [Additionalmshookl] [INFO] 为物品 改进方块收集装置 添加合成配方: 101167
[15:53:38] [INFO] [Additionalmshookl] [INFO] [CreateCustomItem] 准备调用SetupAdditionalSlots for 改进方块收集装置
[15:53:38] [INFO] [Additionalmshookl] [INFO] [SetupAdditionalSlots] 开始处理物品 改进方块收集装置 的配件槽配置
[15:53:38] [INFO] [Additionalmshookl] [INFO] [SetupAdditionalSlots] AdditionalSlotTags: 
[15:53:38] [INFO] [Additionalmshookl] [INFO] [SetupAdditionalSlots] AdditionalSlotCount: 0
[15:53:38] [INFO] [Additionalmshookl] [INFO] [SetupAdditionalSlots] ReplaceExistingSlots: False
[15:53:38] [INFO] [Additionalmshookl] [INFO] 物品 改进方块收集装置 配件槽配置无效或未设置，跳过配件槽添加
[15:53:38] [INFO] [Additionalmshookl] [INFO] [CreateCustomItem] 准备调用SetupDecomposeFormula for 改进方块收集装置
[15:53:38] [INFO] [Additionalmshookl] [INFO] [SetupDecomposeFormula] 开始处理物品 改进方块收集装置 的分解配方，EnableDecompose: False
[15:53:38] [INFO] [Additionalmshookl] [INFO] [CreateCustomItem] 完成所有方法调用 for 改进方块收集装置
[15:53:38] [INFO] [Additionalmshookl] [INFO] [CreateCustomItem] CreateCustomItem方法成功完成 for 改进方块收集装置
[15:53:38] [INFO] [Additionalmshookl] [INFO] [MShook-DEBUG] CreateCustomItem方法调用完成
[15:53:38] [INFO] [Additionalmshookl] [INFO] 成功处理配置: 改进方块收集装置 (ID: 101166) 来自 101166_改进方块收集装置.json
[15:53:38] [INFO] [Additionalmshookl] [INFO] 配置文件 10322_战士4.json 中设置的NewItemId: 10322
[15:53:38] [INFO] [Additionalmshookl] [INFO] [MShook-DEBUG] 正在处理配置: 10322_战士4.json 中的物品 战士Ⅳ
[15:53:38] [INFO] [Additionalmshookl] [INFO] [MShook-DEBUG] 即将调用CreateCustomItem方法
[15:53:38] [INFO] [Additionalmshookl] [INFO] ========== CreateCustomItem 开始处理物品: 战士Ⅳ ==========
[15:53:38] [INFO] [Additionalmshookl] [INFO] 配置原始ID: 322, 新ID: 10322
[15:53:38] [INFO] [Additionalmshookl] [INFO] 开始处理物品: 战士Ⅳ，原始ID: 322，配置的新ID: 10322
[15:53:38] [INFO] [Additionalmshookl] [INFO] 为物品 战士Ⅳ 生成的唯一键: 1114061595
[15:53:38] [INFO] [Additionalmshookl] [INFO] 为物品 战士Ⅳ 使用已保存的ID: 10322
[15:53:38] [INFO] [Additionalmshookl] [INFO] 将ID 10322 添加到已使用列表
[15:53:38] [INFO] [Additionalmshookl] [INFO] [CreateCustomItem] 开始设置物品属性 for 战士Ⅳ
[15:53:38] [INFO] [Additionalmshookl] [INFO] [SetItemProperties] 开始设置物品 战士Ⅳ 的基本属性
[15:53:38] [INFO] [Additionalmshookl] [INFO] 成功设置字段 typeID = 10322 (类型: Item)
[15:53:38] [INFO] [Additionalmshookl] [INFO] 成功设置字段 weight = 0.3 (类型: Item)
[15:53:38] [INFO] [Additionalmshookl] [INFO] 成功设置字段 value = 10000 (类型: Item)
[15:53:38] [INFO] [Additionalmshookl] [INFO] 成功设置字段 displayName = zhanshi_10322 (类型: Item)
[15:53:38] [INFO] [Additionalmshookl] [INFO] 成功设置字段 quality = 6 (类型: Item)
[15:53:38] [INFO] [Additionalmshookl] [INFO] 成功设置字段 order = 0 (类型: Item)
[15:53:38] [INFO] [Additionalmshookl] [INFO] [SetItemProperties] 完成基本属性设置，开始处理Tags
[15:53:38] [INFO] [Additionalmshookl] [INFO] [SetItemProperties] 检测到Tags配置，数量: 2
[15:53:38] [INFO] [Additionalmshookl] [INFO] 物品 战士Ⅳ 的所有标签: DontDropOnDeadInSlot, Totem
[15:53:38] [INFO] [Additionalmshookl] [INFO] [TagUtils-DEBUG] 开始处理标签: DontDropOnDeadInSlot
[15:53:38] [INFO] [TagUtils] ===== GetOrCreateTag方法被调用 =====
[15:53:38] [INFO] [TagUtils] 参数: tagName='DontDropOnDeadInSlot', displayName=''
[15:53:38] [INFO] [TagUtils] FindExistingTag 查找: DontDropOnDeadInSlot
[15:53:38] [INFO] [TagUtils] 找到 134 个Tag对象，开始查找: DontDropOnDeadInSlot
[15:53:38] [INFO] [TagUtils] 通过属性找到匹配的Tag: DontDropOnDeadInSlot
[15:53:38] [INFO] [TagUtils] 找到现有Tag: DontDropOnDeadInSlot
[15:53:38] [INFO] [Additionalmshookl] [INFO] [TagUtils-DEBUG] 标签 DontDropOnDeadInSlot 创建成功: Tag
[15:53:38] [INFO] [Additionalmshookl] [ERROR] 无法获取Tags列表
[15:53:38] [INFO] [Additionalmshookl] [INFO] [TagUtils-DEBUG] 开始处理标签: Totem
[15:53:38] [INFO] [TagUtils] ===== GetOrCreateTag方法被调用 =====
[15:53:38] [INFO] [TagUtils] 参数: tagName='Totem', displayName=''
[15:53:38] [INFO] [TagUtils] FindExistingTag 查找: Totem
[15:53:38] [INFO] [TagUtils] 找到 134 个Tag对象，开始查找: Totem
[15:53:38] [INFO] [TagUtils] 通过属性找到匹配的Tag: Totem
[15:53:38] [INFO] [TagUtils] 找到现有Tag: Totem
[15:53:38] [INFO] [Additionalmshookl] [INFO] [TagUtils-DEBUG] 标签 Totem 创建成功: Tag
[15:53:38] [INFO] [Additionalmshookl] [ERROR] 无法获取Tags列表
[15:53:38] [INFO] [Additionalmshookl] [INFO] 为物品 战士Ⅳ 添加FoodDrink组件
[15:53:38] [INFO] [Additionalmshookl] [INFO] 物品 战士Ⅳ 能量值: 0, 口渴值: 0
[15:53:38] [INFO] [Additionalmshookl] [INFO] 正在为 CustomItem_10322 配置 Modifiers...
[15:53:38] [INFO] [Additionalmshookl] [INFO] 成功设置字段 value = 0.8 (类型: ModifierDescription)
[15:53:38] [INFO] [Additionalmshookl] [INFO]   - MeleeDamageMultiplier-MeleeDamageMultiplier 修改成功: 0.25 -> 0.8
[15:53:38] [INFO] [Additionalmshookl] [INFO] CustomItem_10322: 共修改/移除了 1 个现有 Modifier，添加了 0 个新的 Modifier。
[15:53:38] [INFO] [Additionalmshookl] [INFO] 开始应用防具属性配置
[15:53:38] [INFO] [Additionalmshookl] [INFO] 防具属性配置应用完成
[15:53:38] [INFO] [Additionalmshookl] [INFO] 物品 战士Ⅳ 没有配置插槽设置，跳过插槽设置
[15:53:38] [INFO] [Additionalmshookl] [INFO] [原物品Buff分析] 开始分析物品 战士Ⅳ (原始ID: 322) 的原生Buff效果
[15:53:38] [INFO] [Additionalmshookl] [INFO] [原物品Buff分析] 物品上有 1 个UsageBehavior组件:
[15:53:38] [INFO] [Additionalmshookl] [INFO]   [0] FoodDrink
[15:53:38] [INFO] [Additionalmshookl] [INFO]       -> 类型: FoodDrink (非AddBuff)
[15:53:38] [INFO] [Additionalmshookl] [INFO] 物品 战士Ⅳ 没有配置Buff持续时间，跳过修改
[15:53:38] [INFO] [Additionalmshookl] [INFO] [CreateCustomItem] 完成设置物品属性 for 战士Ⅳ
[15:53:38] [INFO] [Additionalmshookl] [INFO] [CreateCustomItem] 开始设置本地化文本 for 战士Ⅳ
[15:53:38] [INFO] [Additionalmshookl] [INFO] 设置物品 战士Ⅳ 描述键: zhanshi_10322_Desc
[15:53:38] [INFO] [Additionalmshookl] [INFO] [CreateCustomItem] 完成设置本地化文本 for 战士Ⅳ
[15:53:38] [INFO] [Additionalmshookl] [INFO] [CreateCustomItem] 开始设置图标 for 战士Ⅳ
[15:53:38] [INFO] [Additionalmshookl] [INFO] 物品 战士Ⅳ 未指定图标，使用原始图标
[15:53:38] [INFO] [Additionalmshookl] [INFO] [CreateCustomItem] 完成设置图标 for 战士Ⅳ
[15:53:38] [INFO] [Additionalmshookl] [INFO] [CreateCustomItem] 完成设置世界模型贴图 for 战士Ⅳ
[15:53:38] [INFO] [Additionalmshookl] [INFO] [CreateCustomItem] 开始注册物品 for 战士Ⅳ
[15:53:38] [INFO] [Additionalmshookl] [INFO] 物品注册成功: zhanshi_10322 (ID: 10322)
[15:53:38] [INFO] [Additionalmshookl] [INFO] [CreateCustomItem] 完成注册物品 for 战士Ⅳ
[15:53:38] [INFO] [Additionalmshookl] [INFO] [CreateCustomItem] 准备调用SetupAdditionalSlots for 战士Ⅳ
[15:53:38] [INFO] [Additionalmshookl] [INFO] [SetupAdditionalSlots] 开始处理物品 战士Ⅳ 的配件槽配置
[15:53:38] [INFO] [Additionalmshookl] [INFO] [SetupAdditionalSlots] AdditionalSlotTags: 
[15:53:38] [INFO] [Additionalmshookl] [INFO] [SetupAdditionalSlots] AdditionalSlotCount: 0
[15:53:38] [INFO] [Additionalmshookl] [INFO] [SetupAdditionalSlots] ReplaceExistingSlots: False
[15:53:38] [INFO] [Additionalmshookl] [INFO] 物品 战士Ⅳ 配件槽配置无效或未设置，跳过配件槽添加
[15:53:38] [INFO] [Additionalmshookl] [INFO] [CreateCustomItem] 准备调用SetupDecomposeFormula for 战士Ⅳ
[15:53:38] [INFO] [Additionalmshookl] [INFO] [SetupDecomposeFormula] 开始处理物品 战士Ⅳ 的分解配方，EnableDecompose: False
[15:53:38] [INFO] [Additionalmshookl] [INFO] [CreateCustomItem] 完成所有方法调用 for 战士Ⅳ
[15:53:38] [INFO] [Additionalmshookl] [INFO] [CreateCustomItem] CreateCustomItem方法成功完成 for 战士Ⅳ
[15:53:38] [INFO] [Additionalmshookl] [INFO] [MShook-DEBUG] CreateCustomItem方法调用完成
[15:53:38] [INFO] [Additionalmshookl] [INFO] 成功处理配置: 战士Ⅳ (ID: 10322) 来自 10322_战士4.json
[15:53:38] [INFO] [Additionalmshookl] [INFO] 配置文件 10324_轻盈4.json 中设置的NewItemId: 10324
[15:53:38] [INFO] [Additionalmshookl] [INFO] [MShook-DEBUG] 正在处理配置: 10324_轻盈4.json 中的物品 轻盈Ⅳ
[15:53:38] [INFO] [Additionalmshookl] [INFO] [MShook-DEBUG] 即将调用CreateCustomItem方法
[15:53:38] [INFO] [Additionalmshookl] [INFO] ========== CreateCustomItem 开始处理物品: 轻盈Ⅳ ==========
[15:53:38] [INFO] [Additionalmshookl] [INFO] 配置原始ID: 324, 新ID: 10324
[15:53:38] [INFO] [Additionalmshookl] [INFO] 开始处理物品: 轻盈Ⅳ，原始ID: 324，配置的新ID: 10324
[15:53:38] [INFO] [Additionalmshookl] [INFO] 为物品 轻盈Ⅳ 生成的唯一键: 314058531
[15:53:38] [INFO] [Additionalmshookl] [INFO] 为物品 轻盈Ⅳ 使用已保存的ID: 10324
[15:53:38] [INFO] [Additionalmshookl] [INFO] 将ID 10324 添加到已使用列表
[15:53:38] [INFO] [Additionalmshookl] [INFO] [CreateCustomItem] 开始设置物品属性 for 轻盈Ⅳ
[15:53:38] [INFO] [Additionalmshookl] [INFO] [SetItemProperties] 开始设置物品 轻盈Ⅳ 的基本属性
[15:53:38] [INFO] [Additionalmshookl] [INFO] 成功设置字段 typeID = 10324 (类型: Item)
[15:53:38] [INFO] [Additionalmshookl] [INFO] 成功设置字段 weight = 0.3 (类型: Item)
[15:53:38] [INFO] [Additionalmshookl] [INFO] 成功设置字段 value = 10000 (类型: Item)
[15:53:38] [INFO] [Additionalmshookl] [INFO] 成功设置字段 displayName = qingying_10324 (类型: Item)
[15:53:38] [INFO] [Additionalmshookl] [INFO] 成功设置字段 quality = 6 (类型: Item)
[15:53:38] [INFO] [Additionalmshookl] [INFO] 成功设置字段 order = 0 (类型: Item)
[15:53:38] [INFO] [Additionalmshookl] [INFO] [SetItemProperties] 完成基本属性设置，开始处理Tags
[15:53:38] [INFO] [Additionalmshookl] [INFO] [SetItemProperties] 检测到Tags配置，数量: 2
[15:53:38] [INFO] [Additionalmshookl] [INFO] 物品 轻盈Ⅳ 的所有标签: DontDropOnDeadInSlot, Totem
[15:53:38] [INFO] [Additionalmshookl] [INFO] [TagUtils-DEBUG] 开始处理标签: DontDropOnDeadInSlot
[15:53:38] [INFO] [TagUtils] ===== GetOrCreateTag方法被调用 =====
[15:53:38] [INFO] [TagUtils] 参数: tagName='DontDropOnDeadInSlot', displayName=''
[15:53:38] [INFO] [TagUtils] FindExistingTag 查找: DontDropOnDeadInSlot
[15:53:38] [INFO] [TagUtils] 找到 134 个Tag对象，开始查找: DontDropOnDeadInSlot
[15:53:38] [INFO] [TagUtils] 通过属性找到匹配的Tag: DontDropOnDeadInSlot
[15:53:38] [INFO] [TagUtils] 找到现有Tag: DontDropOnDeadInSlot
[15:53:38] [INFO] [Additionalmshookl] [INFO] [TagUtils-DEBUG] 标签 DontDropOnDeadInSlot 创建成功: Tag
[15:53:38] [INFO] [Additionalmshookl] [ERROR] 无法获取Tags列表
[15:53:38] [INFO] [Additionalmshookl] [INFO] [TagUtils-DEBUG] 开始处理标签: Totem
[15:53:38] [INFO] [TagUtils] ===== GetOrCreateTag方法被调用 =====
[15:53:38] [INFO] [TagUtils] 参数: tagName='Totem', displayName=''
[15:53:38] [INFO] [TagUtils] FindExistingTag 查找: Totem
[15:53:38] [INFO] [TagUtils] 找到 134 个Tag对象，开始查找: Totem
[15:53:38] [INFO] [TagUtils] 通过属性找到匹配的Tag: Totem
[15:53:38] [INFO] [TagUtils] 找到现有Tag: Totem
[15:53:38] [INFO] [Additionalmshookl] [INFO] [TagUtils-DEBUG] 标签 Totem 创建成功: Tag
[15:53:38] [INFO] [Additionalmshookl] [ERROR] 无法获取Tags列表
[15:53:38] [INFO] [Additionalmshookl] [INFO] 为物品 轻盈Ⅳ 添加FoodDrink组件
[15:53:38] [INFO] [Additionalmshookl] [INFO] 物品 轻盈Ⅳ 能量值: 0, 口渴值: 0
[15:53:38] [INFO] [Additionalmshookl] [INFO] 正在为 CustomItem_10324 配置 Modifiers...
[15:53:38] [INFO] [Additionalmshookl] [INFO] 成功设置字段 value = 0.25 (类型: ModifierDescription)
[15:53:38] [INFO] [Additionalmshookl] [INFO]   - RunSpeed-RunSpeed 修改成功: 0.1 -> 0.25
[15:53:38] [INFO] [Additionalmshookl] [INFO] 成功设置字段 value = 0.3 (类型: ModifierDescription)
[15:53:38] [INFO] [Additionalmshookl] [INFO]   - WalkSpeed-WalkSpeed 修改成功: 0.1 -> 0.3
[15:53:38] [INFO] [Additionalmshookl] [INFO] CustomItem_10324: 共修改/移除了 2 个现有 Modifier，添加了 0 个新的 Modifier。
[15:53:38] [INFO] [Additionalmshookl] [INFO] 开始应用防具属性配置
[15:53:38] [INFO] [Additionalmshookl] [INFO] 防具属性配置应用完成
[15:53:38] [INFO] [Additionalmshookl] [INFO] 物品 轻盈Ⅳ 没有配置插槽设置，跳过插槽设置
[15:53:38] [INFO] [Additionalmshookl] [INFO] [原物品Buff分析] 开始分析物品 轻盈Ⅳ (原始ID: 324) 的原生Buff效果
[15:53:38] [INFO] [Additionalmshookl] [INFO] [原物品Buff分析] 物品上有 1 个UsageBehavior组件:
[15:53:38] [INFO] [Additionalmshookl] [INFO]   [0] FoodDrink
[15:53:38] [INFO] [Additionalmshookl] [INFO]       -> 类型: FoodDrink (非AddBuff)
[15:53:38] [INFO] [Additionalmshookl] [INFO] 物品 轻盈Ⅳ 没有配置Buff持续时间，跳过修改
[15:53:38] [INFO] [Additionalmshookl] [INFO] [CreateCustomItem] 完成设置物品属性 for 轻盈Ⅳ
[15:53:38] [INFO] [Additionalmshookl] [INFO] [CreateCustomItem] 开始设置本地化文本 for 轻盈Ⅳ
[15:53:38] [INFO] [Additionalmshookl] [INFO] 设置物品 轻盈Ⅳ 描述键: qingying_10324_Desc
[15:53:38] [INFO] [Additionalmshookl] [INFO] [CreateCustomItem] 完成设置本地化文本 for 轻盈Ⅳ
[15:53:38] [INFO] [Additionalmshookl] [INFO] [CreateCustomItem] 开始设置图标 for 轻盈Ⅳ
[15:53:38] [INFO] [Additionalmshookl] [INFO] 物品 轻盈Ⅳ 未指定图标，使用原始图标
[15:53:38] [INFO] [Additionalmshookl] [INFO] [CreateCustomItem] 完成设置图标 for 轻盈Ⅳ
[15:53:38] [INFO] [Additionalmshookl] [INFO] [CreateCustomItem] 完成设置世界模型贴图 for 轻盈Ⅳ
[15:53:38] [INFO] [Additionalmshookl] [INFO] [CreateCustomItem] 开始注册物品 for 轻盈Ⅳ
[15:53:38] [INFO] [Additionalmshookl] [INFO] 物品注册成功: qingying_10324 (ID: 10324)
[15:53:38] [INFO] [Additionalmshookl] [INFO] [CreateCustomItem] 完成注册物品 for 轻盈Ⅳ
[15:53:38] [INFO] [Additionalmshookl] [INFO] [CreateCustomItem] 准备调用SetupAdditionalSlots for 轻盈Ⅳ
[15:53:38] [INFO] [Additionalmshookl] [INFO] [SetupAdditionalSlots] 开始处理物品 轻盈Ⅳ 的配件槽配置
[15:53:38] [INFO] [Additionalmshookl] [INFO] [SetupAdditionalSlots] AdditionalSlotTags: 
[15:53:38] [INFO] [Additionalmshookl] [INFO] [SetupAdditionalSlots] AdditionalSlotCount: 0
[15:53:38] [INFO] [Additionalmshookl] [INFO] [SetupAdditionalSlots] ReplaceExistingSlots: False
[15:53:38] [INFO] [Additionalmshookl] [INFO] 物品 轻盈Ⅳ 配件槽配置无效或未设置，跳过配件槽添加
[15:53:38] [INFO] [Additionalmshookl] [INFO] [CreateCustomItem] 准备调用SetupDecomposeFormula for 轻盈Ⅳ
[15:53:38] [INFO] [Additionalmshookl] [INFO] [SetupDecomposeFormula] 开始处理物品 轻盈Ⅳ 的分解配方，EnableDecompose: False
[15:53:38] [INFO] [Additionalmshookl] [INFO] [CreateCustomItem] 完成所有方法调用 for 轻盈Ⅳ
[15:53:38] [INFO] [Additionalmshookl] [INFO] [CreateCustomItem] CreateCustomItem方法成功完成 for 轻盈Ⅳ
[15:53:38] [INFO] [Additionalmshookl] [INFO] [MShook-DEBUG] CreateCustomItem方法调用完成
[15:53:38] [INFO] [Additionalmshookl] [INFO] 成功处理配置: 轻盈Ⅳ (ID: 10324) 来自 10324_轻盈4.json
[15:53:38] [INFO] [Additionalmshookl] [INFO] 配置文件 10325_健壮4.json 中设置的NewItemId: 10325
[15:53:38] [INFO] [Additionalmshookl] [INFO] [MShook-DEBUG] 正在处理配置: 10325_健壮4.json 中的物品 健壮Ⅳ
[15:53:38] [INFO] [Additionalmshookl] [INFO] [MShook-DEBUG] 即将调用CreateCustomItem方法
[15:53:38] [INFO] [Additionalmshookl] [INFO] ========== CreateCustomItem 开始处理物品: 健壮Ⅳ ==========
[15:53:38] [INFO] [Additionalmshookl] [INFO] 配置原始ID: 325, 新ID: 10325
[15:53:38] [INFO] [Additionalmshookl] [INFO] 开始处理物品: 健壮Ⅳ，原始ID: 325，配置的新ID: 10325
[15:53:38] [INFO] [Additionalmshookl] [INFO] 为物品 健壮Ⅳ 生成的唯一键: 2034616807
[15:53:38] [INFO] [Additionalmshookl] [INFO] 为物品 健壮Ⅳ 使用已保存的ID: 10325
[15:53:38] [INFO] [Additionalmshookl] [INFO] 将ID 10325 添加到已使用列表
[15:53:38] [INFO] [Additionalmshookl] [INFO] [CreateCustomItem] 开始设置物品属性 for 健壮Ⅳ
[15:53:38] [INFO] [Additionalmshookl] [INFO] [SetItemProperties] 开始设置物品 健壮Ⅳ 的基本属性
[15:53:38] [INFO] [Additionalmshookl] [INFO] 成功设置字段 typeID = 10325 (类型: Item)
[15:53:38] [INFO] [Additionalmshookl] [INFO] 成功设置字段 weight = 0.3 (类型: Item)
[15:53:38] [INFO] [Additionalmshookl] [INFO] 成功设置字段 value = 10000 (类型: Item)
[15:53:38] [INFO] [Additionalmshookl] [INFO] 成功设置字段 displayName = jianzhuang_10325 (类型: Item)
[15:53:38] [INFO] [Additionalmshookl] [INFO] 成功设置字段 quality = 6 (类型: Item)
[15:53:38] [INFO] [Additionalmshookl] [INFO] 成功设置字段 order = 0 (类型: Item)
[15:53:38] [INFO] [Additionalmshookl] [INFO] [SetItemProperties] 完成基本属性设置，开始处理Tags
[15:53:38] [INFO] [Additionalmshookl] [INFO] [SetItemProperties] 检测到Tags配置，数量: 2
[15:53:38] [INFO] [Additionalmshookl] [INFO] 物品 健壮Ⅳ 的所有标签: DontDropOnDeadInSlot, Totem
[15:53:38] [INFO] [Additionalmshookl] [INFO] [TagUtils-DEBUG] 开始处理标签: DontDropOnDeadInSlot
[15:53:38] [INFO] [TagUtils] ===== GetOrCreateTag方法被调用 =====
[15:53:38] [INFO] [TagUtils] 参数: tagName='DontDropOnDeadInSlot', displayName=''
[15:53:38] [INFO] [TagUtils] FindExistingTag 查找: DontDropOnDeadInSlot
[15:53:38] [INFO] [TagUtils] 找到 134 个Tag对象，开始查找: DontDropOnDeadInSlot
[15:53:38] [INFO] [TagUtils] 通过属性找到匹配的Tag: DontDropOnDeadInSlot
[15:53:38] [INFO] [TagUtils] 找到现有Tag: DontDropOnDeadInSlot
[15:53:38] [INFO] [Additionalmshookl] [INFO] [TagUtils-DEBUG] 标签 DontDropOnDeadInSlot 创建成功: Tag
[15:53:38] [INFO] [Additionalmshookl] [ERROR] 无法获取Tags列表
[15:53:38] [INFO] [Additionalmshookl] [INFO] [TagUtils-DEBUG] 开始处理标签: Totem
[15:53:38] [INFO] [TagUtils] ===== GetOrCreateTag方法被调用 =====
[15:53:38] [INFO] [TagUtils] 参数: tagName='Totem', displayName=''
[15:53:38] [INFO] [TagUtils] FindExistingTag 查找: Totem
[15:53:38] [INFO] [TagUtils] 找到 134 个Tag对象，开始查找: Totem
[15:53:38] [INFO] [TagUtils] 通过属性找到匹配的Tag: Totem
[15:53:38] [INFO] [TagUtils] 找到现有Tag: Totem
[15:53:38] [INFO] [Additionalmshookl] [INFO] [TagUtils-DEBUG] 标签 Totem 创建成功: Tag
[15:53:38] [INFO] [Additionalmshookl] [ERROR] 无法获取Tags列表
[15:53:38] [INFO] [Additionalmshookl] [INFO] 为物品 健壮Ⅳ 添加FoodDrink组件
[15:53:38] [INFO] [Additionalmshookl] [INFO] 物品 健壮Ⅳ 能量值: 0, 口渴值: 0
[15:53:38] [INFO] [Additionalmshookl] [INFO] 正在为 CustomItem_10325 配置 Modifiers...
[15:53:38] [INFO] [Additionalmshookl] [INFO] 成功设置字段 value = 0.5 (类型: ModifierDescription)
[15:53:38] [INFO] [Additionalmshookl] [INFO]   - MaxWeight-MaxWeight 修改成功: 0.2 -> 0.5
[15:53:38] [INFO] [Additionalmshookl] [INFO] 成功设置字段 value = 0.5 (类型: ModifierDescription)
[15:53:38] [INFO] [Additionalmshookl] [INFO]   - InventoryCapacity-InventoryCapacity 修改成功: 0.2 -> 0.5
[15:53:38] [INFO] [Additionalmshookl] [INFO] CustomItem_10325: 共修改/移除了 2 个现有 Modifier，添加了 0 个新的 Modifier。
[15:53:38] [INFO] [Additionalmshookl] [INFO] 开始应用防具属性配置
[15:53:38] [INFO] [Additionalmshookl] [INFO] 防具属性配置应用完成
[15:53:38] [INFO] [Additionalmshookl] [INFO] 物品 健壮Ⅳ 没有配置插槽设置，跳过插槽设置
[15:53:38] [INFO] [Additionalmshookl] [INFO] [原物品Buff分析] 开始分析物品 健壮Ⅳ (原始ID: 325) 的原生Buff效果
[15:53:38] [INFO] [Additionalmshookl] [INFO] [原物品Buff分析] 物品上有 1 个UsageBehavior组件:
[15:53:38] [INFO] [Additionalmshookl] [INFO]   [0] FoodDrink
[15:53:38] [INFO] [Additionalmshookl] [INFO]       -> 类型: FoodDrink (非AddBuff)
[15:53:38] [INFO] [Additionalmshookl] [INFO] 物品 健壮Ⅳ 没有配置Buff持续时间，跳过修改
[15:53:38] [INFO] [Additionalmshookl] [INFO] [CreateCustomItem] 完成设置物品属性 for 健壮Ⅳ
[15:53:38] [INFO] [Additionalmshookl] [INFO] [CreateCustomItem] 开始设置本地化文本 for 健壮Ⅳ
[15:53:38] [INFO] [Additionalmshookl] [INFO] 设置物品 健壮Ⅳ 描述键: jianzhuang_10325_Desc
[15:53:38] [INFO] [Additionalmshookl] [INFO] [CreateCustomItem] 完成设置本地化文本 for 健壮Ⅳ
[15:53:38] [INFO] [Additionalmshookl] [INFO] [CreateCustomItem] 开始设置图标 for 健壮Ⅳ
[15:53:38] [INFO] [Additionalmshookl] [INFO] 物品 健壮Ⅳ 未指定图标，使用原始图标
[15:53:38] [INFO] [Additionalmshookl] [INFO] [CreateCustomItem] 完成设置图标 for 健壮Ⅳ
[15:53:38] [INFO] [Additionalmshookl] [INFO] [CreateCustomItem] 完成设置世界模型贴图 for 健壮Ⅳ
[15:53:38] [INFO] [Additionalmshookl] [INFO] [CreateCustomItem] 开始注册物品 for 健壮Ⅳ
[15:53:38] [INFO] [Additionalmshookl] [INFO] 物品注册成功: jianzhuang_10325 (ID: 10325)
[15:53:38] [INFO] [Additionalmshookl] [INFO] [CreateCustomItem] 完成注册物品 for 健壮Ⅳ
[15:53:38] [INFO] [Additionalmshookl] [INFO] [CreateCustomItem] 准备调用SetupAdditionalSlots for 健壮Ⅳ
[15:53:38] [INFO] [Additionalmshookl] [INFO] [SetupAdditionalSlots] 开始处理物品 健壮Ⅳ 的配件槽配置
[15:53:38] [INFO] [Additionalmshookl] [INFO] [SetupAdditionalSlots] AdditionalSlotTags: 
[15:53:38] [INFO] [Additionalmshookl] [INFO] [SetupAdditionalSlots] AdditionalSlotCount: 0
[15:53:38] [INFO] [Additionalmshookl] [INFO] [SetupAdditionalSlots] ReplaceExistingSlots: False
[15:53:38] [INFO] [Additionalmshookl] [INFO] 物品 健壮Ⅳ 配件槽配置无效或未设置，跳过配件槽添加
[15:53:38] [INFO] [Additionalmshookl] [INFO] [CreateCustomItem] 准备调用SetupDecomposeFormula for 健壮Ⅳ
[15:53:38] [INFO] [Additionalmshookl] [INFO] [SetupDecomposeFormula] 开始处理物品 健壮Ⅳ 的分解配方，EnableDecompose: False
[15:53:38] [INFO] [Additionalmshookl] [INFO] [CreateCustomItem] 完成所有方法调用 for 健壮Ⅳ
[15:53:38] [INFO] [Additionalmshookl] [INFO] [CreateCustomItem] CreateCustomItem方法成功完成 for 健壮Ⅳ
[15:53:38] [INFO] [Additionalmshookl] [INFO] [MShook-DEBUG] CreateCustomItem方法调用完成
[15:53:38] [INFO] [Additionalmshookl] [INFO] 成功处理配置: 健壮Ⅳ (ID: 10325) 来自 10325_健壮4.json
[15:53:38] [INFO] [Additionalmshookl] [INFO] 配置文件 10371_耐饿王.json 中设置的NewItemId: 10371
[15:53:38] [INFO] [Additionalmshookl] [INFO] [MShook-DEBUG] 正在处理配置: 10371_耐饿王.json 中的物品 耐饿王
[15:53:38] [INFO] [Additionalmshookl] [INFO] [MShook-DEBUG] 即将调用CreateCustomItem方法
[15:53:38] [INFO] [Additionalmshookl] [INFO] ========== CreateCustomItem 开始处理物品: 耐饿王 ==========
[15:53:38] [INFO] [Additionalmshookl] [INFO] 配置原始ID: 371, 新ID: 10371
[15:53:38] [INFO] [Additionalmshookl] [INFO] 开始处理物品: 耐饿王，原始ID: 371，配置的新ID: 10371
[15:53:38] [INFO] [Additionalmshookl] [INFO] 为物品 耐饿王 生成的唯一键: 665411231
[15:53:38] [INFO] [Additionalmshookl] [INFO] 为物品 耐饿王 使用已保存的ID: 10371
[15:53:38] [INFO] [Additionalmshookl] [INFO] 将ID 10371 添加到已使用列表
[15:53:38] [INFO] [Additionalmshookl] [INFO] [CreateCustomItem] 开始设置物品属性 for 耐饿王
[15:53:38] [INFO] [Additionalmshookl] [INFO] [SetItemProperties] 开始设置物品 耐饿王 的基本属性
[15:53:38] [INFO] [Additionalmshookl] [INFO] 成功设置字段 typeID = 10371 (类型: Item)
[15:53:38] [INFO] [Additionalmshookl] [INFO] 成功设置字段 weight = 0.3 (类型: Item)
[15:53:38] [INFO] [Additionalmshookl] [INFO] 成功设置字段 value = 10000 (类型: Item)
[15:53:38] [INFO] [Additionalmshookl] [INFO] 成功设置字段 displayName = jiezongshi_10371 (类型: Item)
[15:53:38] [INFO] [Additionalmshookl] [INFO] 成功设置字段 quality = 6 (类型: Item)
[15:53:38] [INFO] [Additionalmshookl] [INFO] 成功设置字段 order = 0 (类型: Item)
[15:53:38] [INFO] [Additionalmshookl] [INFO] [SetItemProperties] 完成基本属性设置，开始处理Tags
[15:53:38] [INFO] [Additionalmshookl] [INFO] [SetItemProperties] 检测到Tags配置，数量: 2
[15:53:38] [INFO] [Additionalmshookl] [INFO] 物品 耐饿王 的所有标签: DontDropOnDeadInSlot, Totem
[15:53:38] [INFO] [Additionalmshookl] [INFO] [TagUtils-DEBUG] 开始处理标签: DontDropOnDeadInSlot
[15:53:38] [INFO] [TagUtils] ===== GetOrCreateTag方法被调用 =====
[15:53:38] [INFO] [TagUtils] 参数: tagName='DontDropOnDeadInSlot', displayName=''
[15:53:38] [INFO] [TagUtils] FindExistingTag 查找: DontDropOnDeadInSlot
[15:53:38] [INFO] [TagUtils] 找到 134 个Tag对象，开始查找: DontDropOnDeadInSlot
[15:53:38] [INFO] [TagUtils] 通过属性找到匹配的Tag: DontDropOnDeadInSlot
[15:53:38] [INFO] [TagUtils] 找到现有Tag: DontDropOnDeadInSlot
[15:53:38] [INFO] [Additionalmshookl] [INFO] [TagUtils-DEBUG] 标签 DontDropOnDeadInSlot 创建成功: Tag
[15:53:38] [INFO] [Additionalmshookl] [ERROR] 无法获取Tags列表
[15:53:38] [INFO] [Additionalmshookl] [INFO] [TagUtils-DEBUG] 开始处理标签: Totem
[15:53:38] [INFO] [TagUtils] ===== GetOrCreateTag方法被调用 =====
[15:53:38] [INFO] [TagUtils] 参数: tagName='Totem', displayName=''
[15:53:38] [INFO] [TagUtils] FindExistingTag 查找: Totem
[15:53:38] [INFO] [TagUtils] 找到 134 个Tag对象，开始查找: Totem
[15:53:38] [INFO] [TagUtils] 通过属性找到匹配的Tag: Totem
[15:53:38] [INFO] [TagUtils] 找到现有Tag: Totem
[15:53:38] [INFO] [Additionalmshookl] [INFO] [TagUtils-DEBUG] 标签 Totem 创建成功: Tag
[15:53:38] [INFO] [Additionalmshookl] [ERROR] 无法获取Tags列表
[15:53:38] [INFO] [Additionalmshookl] [INFO] 为物品 耐饿王 添加FoodDrink组件
[15:53:38] [INFO] [Additionalmshookl] [INFO] 物品 耐饿王 能量值: 0, 口渴值: 0
[15:53:38] [INFO] [Additionalmshookl] [INFO] 正在为 CustomItem_10371 配置 Modifiers...
[15:53:38] [INFO] [Additionalmshookl] [INFO] 成功设置字段 value = -0.3 (类型: ModifierDescription)
[15:53:38] [INFO] [Additionalmshookl] [INFO]   - WaterCost-WaterCost 修改成功: -0.15 -> -0.3
[15:53:38] [INFO] [Additionalmshookl] [INFO] 成功设置字段 value = -0.3 (类型: ModifierDescription)
[15:53:38] [INFO] [Additionalmshookl] [INFO]   - EnergyCost-EnergyCost 修改成功: -0.15 -> -0.3
[15:53:38] [INFO] [Additionalmshookl] [INFO] CustomItem_10371: 共修改/移除了 2 个现有 Modifier，添加了 0 个新的 Modifier。
[15:53:38] [INFO] [Additionalmshookl] [INFO] 开始应用防具属性配置
[15:53:38] [INFO] [Additionalmshookl] [INFO] 防具属性配置应用完成
[15:53:38] [INFO] [Additionalmshookl] [INFO] 物品 耐饿王 没有配置插槽设置，跳过插槽设置
[15:53:38] [INFO] [Additionalmshookl] [INFO] [原物品Buff分析] 开始分析物品 耐饿王 (原始ID: 371) 的原生Buff效果
[15:53:38] [INFO] [Additionalmshookl] [INFO] [原物品Buff分析] 物品上有 1 个UsageBehavior组件:
[15:53:38] [INFO] [Additionalmshookl] [INFO]   [0] FoodDrink
[15:53:38] [INFO] [Additionalmshookl] [INFO]       -> 类型: FoodDrink (非AddBuff)
[15:53:38] [INFO] [Additionalmshookl] [INFO] 物品 耐饿王 没有配置Buff持续时间，跳过修改
[15:53:38] [INFO] [Additionalmshookl] [INFO] [CreateCustomItem] 完成设置物品属性 for 耐饿王
[15:53:38] [INFO] [Additionalmshookl] [INFO] [CreateCustomItem] 开始设置本地化文本 for 耐饿王
[15:53:38] [INFO] [Additionalmshookl] [INFO] 设置物品 耐饿王 描述键: jiezongshi_10371_Desc
[15:53:38] [INFO] [Additionalmshookl] [INFO] [CreateCustomItem] 完成设置本地化文本 for 耐饿王
[15:53:38] [INFO] [Additionalmshookl] [INFO] [CreateCustomItem] 开始设置图标 for 耐饿王
[15:53:38] [INFO] [Additionalmshookl] [INFO] 物品 耐饿王 未指定图标，使用原始图标
[15:53:38] [INFO] [Additionalmshookl] [INFO] [CreateCustomItem] 完成设置图标 for 耐饿王
[15:53:38] [INFO] [Additionalmshookl] [INFO] [CreateCustomItem] 完成设置世界模型贴图 for 耐饿王
[15:53:38] [INFO] [Additionalmshookl] [INFO] [CreateCustomItem] 开始注册物品 for 耐饿王
[15:53:38] [INFO] [Additionalmshookl] [INFO] 物品注册成功: jiezongshi_10371 (ID: 10371)
[15:53:38] [INFO] [Additionalmshookl] [INFO] [CreateCustomItem] 完成注册物品 for 耐饿王
[15:53:38] [INFO] [Additionalmshookl] [INFO] [CreateCustomItem] 准备调用SetupAdditionalSlots for 耐饿王
[15:53:38] [INFO] [Additionalmshookl] [INFO] [SetupAdditionalSlots] 开始处理物品 耐饿王 的配件槽配置
[15:53:38] [INFO] [Additionalmshookl] [INFO] [SetupAdditionalSlots] AdditionalSlotTags: 
[15:53:38] [INFO] [Additionalmshookl] [INFO] [SetupAdditionalSlots] AdditionalSlotCount: 0
[15:53:38] [INFO] [Additionalmshookl] [INFO] [SetupAdditionalSlots] ReplaceExistingSlots: False
[15:53:38] [INFO] [Additionalmshookl] [INFO] 物品 耐饿王 配件槽配置无效或未设置，跳过配件槽添加
[15:53:38] [INFO] [Additionalmshookl] [INFO] [CreateCustomItem] 准备调用SetupDecomposeFormula for 耐饿王
[15:53:38] [INFO] [Additionalmshookl] [INFO] [SetupDecomposeFormula] 开始处理物品 耐饿王 的分解配方，EnableDecompose: False
[15:53:38] [INFO] [Additionalmshookl] [INFO] [CreateCustomItem] 完成所有方法调用 for 耐饿王
[15:53:38] [INFO] [Additionalmshookl] [INFO] [CreateCustomItem] CreateCustomItem方法成功完成 for 耐饿王
[15:53:38] [INFO] [Additionalmshookl] [INFO] [MShook-DEBUG] CreateCustomItem方法调用完成
[15:53:38] [INFO] [Additionalmshookl] [INFO] 成功处理配置: 耐饿王 (ID: 10371) 来自 10371_耐饿王.json
[15:53:38] [INFO] [Additionalmshookl] [INFO] 配置文件 10372_体能大师.json 中设置的NewItemId: 10372
[15:53:38] [INFO] [Additionalmshookl] [INFO] [MShook-DEBUG] 正在处理配置: 10372_体能大师.json 中的物品 体能大师
[15:53:38] [INFO] [Additionalmshookl] [INFO] [MShook-DEBUG] 即将调用CreateCustomItem方法
[15:53:38] [INFO] [Additionalmshookl] [INFO] ========== CreateCustomItem 开始处理物品: 体能大师 ==========
[15:53:38] [INFO] [Additionalmshookl] [INFO] 配置原始ID: 372, 新ID: 10372
[15:53:38] [INFO] [Additionalmshookl] [INFO] 开始处理物品: 体能大师，原始ID: 372，配置的新ID: 10372
[15:53:38] [INFO] [Additionalmshookl] [INFO] 为物品 体能大师 生成的唯一键: 852636934
[15:53:38] [INFO] [Additionalmshookl] [INFO] 为物品 体能大师 使用已保存的ID: 10372
[15:53:38] [INFO] [Additionalmshookl] [INFO] 将ID 10372 添加到已使用列表
[15:53:38] [INFO] [Additionalmshookl] [INFO] [CreateCustomItem] 开始设置物品属性 for 体能大师
[15:53:38] [INFO] [Additionalmshookl] [INFO] [SetItemProperties] 开始设置物品 体能大师 的基本属性
[15:53:38] [INFO] [Additionalmshookl] [INFO] 成功设置字段 typeID = 10372 (类型: Item)
[15:53:38] [INFO] [Additionalmshookl] [INFO] 成功设置字段 weight = 0.3 (类型: Item)
[15:53:38] [INFO] [Additionalmshookl] [INFO] 成功设置字段 value = 8000 (类型: Item)
[15:53:38] [INFO] [Additionalmshookl] [INFO] 成功设置字段 displayName = naili_10372 (类型: Item)
[15:53:38] [INFO] [Additionalmshookl] [INFO] 成功设置字段 quality = 4 (类型: Item)
[15:53:38] [INFO] [Additionalmshookl] [INFO] 成功设置字段 order = 0 (类型: Item)
[15:53:38] [INFO] [Additionalmshookl] [INFO] [SetItemProperties] 完成基本属性设置，开始处理Tags
[15:53:38] [INFO] [Additionalmshookl] [INFO] [SetItemProperties] 检测到Tags配置，数量: 2
[15:53:38] [INFO] [Additionalmshookl] [INFO] 物品 体能大师 的所有标签: DontDropOnDeadInSlot, Totem
[15:53:38] [INFO] [Additionalmshookl] [INFO] [TagUtils-DEBUG] 开始处理标签: DontDropOnDeadInSlot
[15:53:38] [INFO] [TagUtils] ===== GetOrCreateTag方法被调用 =====
[15:53:38] [INFO] [TagUtils] 参数: tagName='DontDropOnDeadInSlot', displayName=''
[15:53:38] [INFO] [TagUtils] FindExistingTag 查找: DontDropOnDeadInSlot
[15:53:38] [INFO] [TagUtils] 找到 134 个Tag对象，开始查找: DontDropOnDeadInSlot
[15:53:38] [INFO] [TagUtils] 通过属性找到匹配的Tag: DontDropOnDeadInSlot
[15:53:38] [INFO] [TagUtils] 找到现有Tag: DontDropOnDeadInSlot
[15:53:38] [INFO] [Additionalmshookl] [INFO] [TagUtils-DEBUG] 标签 DontDropOnDeadInSlot 创建成功: Tag
[15:53:38] [INFO] [Additionalmshookl] [ERROR] 无法获取Tags列表
[15:53:38] [INFO] [Additionalmshookl] [INFO] [TagUtils-DEBUG] 开始处理标签: Totem
[15:53:38] [INFO] [TagUtils] ===== GetOrCreateTag方法被调用 =====
[15:53:38] [INFO] [TagUtils] 参数: tagName='Totem', displayName=''
[15:53:38] [INFO] [TagUtils] FindExistingTag 查找: Totem
[15:53:38] [INFO] [TagUtils] 找到 134 个Tag对象，开始查找: Totem
[15:53:38] [INFO] [TagUtils] 通过属性找到匹配的Tag: Totem
[15:53:38] [INFO] [TagUtils] 找到现有Tag: Totem
[15:53:38] [INFO] [Additionalmshookl] [INFO] [TagUtils-DEBUG] 标签 Totem 创建成功: Tag
[15:53:38] [INFO] [Additionalmshookl] [ERROR] 无法获取Tags列表
[15:53:38] [INFO] [Additionalmshookl] [INFO] 为物品 体能大师 添加FoodDrink组件
[15:53:38] [INFO] [Additionalmshookl] [INFO] 物品 体能大师 能量值: 0, 口渴值: 0
[15:53:38] [INFO] [Additionalmshookl] [INFO] 正在为 CustomItem_10372 配置 Modifiers...
[15:53:38] [INFO] [Additionalmshookl] [INFO] 成功设置字段 value = 30 (类型: ModifierDescription)
[15:53:38] [INFO] [Additionalmshookl] [INFO]   - 体力-Stamina 修改成功: 20 -> 30
[15:53:38] [INFO] [Additionalmshookl] [INFO] 成功设置字段 value = 0.3 (类型: ModifierDescription)
[15:53:38] [INFO] [Additionalmshookl] [INFO]   - StaminaRecoverRate-StaminaRecoverRate 修改成功: 0.2 -> 0.3
[15:53:38] [INFO] [Additionalmshookl] [INFO] CustomItem_10372: 共修改/移除了 2 个现有 Modifier，添加了 0 个新的 Modifier。
[15:53:38] [INFO] [Additionalmshookl] [INFO] 开始应用防具属性配置
[15:53:38] [INFO] [Additionalmshookl] [INFO] 防具属性配置应用完成
[15:53:38] [INFO] [Additionalmshookl] [INFO] 物品 体能大师 没有配置插槽设置，跳过插槽设置
[15:53:38] [INFO] [Additionalmshookl] [INFO] [原物品Buff分析] 开始分析物品 体能大师 (原始ID: 372) 的原生Buff效果
[15:53:38] [INFO] [Additionalmshookl] [INFO] [原物品Buff分析] 物品上有 1 个UsageBehavior组件:
[15:53:38] [INFO] [Additionalmshookl] [INFO]   [0] FoodDrink
[15:53:38] [INFO] [Additionalmshookl] [INFO]       -> 类型: FoodDrink (非AddBuff)
[15:53:38] [INFO] [Additionalmshookl] [INFO] 物品 体能大师 没有配置Buff持续时间，跳过修改
[15:53:38] [INFO] [Additionalmshookl] [INFO] [CreateCustomItem] 完成设置物品属性 for 体能大师
[15:53:38] [INFO] [Additionalmshookl] [INFO] [CreateCustomItem] 开始设置本地化文本 for 体能大师
[15:53:38] [INFO] [Additionalmshookl] [INFO] 设置物品 体能大师 描述键: naili_10372_Desc
[15:53:38] [INFO] [Additionalmshookl] [INFO] [CreateCustomItem] 完成设置本地化文本 for 体能大师
[15:53:38] [INFO] [Additionalmshookl] [INFO] [CreateCustomItem] 开始设置图标 for 体能大师
[15:53:38] [INFO] [Additionalmshookl] [INFO] 物品 体能大师 未指定图标，使用原始图标
[15:53:38] [INFO] [Additionalmshookl] [INFO] [CreateCustomItem] 完成设置图标 for 体能大师
[15:53:38] [INFO] [Additionalmshookl] [INFO] [CreateCustomItem] 完成设置世界模型贴图 for 体能大师
[15:53:38] [INFO] [Additionalmshookl] [INFO] [CreateCustomItem] 开始注册物品 for 体能大师
[15:53:38] [INFO] [Additionalmshookl] [INFO] 物品注册成功: naili_10372 (ID: 10372)
[15:53:38] [INFO] [Additionalmshookl] [INFO] [CreateCustomItem] 完成注册物品 for 体能大师
[15:53:38] [INFO] [Additionalmshookl] [INFO] [CreateCustomItem] 准备调用SetupAdditionalSlots for 体能大师
[15:53:38] [INFO] [Additionalmshookl] [INFO] [SetupAdditionalSlots] 开始处理物品 体能大师 的配件槽配置
[15:53:38] [INFO] [Additionalmshookl] [INFO] [SetupAdditionalSlots] AdditionalSlotTags: 
[15:53:38] [INFO] [Additionalmshookl] [INFO] [SetupAdditionalSlots] AdditionalSlotCount: 0
[15:53:38] [INFO] [Additionalmshookl] [INFO] [SetupAdditionalSlots] ReplaceExistingSlots: False
[15:53:38] [INFO] [Additionalmshookl] [INFO] 物品 体能大师 配件槽配置无效或未设置，跳过配件槽添加
[15:53:38] [INFO] [Additionalmshookl] [INFO] [CreateCustomItem] 准备调用SetupDecomposeFormula for 体能大师
[15:53:38] [INFO] [Additionalmshookl] [INFO] [SetupDecomposeFormula] 开始处理物品 体能大师 的分解配方，EnableDecompose: False
[15:53:38] [INFO] [Additionalmshookl] [INFO] [CreateCustomItem] 完成所有方法调用 for 体能大师
[15:53:38] [INFO] [Additionalmshookl] [INFO] [CreateCustomItem] CreateCustomItem方法成功完成 for 体能大师
[15:53:38] [INFO] [Additionalmshookl] [INFO] [MShook-DEBUG] CreateCustomItem方法调用完成
[15:53:38] [INFO] [Additionalmshookl] [INFO] 成功处理配置: 体能大师 (ID: 10372) 来自 10372_体能大师.json
[15:53:38] [INFO] [Additionalmshookl] [INFO] 配置文件 10434_换弹大师.json 中设置的NewItemId: 10434
[15:53:38] [INFO] [Additionalmshookl] [INFO] [MShook-DEBUG] 正在处理配置: 10434_换弹大师.json 中的物品 换弹大师
[15:53:38] [INFO] [Additionalmshookl] [INFO] [MShook-DEBUG] 即将调用CreateCustomItem方法
[15:53:38] [INFO] [Additionalmshookl] [INFO] ========== CreateCustomItem 开始处理物品: 换弹大师 ==========
[15:53:38] [INFO] [Additionalmshookl] [INFO] 配置原始ID: 434, 新ID: 10434
[15:53:38] [INFO] [Additionalmshookl] [INFO] 开始处理物品: 换弹大师，原始ID: 434，配置的新ID: 10434
[15:53:38] [INFO] [Additionalmshookl] [INFO] 为物品 换弹大师 生成的唯一键: 2097082263
[15:53:38] [INFO] [Additionalmshookl] [INFO] 为物品 换弹大师 使用已保存的ID: 10434
[15:53:38] [INFO] [Additionalmshookl] [INFO] 将ID 10434 添加到已使用列表
[15:53:38] [INFO] [Additionalmshookl] [INFO] [CreateCustomItem] 开始设置物品属性 for 换弹大师
[15:53:38] [INFO] [Additionalmshookl] [INFO] [SetItemProperties] 开始设置物品 换弹大师 的基本属性
[15:53:38] [INFO] [Additionalmshookl] [INFO] 成功设置字段 typeID = 10434 (类型: Item)
[15:53:38] [INFO] [Additionalmshookl] [INFO] 成功设置字段 weight = 0.1 (类型: Item)
[15:53:38] [INFO] [Additionalmshookl] [INFO] 成功设置字段 value = 10000 (类型: Item)
[15:53:38] [INFO] [Additionalmshookl] [INFO] 成功设置字段 displayName = huandan_10434 (类型: Item)
[15:53:38] [INFO] [Additionalmshookl] [INFO] 成功设置字段 quality = 5 (类型: Item)
[15:53:38] [INFO] [Additionalmshookl] [INFO] 成功设置字段 order = 0 (类型: Item)
[15:53:38] [INFO] [Additionalmshookl] [INFO] [SetItemProperties] 完成基本属性设置，开始处理Tags
[15:53:38] [INFO] [Additionalmshookl] [INFO] [SetItemProperties] 检测到Tags配置，数量: 2
[15:53:38] [INFO] [Additionalmshookl] [INFO] 物品 换弹大师 的所有标签: DontDropOnDeadInSlot, Totem
[15:53:38] [INFO] [Additionalmshookl] [INFO] [TagUtils-DEBUG] 开始处理标签: DontDropOnDeadInSlot
[15:53:38] [INFO] [TagUtils] ===== GetOrCreateTag方法被调用 =====
[15:53:38] [INFO] [TagUtils] 参数: tagName='DontDropOnDeadInSlot', displayName=''
[15:53:38] [INFO] [TagUtils] FindExistingTag 查找: DontDropOnDeadInSlot
[15:53:38] [INFO] [TagUtils] 找到 134 个Tag对象，开始查找: DontDropOnDeadInSlot
[15:53:38] [INFO] [TagUtils] 通过属性找到匹配的Tag: DontDropOnDeadInSlot
[15:53:38] [INFO] [TagUtils] 找到现有Tag: DontDropOnDeadInSlot
[15:53:38] [INFO] [Additionalmshookl] [INFO] [TagUtils-DEBUG] 标签 DontDropOnDeadInSlot 创建成功: Tag
[15:53:38] [INFO] [Additionalmshookl] [ERROR] 无法获取Tags列表
[15:53:38] [INFO] [Additionalmshookl] [INFO] [TagUtils-DEBUG] 开始处理标签: Totem
[15:53:38] [INFO] [TagUtils] ===== GetOrCreateTag方法被调用 =====
[15:53:38] [INFO] [TagUtils] 参数: tagName='Totem', displayName=''
[15:53:38] [INFO] [TagUtils] FindExistingTag 查找: Totem
[15:53:38] [INFO] [TagUtils] 找到 134 个Tag对象，开始查找: Totem
[15:53:38] [INFO] [TagUtils] 通过属性找到匹配的Tag: Totem
[15:53:38] [INFO] [TagUtils] 找到现有Tag: Totem
[15:53:38] [INFO] [Additionalmshookl] [INFO] [TagUtils-DEBUG] 标签 Totem 创建成功: Tag
[15:53:38] [INFO] [Additionalmshookl] [ERROR] 无法获取Tags列表
[15:53:38] [INFO] [Additionalmshookl] [INFO] 为物品 换弹大师 添加FoodDrink组件
[15:53:38] [INFO] [Additionalmshookl] [INFO] 物品 换弹大师 能量值: 0, 口渴值: 0
[15:53:38] [INFO] [Additionalmshookl] [INFO] 正在为 CustomItem_10434 配置 Modifiers...
[15:53:38] [INFO] [Additionalmshookl] [INFO] 成功设置字段 value = 1 (类型: ModifierDescription)
[15:53:38] [INFO] [Additionalmshookl] [INFO]   - ReloadSpeedGain-ReloadSpeedGain 修改成功: 0.5 -> 1
[15:53:38] [INFO] [Additionalmshookl] [INFO] CustomItem_10434: 共修改/移除了 1 个现有 Modifier，添加了 0 个新的 Modifier。
[15:53:38] [INFO] [Additionalmshookl] [INFO] 开始应用防具属性配置
[15:53:38] [INFO] [Additionalmshookl] [INFO] 防具属性配置应用完成
[15:53:38] [INFO] [Additionalmshookl] [INFO] 物品 换弹大师 没有配置插槽设置，跳过插槽设置
[15:53:38] [INFO] [Additionalmshookl] [INFO] [原物品Buff分析] 开始分析物品 换弹大师 (原始ID: 434) 的原生Buff效果
[15:53:38] [INFO] [Additionalmshookl] [INFO] [原物品Buff分析] 物品上有 1 个UsageBehavior组件:
[15:53:38] [INFO] [Additionalmshookl] [INFO]   [0] FoodDrink
[15:53:38] [INFO] [Additionalmshookl] [INFO]       -> 类型: FoodDrink (非AddBuff)
[15:53:38] [INFO] [Additionalmshookl] [INFO] 物品 换弹大师 没有配置Buff持续时间，跳过修改
[15:53:38] [INFO] [Additionalmshookl] [INFO] [CreateCustomItem] 完成设置物品属性 for 换弹大师
[15:53:38] [INFO] [Additionalmshookl] [INFO] [CreateCustomItem] 开始设置本地化文本 for 换弹大师
[15:53:38] [INFO] [Additionalmshookl] [INFO] 设置物品 换弹大师 描述键: huandan_10434_Desc
[15:53:38] [INFO] [Additionalmshookl] [INFO] [CreateCustomItem] 完成设置本地化文本 for 换弹大师
[15:53:38] [INFO] [Additionalmshookl] [INFO] [CreateCustomItem] 开始设置图标 for 换弹大师
[15:53:38] [INFO] [Additionalmshookl] [INFO] 物品 换弹大师 未指定图标，使用原始图标
[15:53:38] [INFO] [Additionalmshookl] [INFO] [CreateCustomItem] 完成设置图标 for 换弹大师
[15:53:38] [INFO] [Additionalmshookl] [INFO] [CreateCustomItem] 完成设置世界模型贴图 for 换弹大师
[15:53:38] [INFO] [Additionalmshookl] [INFO] [CreateCustomItem] 开始注册物品 for 换弹大师
[15:53:38] [INFO] [Additionalmshookl] [INFO] 物品注册成功: huandan_10434 (ID: 10434)
[15:53:38] [INFO] [Additionalmshookl] [INFO] [CreateCustomItem] 完成注册物品 for 换弹大师
[15:53:38] [INFO] [Additionalmshookl] [INFO] [CreateCustomItem] 准备调用SetupAdditionalSlots for 换弹大师
[15:53:38] [INFO] [Additionalmshookl] [INFO] [SetupAdditionalSlots] 开始处理物品 换弹大师 的配件槽配置
[15:53:38] [INFO] [Additionalmshookl] [INFO] [SetupAdditionalSlots] AdditionalSlotTags: 
[15:53:38] [INFO] [Additionalmshookl] [INFO] [SetupAdditionalSlots] AdditionalSlotCount: 0
[15:53:38] [INFO] [Additionalmshookl] [INFO] [SetupAdditionalSlots] ReplaceExistingSlots: False
[15:53:38] [INFO] [Additionalmshookl] [INFO] 物品 换弹大师 配件槽配置无效或未设置，跳过配件槽添加
[15:53:38] [INFO] [Additionalmshookl] [INFO] [CreateCustomItem] 准备调用SetupDecomposeFormula for 换弹大师
[15:53:38] [INFO] [Additionalmshookl] [INFO] [SetupDecomposeFormula] 开始处理物品 换弹大师 的分解配方，EnableDecompose: False
[15:53:38] [INFO] [Additionalmshookl] [INFO] [CreateCustomItem] 完成所有方法调用 for 换弹大师
[15:53:38] [INFO] [Additionalmshookl] [INFO] [CreateCustomItem] CreateCustomItem方法成功完成 for 换弹大师
[15:53:38] [INFO] [Additionalmshookl] [INFO] [MShook-DEBUG] CreateCustomItem方法调用完成
[15:53:38] [INFO] [Additionalmshookl] [INFO] 成功处理配置: 换弹大师 (ID: 10434) 来自 10434_换弹大师.json
[15:53:38] [INFO] [Additionalmshookl] [INFO] 配置文件 10920_空间防护服终极版改.json 中设置的NewItemId: 10920
[15:53:38] [INFO] [Additionalmshookl] [INFO] [MShook-DEBUG] 正在处理配置: 10920_空间防护服终极版改.json 中的物品 空间防护服终极版改
[15:53:38] [INFO] [Additionalmshookl] [INFO] [MShook-DEBUG] 即将调用CreateCustomItem方法
[15:53:38] [INFO] [Additionalmshookl] [INFO] ========== CreateCustomItem 开始处理物品: 空间防护服终极版改 ==========
[15:53:38] [INFO] [Additionalmshookl] [INFO] 配置原始ID: 920, 新ID: 10920
[15:53:38] [INFO] [Additionalmshookl] [INFO] 开始处理物品: 空间防护服终极版改，原始ID: 920，配置的新ID: 10920
[15:53:38] [INFO] [Additionalmshookl] [INFO] 为物品 空间防护服终极版改 生成的唯一键: 1481486562
[15:53:38] [INFO] [Additionalmshookl] [INFO] 为物品 空间防护服终极版改 使用已保存的ID: 10920
[15:53:38] [INFO] [Additionalmshookl] [INFO] 将ID 10920 添加到已使用列表
[15:53:38] [INFO] [Additionalmshookl] [INFO] [CreateCustomItem] 开始设置物品属性 for 空间防护服终极版改
[15:53:38] [INFO] [Additionalmshookl] [INFO] [SetItemProperties] 开始设置物品 空间防护服终极版改 的基本属性
[15:53:38] [INFO] [Additionalmshookl] [INFO] 成功设置字段 typeID = 10920 (类型: Item)
[15:53:38] [INFO] [Additionalmshookl] [INFO] 成功设置字段 weight = 6 (类型: Item)
[15:53:38] [INFO] [Additionalmshookl] [INFO] 成功设置字段 value = 10000 (类型: Item)
[15:53:38] [INFO] [Additionalmshookl] [INFO] 成功设置字段 displayName = konggai_10920 (类型: Item)
[15:53:38] [INFO] [Additionalmshookl] [INFO] 成功设置字段 quality = 6 (类型: Item)
[15:53:38] [INFO] [Additionalmshookl] [INFO] 成功设置字段 order = 0 (类型: Item)
[15:53:38] [INFO] [Additionalmshookl] [INFO] [SetItemProperties] 完成基本属性设置，开始处理Tags
[15:53:38] [INFO] [Additionalmshookl] [INFO] [SetItemProperties] 检测到Tags配置，数量: 5
[15:53:38] [INFO] [Additionalmshookl] [INFO] 物品 空间防护服终极版改 的所有标签: Repairable, Armor, DontDropOnDeadInSlot, Equipment, Special
[15:53:38] [INFO] [Additionalmshookl] [INFO] [TagUtils-DEBUG] 开始处理标签: Repairable
[15:53:38] [INFO] [TagUtils] ===== GetOrCreateTag方法被调用 =====
[15:53:38] [INFO] [TagUtils] 参数: tagName='Repairable', displayName=''
[15:53:38] [INFO] [TagUtils] FindExistingTag 查找: Repairable
[15:53:38] [INFO] [TagUtils] 找到 134 个Tag对象，开始查找: Repairable
[15:53:38] [INFO] [TagUtils] 通过属性找到匹配的Tag: Repairable
[15:53:38] [INFO] [TagUtils] 找到现有Tag: Repairable
[15:53:38] [INFO] [Additionalmshookl] [INFO] [TagUtils-DEBUG] 标签 Repairable 创建成功: Tag
[15:53:38] [INFO] [Additionalmshookl] [ERROR] 无法获取Tags列表
[15:53:38] [INFO] [Additionalmshookl] [INFO] [TagUtils-DEBUG] 开始处理标签: Armor
[15:53:38] [INFO] [TagUtils] ===== GetOrCreateTag方法被调用 =====
[15:53:38] [INFO] [TagUtils] 参数: tagName='Armor', displayName=''
[15:53:38] [INFO] [TagUtils] FindExistingTag 查找: Armor
[15:53:38] [INFO] [TagUtils] 找到 134 个Tag对象，开始查找: Armor
[15:53:38] [INFO] [TagUtils] 通过属性找到匹配的Tag: Armor
[15:53:38] [INFO] [TagUtils] 找到现有Tag: Armor
[15:53:38] [INFO] [Additionalmshookl] [INFO] [TagUtils-DEBUG] 标签 Armor 创建成功: Tag
[15:53:38] [INFO] [Additionalmshookl] [ERROR] 无法获取Tags列表
[15:53:38] [INFO] [Additionalmshookl] [INFO] [TagUtils-DEBUG] 开始处理标签: DontDropOnDeadInSlot
[15:53:38] [INFO] [TagUtils] ===== GetOrCreateTag方法被调用 =====
[15:53:38] [INFO] [TagUtils] 参数: tagName='DontDropOnDeadInSlot', displayName=''
[15:53:38] [INFO] [TagUtils] FindExistingTag 查找: DontDropOnDeadInSlot
[15:53:38] [INFO] [TagUtils] 找到 134 个Tag对象，开始查找: DontDropOnDeadInSlot
[15:53:38] [INFO] [TagUtils] 通过属性找到匹配的Tag: DontDropOnDeadInSlot
[15:53:38] [INFO] [TagUtils] 找到现有Tag: DontDropOnDeadInSlot
[15:53:38] [INFO] [Additionalmshookl] [INFO] [TagUtils-DEBUG] 标签 DontDropOnDeadInSlot 创建成功: Tag
[15:53:38] [INFO] [Additionalmshookl] [ERROR] 无法获取Tags列表
[15:53:38] [INFO] [Additionalmshookl] [INFO] [TagUtils-DEBUG] 开始处理标签: Equipment
[15:53:38] [INFO] [TagUtils] ===== GetOrCreateTag方法被调用 =====
[15:53:38] [INFO] [TagUtils] 参数: tagName='Equipment', displayName=''
[15:53:38] [INFO] [TagUtils] FindExistingTag 查找: Equipment
[15:53:38] [INFO] [TagUtils] 找到 134 个Tag对象，开始查找: Equipment
[15:53:38] [INFO] [TagUtils] 通过属性找到匹配的Tag: Equipment
[15:53:38] [INFO] [TagUtils] 找到现有Tag: Equipment
[15:53:38] [INFO] [Additionalmshookl] [INFO] [TagUtils-DEBUG] 标签 Equipment 创建成功: Tag
[15:53:38] [INFO] [Additionalmshookl] [ERROR] 无法获取Tags列表
[15:53:38] [INFO] [Additionalmshookl] [INFO] [TagUtils-DEBUG] 开始处理标签: Special
[15:53:38] [INFO] [TagUtils] ===== GetOrCreateTag方法被调用 =====
[15:53:38] [INFO] [TagUtils] 参数: tagName='Special', displayName=''
[15:53:38] [INFO] [TagUtils] FindExistingTag 查找: Special
[15:53:38] [INFO] [TagUtils] 找到 134 个Tag对象，开始查找: Special
[15:53:38] [INFO] [TagUtils] 通过属性找到匹配的Tag: Special
[15:53:38] [INFO] [TagUtils] 找到现有Tag: Special
[15:53:38] [INFO] [Additionalmshookl] [INFO] [TagUtils-DEBUG] 标签 Special 创建成功: Tag
[15:53:38] [INFO] [Additionalmshookl] [ERROR] 无法获取Tags列表
[15:53:38] [INFO] [Additionalmshookl] [INFO] 为物品 空间防护服终极版改 添加FoodDrink组件
[15:53:38] [INFO] [Additionalmshookl] [INFO] 物品 空间防护服终极版改 能量值: 0, 口渴值: 0
[15:53:38] [INFO] [Additionalmshookl] [INFO] 正在为 CustomItem_10920 配置 Modifiers...
[15:53:38] [INFO] [Additionalmshookl] [INFO] 成功设置字段 value = 6 (类型: ModifierDescription)
[15:53:38] [INFO] [Additionalmshookl] [INFO]   - 身体护甲-BodyArmor 修改成功: 5 -> 6
[15:53:38] [INFO] [Additionalmshookl] [INFO] 成功设置字段 value = 2 (类型: ModifierDescription)
[15:53:38] [INFO] [Additionalmshookl] [INFO]   - StormProtection-StormProtection 修改成功: 1 -> 2
[15:53:38] [INFO] [Additionalmshookl] [INFO] 成功设置字段 value = -0.1 (类型: ModifierDescription)
[15:53:38] [INFO] [Additionalmshookl] [INFO]   - 空间元素抵抗-ElementFactor_Space 修改成功: -0.12 -> -0.1
[15:53:38] [INFO] [Additionalmshookl] [INFO] 成功设置字段 value = -0.1 (类型: ModifierDescription)
[15:53:38] [INFO] [Additionalmshookl] [INFO]   - 电击元素抵抗-ElementFactor_Electricity 修改成功: -0.07 -> -0.1
[15:53:38] [INFO] [Additionalmshookl] [INFO] 成功设置字段 value = -0.1 (类型: ModifierDescription)
[15:53:38] [INFO] [Additionalmshookl] [INFO]   - 火焰元素抵抗-ElementFactor_Fire 修改成功: -0.07 -> -0.1
[15:53:38] [INFO] [Additionalmshookl] [INFO] 成功设置字段 value = -0.1 (类型: ModifierDescription)
[15:53:38] [INFO] [Additionalmshookl] [INFO]   - 毒素元素抵抗-ElementFactor_Poison 修改成功: -0.07 -> -0.1
[15:53:38] [INFO] [Additionalmshookl] [INFO] 属性 WalkSpeed 目标默认设置为 Character (默认)
[15:53:38] [INFO] [Additionalmshookl] [INFO] 成功设置字段 display = True (类型: ModifierDescription)
[15:53:38] [INFO] [Additionalmshookl] [INFO]   - WalkSpeed-WalkSpeed 添加成功: 0.05
[15:53:38] [INFO] [Additionalmshookl] [INFO] 属性 RunAcc 目标默认设置为 Character (默认)
[15:53:38] [INFO] [Additionalmshookl] [INFO] 成功设置字段 display = True (类型: ModifierDescription)
[15:53:38] [INFO] [Additionalmshookl] [INFO]   - RunAcc-RunAcc 添加成功: 0.05
[15:53:38] [INFO] [Additionalmshookl] [INFO] 属性 ElementFactor_Physics 目标设置为 Character (角色属性)
[15:53:38] [INFO] [Additionalmshookl] [INFO] 成功设置字段 display = True (类型: ModifierDescription)
[15:53:38] [INFO] [Additionalmshookl] [INFO]   - 物理元素抵抗-ElementFactor_Physics 添加成功: -0.1
[15:53:38] [INFO] [Additionalmshookl] [INFO] CustomItem_10920: 共修改/移除了 6 个现有 Modifier，添加了 3 个新的 Modifier。
[15:53:38] [INFO] [Additionalmshookl] [INFO] 开始应用防具属性配置
[15:53:38] [INFO] [Additionalmshookl] [INFO] 处理防具属性: BodyArmor(身体护甲) = 6
[15:53:38] [INFO] [Additionalmshookl] [INFO] 成功设置字段 value = 6 (类型: ModifierDescription)
[15:53:38] [INFO] [Additionalmshookl] [INFO] 成功设置字段 display = True (类型: ModifierDescription)
[15:53:38] [INFO] [Additionalmshookl] [INFO]   - 修改现有防具属性: BodyArmor = 6
[15:53:38] [INFO] [Additionalmshookl] [INFO] 处理防具属性: ElementFactor_Physics(物理元素抵抗) = -0.1
[15:53:38] [INFO] [Additionalmshookl] [INFO] 成功设置字段 value = -0.1 (类型: ModifierDescription)
[15:53:38] [INFO] [Additionalmshookl] [INFO] 成功设置字段 display = True (类型: ModifierDescription)
[15:53:38] [INFO] [Additionalmshookl] [INFO]   - 修改现有防具属性: ElementFactor_Physics = -0.1
[15:53:38] [INFO] [Additionalmshookl] [INFO] 处理防具属性: ElementFactor_Fire(火焰元素抵抗) = -0.1
[15:53:38] [INFO] [Additionalmshookl] [INFO] 成功设置字段 value = -0.1 (类型: ModifierDescription)
[15:53:38] [INFO] [Additionalmshookl] [INFO] 成功设置字段 display = True (类型: ModifierDescription)
[15:53:38] [INFO] [Additionalmshookl] [INFO]   - 修改现有防具属性: ElementFactor_Fire = -0.1
[15:53:38] [INFO] [Additionalmshookl] [INFO] 处理防具属性: ElementFactor_Poison(毒素元素抵抗) = -0.1
[15:53:38] [INFO] [Additionalmshookl] [INFO] 成功设置字段 value = -0.1 (类型: ModifierDescription)
[15:53:38] [INFO] [Additionalmshookl] [INFO] 成功设置字段 display = True (类型: ModifierDescription)
[15:53:38] [INFO] [Additionalmshookl] [INFO]   - 修改现有防具属性: ElementFactor_Poison = -0.1
[15:53:38] [INFO] [Additionalmshookl] [INFO] 处理防具属性: ElementFactor_Electricity(电击元素抵抗) = -0.1
[15:53:38] [INFO] [Additionalmshookl] [INFO] 成功设置字段 value = -0.1 (类型: ModifierDescription)
[15:53:38] [INFO] [Additionalmshookl] [INFO] 成功设置字段 display = True (类型: ModifierDescription)
[15:53:38] [INFO] [Additionalmshookl] [INFO]   - 修改现有防具属性: ElementFactor_Electricity = -0.1
[15:53:38] [INFO] [Additionalmshookl] [INFO] 处理防具属性: ElementFactor_Space(空间元素抵抗) = -0.1
[15:53:38] [INFO] [Additionalmshookl] [INFO] 成功设置字段 value = -0.1 (类型: ModifierDescription)
[15:53:38] [INFO] [Additionalmshookl] [INFO] 成功设置字段 display = True (类型: ModifierDescription)
[15:53:38] [INFO] [Additionalmshookl] [INFO]   - 修改现有防具属性: ElementFactor_Space = -0.1
[15:53:38] [INFO] [Additionalmshookl] [INFO] 防具属性配置应用完成
[15:53:38] [INFO] [Additionalmshookl] [INFO] 物品 空间防护服终极版改 没有配置插槽设置，跳过插槽设置
[15:53:38] [INFO] [Additionalmshookl] [INFO] [原物品Buff分析] 开始分析物品 空间防护服终极版改 (原始ID: 920) 的原生Buff效果
[15:53:38] [INFO] [Additionalmshookl] [INFO] [原物品Buff分析] 物品上有 1 个UsageBehavior组件:
[15:53:38] [INFO] [Additionalmshookl] [INFO]   [0] FoodDrink
[15:53:38] [INFO] [Additionalmshookl] [INFO]       -> 类型: FoodDrink (非AddBuff)
[15:53:38] [INFO] [Additionalmshookl] [INFO] 物品 空间防护服终极版改 没有配置Buff持续时间，跳过修改
[15:53:38] [INFO] [Additionalmshookl] [INFO] [CreateCustomItem] 完成设置物品属性 for 空间防护服终极版改
[15:53:38] [INFO] [Additionalmshookl] [INFO] [CreateCustomItem] 开始设置本地化文本 for 空间防护服终极版改
[15:53:38] [INFO] [Additionalmshookl] [INFO] 设置物品 空间防护服终极版改 描述键: konggai_10920_Desc
[15:53:38] [INFO] [Additionalmshookl] [INFO] [CreateCustomItem] 完成设置本地化文本 for 空间防护服终极版改
[15:53:38] [INFO] [Additionalmshookl] [INFO] [CreateCustomItem] 开始设置图标 for 空间防护服终极版改
[15:53:38] [INFO] [Additionalmshookl] [INFO] 物品 空间防护服终极版改 未指定图标，使用原始图标
[15:53:38] [INFO] [Additionalmshookl] [INFO] [CreateCustomItem] 完成设置图标 for 空间防护服终极版改
[15:53:38] [INFO] [Additionalmshookl] [INFO] [CreateCustomItem] 完成设置世界模型贴图 for 空间防护服终极版改
[15:53:38] [INFO] [Additionalmshookl] [INFO] [CreateCustomItem] 开始注册物品 for 空间防护服终极版改
[15:53:38] [INFO] [Additionalmshookl] [INFO] 物品注册成功: konggai_10920 (ID: 10920)
[15:53:38] [INFO] [Additionalmshookl] [INFO] [CreateCustomItem] 完成注册物品 for 空间防护服终极版改
[15:53:38] [INFO] Adding formula success: 10921
[15:53:38] [INFO] [Additionalmshookl] [INFO] 为物品 空间防护服终极版改 添加合成配方: 10921
[15:53:38] [INFO] [Additionalmshookl] [INFO] [CreateCustomItem] 准备调用SetupAdditionalSlots for 空间防护服终极版改
[15:53:38] [INFO] [Additionalmshookl] [INFO] [SetupAdditionalSlots] 开始处理物品 空间防护服终极版改 的配件槽配置
[15:53:38] [INFO] [Additionalmshookl] [INFO] [SetupAdditionalSlots] AdditionalSlotTags: 
[15:53:38] [INFO] [Additionalmshookl] [INFO] [SetupAdditionalSlots] AdditionalSlotCount: 0
[15:53:38] [INFO] [Additionalmshookl] [INFO] [SetupAdditionalSlots] ReplaceExistingSlots: False
[15:53:38] [INFO] [Additionalmshookl] [INFO] 物品 空间防护服终极版改 配件槽配置无效或未设置，跳过配件槽添加
[15:53:38] [INFO] [Additionalmshookl] [INFO] [CreateCustomItem] 准备调用SetupDecomposeFormula for 空间防护服终极版改
[15:53:38] [INFO] [Additionalmshookl] [INFO] [SetupDecomposeFormula] 开始处理物品 空间防护服终极版改 的分解配方，EnableDecompose: False
[15:53:38] [INFO] [Additionalmshookl] [INFO] [CreateCustomItem] 完成所有方法调用 for 空间防护服终极版改
[15:53:38] [INFO] [Additionalmshookl] [INFO] [CreateCustomItem] CreateCustomItem方法成功完成 for 空间防护服终极版改
[15:53:38] [INFO] [Additionalmshookl] [INFO] [MShook-DEBUG] CreateCustomItem方法调用完成
[15:53:38] [INFO] [Additionalmshookl] [INFO] 成功处理配置: 空间防护服终极版改 (ID: 10920) 来自 10920_空间防护服终极版改.json
[15:53:38] [INFO] [Additionalmshookl] [INFO] 配置文件 10921_空间防护头盔终极版改.json 中设置的NewItemId: 10921
[15:53:38] [INFO] [Additionalmshookl] [INFO] [MShook-DEBUG] 正在处理配置: 10921_空间防护头盔终极版改.json 中的物品 空间防护头盔终极版改
[15:53:38] [INFO] [Additionalmshookl] [INFO] [MShook-DEBUG] 即将调用CreateCustomItem方法
[15:53:38] [INFO] [Additionalmshookl] [INFO] ========== CreateCustomItem 开始处理物品: 空间防护头盔终极版改 ==========
[15:53:38] [INFO] [Additionalmshookl] [INFO] 配置原始ID: 921, 新ID: 10921
[15:53:38] [INFO] [Additionalmshookl] [INFO] 开始处理物品: 空间防护头盔终极版改，原始ID: 921，配置的新ID: 10921
[15:53:38] [INFO] [Additionalmshookl] [INFO] 为物品 空间防护头盔终极版改 生成的唯一键: 596399855
[15:53:38] [INFO] [Additionalmshookl] [INFO] 为物品 空间防护头盔终极版改 使用已保存的ID: 10921
[15:53:38] [INFO] [Additionalmshookl] [INFO] 将ID 10921 添加到已使用列表
[15:53:38] [INFO] [Additionalmshookl] [INFO] [CreateCustomItem] 开始设置物品属性 for 空间防护头盔终极版改
[15:53:38] [INFO] [Additionalmshookl] [INFO] [SetItemProperties] 开始设置物品 空间防护头盔终极版改 的基本属性
[15:53:38] [INFO] [Additionalmshookl] [INFO] 成功设置字段 typeID = 10921 (类型: Item)
[15:53:38] [INFO] [Additionalmshookl] [INFO] 成功设置字段 weight = 3.5 (类型: Item)
[15:53:38] [INFO] [Additionalmshookl] [INFO] 成功设置字段 value = 7000 (类型: Item)
[15:53:38] [INFO] [Additionalmshookl] [INFO] 成功设置字段 displayName = kongtou_10921 (类型: Item)
[15:53:38] [INFO] [Additionalmshookl] [INFO] 成功设置字段 quality = 6 (类型: Item)
[15:53:38] [INFO] [Additionalmshookl] [INFO] 成功设置字段 order = 0 (类型: Item)
[15:53:38] [INFO] [Additionalmshookl] [INFO] [SetItemProperties] 完成基本属性设置，开始处理Tags
[15:53:38] [INFO] [Additionalmshookl] [INFO] [SetItemProperties] 检测到Tags配置，数量: 5
[15:53:38] [INFO] [Additionalmshookl] [INFO] 物品 空间防护头盔终极版改 的所有标签: DontDropOnDeadInSlot, Repairable, Helmat, Equipment, Special
[15:53:38] [INFO] [Additionalmshookl] [INFO] [TagUtils-DEBUG] 开始处理标签: DontDropOnDeadInSlot
[15:53:38] [INFO] [TagUtils] ===== GetOrCreateTag方法被调用 =====
[15:53:38] [INFO] [TagUtils] 参数: tagName='DontDropOnDeadInSlot', displayName=''
[15:53:38] [INFO] [TagUtils] FindExistingTag 查找: DontDropOnDeadInSlot
[15:53:38] [INFO] [TagUtils] 找到 134 个Tag对象，开始查找: DontDropOnDeadInSlot
[15:53:38] [INFO] [TagUtils] 通过属性找到匹配的Tag: DontDropOnDeadInSlot
[15:53:38] [INFO] [TagUtils] 找到现有Tag: DontDropOnDeadInSlot
[15:53:38] [INFO] [Additionalmshookl] [INFO] [TagUtils-DEBUG] 标签 DontDropOnDeadInSlot 创建成功: Tag
[15:53:38] [INFO] [Additionalmshookl] [ERROR] 无法获取Tags列表
[15:53:38] [INFO] [Additionalmshookl] [INFO] [TagUtils-DEBUG] 开始处理标签: Repairable
[15:53:38] [INFO] [TagUtils] ===== GetOrCreateTag方法被调用 =====
[15:53:38] [INFO] [TagUtils] 参数: tagName='Repairable', displayName=''
[15:53:38] [INFO] [TagUtils] FindExistingTag 查找: Repairable
[15:53:38] [INFO] [TagUtils] 找到 134 个Tag对象，开始查找: Repairable
[15:53:38] [INFO] [TagUtils] 通过属性找到匹配的Tag: Repairable
[15:53:38] [INFO] [TagUtils] 找到现有Tag: Repairable
[15:53:38] [INFO] [Additionalmshookl] [INFO] [TagUtils-DEBUG] 标签 Repairable 创建成功: Tag
[15:53:38] [INFO] [Additionalmshookl] [ERROR] 无法获取Tags列表
[15:53:38] [INFO] [Additionalmshookl] [INFO] [TagUtils-DEBUG] 开始处理标签: Helmat
[15:53:38] [INFO] [TagUtils] ===== GetOrCreateTag方法被调用 =====
[15:53:38] [INFO] [TagUtils] 参数: tagName='Helmat', displayName=''
[15:53:38] [INFO] [TagUtils] FindExistingTag 查找: Helmat
[15:53:38] [INFO] [TagUtils] 找到 134 个Tag对象，开始查找: Helmat
[15:53:38] [INFO] [TagUtils] 通过属性找到匹配的Tag: Helmat
[15:53:38] [INFO] [TagUtils] 找到现有Tag: Helmat
[15:53:38] [INFO] [Additionalmshookl] [INFO] [TagUtils-DEBUG] 标签 Helmat 创建成功: Tag
[15:53:38] [INFO] [Additionalmshookl] [ERROR] 无法获取Tags列表
[15:53:38] [INFO] [Additionalmshookl] [INFO] [TagUtils-DEBUG] 开始处理标签: Equipment
[15:53:38] [INFO] [TagUtils] ===== GetOrCreateTag方法被调用 =====
[15:53:38] [INFO] [TagUtils] 参数: tagName='Equipment', displayName=''
[15:53:38] [INFO] [TagUtils] FindExistingTag 查找: Equipment
[15:53:38] [INFO] [TagUtils] 找到 134 个Tag对象，开始查找: Equipment
[15:53:38] [INFO] [TagUtils] 通过属性找到匹配的Tag: Equipment
[15:53:38] [INFO] [TagUtils] 找到现有Tag: Equipment
[15:53:38] [INFO] [Additionalmshookl] [INFO] [TagUtils-DEBUG] 标签 Equipment 创建成功: Tag
[15:53:38] [INFO] [Additionalmshookl] [ERROR] 无法获取Tags列表
[15:53:38] [INFO] [Additionalmshookl] [INFO] [TagUtils-DEBUG] 开始处理标签: Special
[15:53:38] [INFO] [TagUtils] ===== GetOrCreateTag方法被调用 =====
[15:53:38] [INFO] [TagUtils] 参数: tagName='Special', displayName=''
[15:53:38] [INFO] [TagUtils] FindExistingTag 查找: Special
[15:53:38] [INFO] [TagUtils] 找到 134 个Tag对象，开始查找: Special
[15:53:38] [INFO] [TagUtils] 通过属性找到匹配的Tag: Special
[15:53:38] [INFO] [TagUtils] 找到现有Tag: Special
[15:53:38] [INFO] [Additionalmshookl] [INFO] [TagUtils-DEBUG] 标签 Special 创建成功: Tag
[15:53:38] [INFO] [Additionalmshookl] [ERROR] 无法获取Tags列表
[15:53:38] [INFO] [Additionalmshookl] [INFO] 为物品 空间防护头盔终极版改 添加FoodDrink组件
[15:53:38] [INFO] [Additionalmshookl] [INFO] 物品 空间防护头盔终极版改 能量值: 0, 口渴值: 0
[15:53:38] [INFO] [Additionalmshookl] [INFO] 正在为 CustomItem_10921 配置 Modifiers...
[15:53:38] [INFO] [Additionalmshookl] [INFO] 成功设置字段 value = 6 (类型: ModifierDescription)
[15:53:38] [INFO] [Additionalmshookl] [INFO]   - 头部护甲-HeadArmor 修改成功: 5 -> 6
[15:53:38] [INFO] [Additionalmshookl] [INFO] 成功设置字段 value = 1 (类型: ModifierDescription)
[15:53:38] [INFO] [Additionalmshookl] [INFO]   - StormProtection-StormProtection 修改成功: 1 -> 1
[15:53:38] [INFO] [Additionalmshookl] [INFO] 成功设置字段 value = -0.1 (类型: ModifierDescription)
[15:53:38] [INFO] [Additionalmshookl] [INFO]   - 空间元素抵抗-ElementFactor_Space 修改成功: -0.08 -> -0.1
[15:53:38] [INFO] [Additionalmshookl] [INFO] 成功设置字段 value = -0.1 (类型: ModifierDescription)
[15:53:38] [INFO] [Additionalmshookl] [INFO]   - 电击元素抵抗-ElementFactor_Electricity 修改成功: -0.05 -> -0.1
[15:53:38] [INFO] [Additionalmshookl] [INFO] 成功设置字段 value = -0.1 (类型: ModifierDescription)
[15:53:38] [INFO] [Additionalmshookl] [INFO]   - 火焰元素抵抗-ElementFactor_Fire 修改成功: -0.05 -> -0.1
[15:53:38] [INFO] [Additionalmshookl] [INFO] 成功设置字段 value = -0.1 (类型: ModifierDescription)
[15:53:38] [INFO] [Additionalmshookl] [INFO]   - 毒素元素抵抗-ElementFactor_Poison 修改成功: -0.05 -> -0.1
[15:53:38] [INFO] [Additionalmshookl] [INFO] 属性 ElementFactor_Physics 目标设置为 Character (角色属性)
[15:53:38] [INFO] [Additionalmshookl] [INFO] 成功设置字段 display = True (类型: ModifierDescription)
[15:53:38] [INFO] [Additionalmshookl] [INFO]   - 物理元素抵抗-ElementFactor_Physics 添加成功: -0.1
[15:53:38] [INFO] [Additionalmshookl] [INFO] CustomItem_10921: 共修改/移除了 6 个现有 Modifier，添加了 1 个新的 Modifier。
[15:53:38] [INFO] [Additionalmshookl] [INFO] 开始应用防具属性配置
[15:53:38] [INFO] [Additionalmshookl] [INFO] 处理防具属性: HeadArmor(头部护甲) = 6
[15:53:38] [INFO] [Additionalmshookl] [INFO] 成功设置字段 value = 6 (类型: ModifierDescription)
[15:53:38] [INFO] [Additionalmshookl] [INFO] 成功设置字段 display = True (类型: ModifierDescription)
[15:53:38] [INFO] [Additionalmshookl] [INFO]   - 修改现有防具属性: HeadArmor = 6
[15:53:38] [INFO] [Additionalmshookl] [INFO] 处理防具属性: ElementFactor_Physics(物理元素抵抗) = -0.1
[15:53:38] [INFO] [Additionalmshookl] [INFO] 成功设置字段 value = -0.1 (类型: ModifierDescription)
[15:53:38] [INFO] [Additionalmshookl] [INFO] 成功设置字段 display = True (类型: ModifierDescription)
[15:53:38] [INFO] [Additionalmshookl] [INFO]   - 修改现有防具属性: ElementFactor_Physics = -0.1
[15:53:38] [INFO] [Additionalmshookl] [INFO] 处理防具属性: ElementFactor_Fire(火焰元素抵抗) = -0.1
[15:53:38] [INFO] [Additionalmshookl] [INFO] 成功设置字段 value = -0.1 (类型: ModifierDescription)
[15:53:38] [INFO] [Additionalmshookl] [INFO] 成功设置字段 display = True (类型: ModifierDescription)
[15:53:38] [INFO] [Additionalmshookl] [INFO]   - 修改现有防具属性: ElementFactor_Fire = -0.1
[15:53:38] [INFO] [Additionalmshookl] [INFO] 处理防具属性: ElementFactor_Poison(毒素元素抵抗) = -0.1
[15:53:38] [INFO] [Additionalmshookl] [INFO] 成功设置字段 value = -0.1 (类型: ModifierDescription)
[15:53:38] [INFO] [Additionalmshookl] [INFO] 成功设置字段 display = True (类型: ModifierDescription)
[15:53:38] [INFO] [Additionalmshookl] [INFO]   - 修改现有防具属性: ElementFactor_Poison = -0.1
[15:53:38] [INFO] [Additionalmshookl] [INFO] 处理防具属性: ElementFactor_Electricity(电击元素抵抗) = -0.1
[15:53:38] [INFO] [Additionalmshookl] [INFO] 成功设置字段 value = -0.1 (类型: ModifierDescription)
[15:53:38] [INFO] [Additionalmshookl] [INFO] 成功设置字段 display = True (类型: ModifierDescription)
[15:53:38] [INFO] [Additionalmshookl] [INFO]   - 修改现有防具属性: ElementFactor_Electricity = -0.1
[15:53:38] [INFO] [Additionalmshookl] [INFO] 处理防具属性: ElementFactor_Space(空间元素抵抗) = -0.1
[15:53:38] [INFO] [Additionalmshookl] [INFO] 成功设置字段 value = -0.1 (类型: ModifierDescription)
[15:53:38] [INFO] [Additionalmshookl] [INFO] 成功设置字段 display = True (类型: ModifierDescription)
[15:53:38] [INFO] [Additionalmshookl] [INFO]   - 修改现有防具属性: ElementFactor_Space = -0.1
[15:53:38] [INFO] [Additionalmshookl] [INFO] 防具属性配置应用完成
[15:53:38] [INFO] [Additionalmshookl] [INFO] 物品 空间防护头盔终极版改 没有配置插槽设置，跳过插槽设置
[15:53:38] [INFO] [Additionalmshookl] [INFO] [原物品Buff分析] 开始分析物品 空间防护头盔终极版改 (原始ID: 921) 的原生Buff效果
[15:53:38] [INFO] [Additionalmshookl] [INFO] [原物品Buff分析] 物品上有 1 个UsageBehavior组件:
[15:53:38] [INFO] [Additionalmshookl] [INFO]   [0] FoodDrink
[15:53:38] [INFO] [Additionalmshookl] [INFO]       -> 类型: FoodDrink (非AddBuff)
[15:53:38] [INFO] [Additionalmshookl] [INFO] 物品 空间防护头盔终极版改 没有配置Buff持续时间，跳过修改
[15:53:38] [INFO] [Additionalmshookl] [INFO] [CreateCustomItem] 完成设置物品属性 for 空间防护头盔终极版改
[15:53:38] [INFO] [Additionalmshookl] [INFO] [CreateCustomItem] 开始设置本地化文本 for 空间防护头盔终极版改
[15:53:38] [INFO] [Additionalmshookl] [INFO] 设置物品 空间防护头盔终极版改 描述键: kongtou_10921_Desc
[15:53:38] [INFO] [Additionalmshookl] [INFO] [CreateCustomItem] 完成设置本地化文本 for 空间防护头盔终极版改
[15:53:38] [INFO] [Additionalmshookl] [INFO] [CreateCustomItem] 开始设置图标 for 空间防护头盔终极版改
[15:53:38] [INFO] [Additionalmshookl] [INFO] 物品 空间防护头盔终极版改 未指定图标，使用原始图标
[15:53:38] [INFO] [Additionalmshookl] [INFO] [CreateCustomItem] 完成设置图标 for 空间防护头盔终极版改
[15:53:38] [INFO] [Additionalmshookl] [INFO] [CreateCustomItem] 完成设置世界模型贴图 for 空间防护头盔终极版改
[15:53:38] [INFO] [Additionalmshookl] [INFO] [CreateCustomItem] 开始注册物品 for 空间防护头盔终极版改
[15:53:38] [INFO] [Additionalmshookl] [INFO] 物品注册成功: kongtou_10921 (ID: 10921)
[15:53:38] [INFO] [Additionalmshookl] [INFO] [CreateCustomItem] 完成注册物品 for 空间防护头盔终极版改
[15:53:38] [INFO] Adding formula success: 10922
[15:53:38] [INFO] [Additionalmshookl] [INFO] 为物品 空间防护头盔终极版改 添加合成配方: 10922
[15:53:38] [INFO] [Additionalmshookl] [INFO] [CreateCustomItem] 准备调用SetupAdditionalSlots for 空间防护头盔终极版改
[15:53:38] [INFO] [Additionalmshookl] [INFO] [SetupAdditionalSlots] 开始处理物品 空间防护头盔终极版改 的配件槽配置
[15:53:38] [INFO] [Additionalmshookl] [INFO] [SetupAdditionalSlots] AdditionalSlotTags: 
[15:53:38] [INFO] [Additionalmshookl] [INFO] [SetupAdditionalSlots] AdditionalSlotCount: 0
[15:53:38] [INFO] [Additionalmshookl] [INFO] [SetupAdditionalSlots] ReplaceExistingSlots: False
[15:53:38] [INFO] [Additionalmshookl] [INFO] 物品 空间防护头盔终极版改 配件槽配置无效或未设置，跳过配件槽添加
[15:53:38] [INFO] [Additionalmshookl] [INFO] [CreateCustomItem] 准备调用SetupDecomposeFormula for 空间防护头盔终极版改
[15:53:38] [INFO] [Additionalmshookl] [INFO] [SetupDecomposeFormula] 开始处理物品 空间防护头盔终极版改 的分解配方，EnableDecompose: False
[15:53:38] [INFO] [Additionalmshookl] [INFO] [CreateCustomItem] 完成所有方法调用 for 空间防护头盔终极版改
[15:53:38] [INFO] [Additionalmshookl] [INFO] [CreateCustomItem] CreateCustomItem方法成功完成 for 空间防护头盔终极版改
[15:53:38] [INFO] [Additionalmshookl] [INFO] [MShook-DEBUG] CreateCustomItem方法调用完成
[15:53:38] [INFO] [Additionalmshookl] [INFO] 成功处理配置: 空间防护头盔终极版改 (ID: 10921) 来自 10921_空间防护头盔终极版改.json
[15:53:38] [INFO] [Additionalmshookl] [INFO] 配置文件 10947_甲胄4.json 中设置的NewItemId: 10947
[15:53:38] [INFO] [Additionalmshookl] [INFO] [MShook-DEBUG] 正在处理配置: 10947_甲胄4.json 中的物品 甲胄Ⅳ
[15:53:38] [INFO] [Additionalmshookl] [INFO] [MShook-DEBUG] 即将调用CreateCustomItem方法
[15:53:38] [INFO] [Additionalmshookl] [INFO] ========== CreateCustomItem 开始处理物品: 甲胄Ⅳ ==========
[15:53:38] [INFO] [Additionalmshookl] [INFO] 配置原始ID: 947, 新ID: 10947
[15:53:38] [INFO] [Additionalmshookl] [INFO] 开始处理物品: 甲胄Ⅳ，原始ID: 947，配置的新ID: 10947
[15:53:38] [INFO] [Additionalmshookl] [INFO] 为物品 甲胄Ⅳ 生成的唯一键: 183779706
[15:53:38] [INFO] [Additionalmshookl] [INFO] 为物品 甲胄Ⅳ 使用已保存的ID: 10947
[15:53:38] [INFO] [Additionalmshookl] [INFO] 将ID 10947 添加到已使用列表
[15:53:38] [INFO] [Additionalmshookl] [INFO] [CreateCustomItem] 开始设置物品属性 for 甲胄Ⅳ
[15:53:38] [INFO] [Additionalmshookl] [INFO] [SetItemProperties] 开始设置物品 甲胄Ⅳ 的基本属性
[15:53:38] [INFO] [Additionalmshookl] [INFO] 成功设置字段 typeID = 10947 (类型: Item)
[15:53:38] [INFO] [Additionalmshookl] [INFO] 成功设置字段 weight = 0.3 (类型: Item)
[15:53:38] [INFO] [Additionalmshookl] [INFO] 成功设置字段 value = 10000 (类型: Item)
[15:53:38] [INFO] [Additionalmshookl] [INFO] 成功设置字段 displayName = jiazhou4_10947 (类型: Item)
[15:53:38] [INFO] [Additionalmshookl] [INFO] 成功设置字段 quality = 6 (类型: Item)
[15:53:38] [INFO] [Additionalmshookl] [INFO] 成功设置字段 order = 0 (类型: Item)
[15:53:38] [INFO] [Additionalmshookl] [INFO] [SetItemProperties] 完成基本属性设置，开始处理Tags
[15:53:38] [INFO] [Additionalmshookl] [INFO] [SetItemProperties] 检测到Tags配置，数量: 2
[15:53:38] [INFO] [Additionalmshookl] [INFO] 物品 甲胄Ⅳ 的所有标签: DontDropOnDeadInSlot, Totem
[15:53:38] [INFO] [Additionalmshookl] [INFO] [TagUtils-DEBUG] 开始处理标签: DontDropOnDeadInSlot
[15:53:38] [INFO] [TagUtils] ===== GetOrCreateTag方法被调用 =====
[15:53:38] [INFO] [TagUtils] 参数: tagName='DontDropOnDeadInSlot', displayName=''
[15:53:38] [INFO] [TagUtils] FindExistingTag 查找: DontDropOnDeadInSlot
[15:53:38] [INFO] [TagUtils] 找到 134 个Tag对象，开始查找: DontDropOnDeadInSlot
[15:53:38] [INFO] [TagUtils] 通过属性找到匹配的Tag: DontDropOnDeadInSlot
[15:53:38] [INFO] [TagUtils] 找到现有Tag: DontDropOnDeadInSlot
[15:53:38] [INFO] [Additionalmshookl] [INFO] [TagUtils-DEBUG] 标签 DontDropOnDeadInSlot 创建成功: Tag
[15:53:38] [INFO] [Additionalmshookl] [ERROR] 无法获取Tags列表
[15:53:38] [INFO] [Additionalmshookl] [INFO] [TagUtils-DEBUG] 开始处理标签: Totem
[15:53:38] [INFO] [TagUtils] ===== GetOrCreateTag方法被调用 =====
[15:53:38] [INFO] [TagUtils] 参数: tagName='Totem', displayName=''
[15:53:38] [INFO] [TagUtils] FindExistingTag 查找: Totem
[15:53:38] [INFO] [TagUtils] 找到 134 个Tag对象，开始查找: Totem
[15:53:38] [INFO] [TagUtils] 通过属性找到匹配的Tag: Totem
[15:53:38] [INFO] [TagUtils] 找到现有Tag: Totem
[15:53:38] [INFO] [Additionalmshookl] [INFO] [TagUtils-DEBUG] 标签 Totem 创建成功: Tag
[15:53:38] [INFO] [Additionalmshookl] [ERROR] 无法获取Tags列表
[15:53:38] [INFO] [Additionalmshookl] [INFO] 为物品 甲胄Ⅳ 添加FoodDrink组件
[15:53:38] [INFO] [Additionalmshookl] [INFO] 物品 甲胄Ⅳ 能量值: 0, 口渴值: 0
[15:53:38] [INFO] [Additionalmshookl] [INFO] 正在为 CustomItem_10947 配置 Modifiers...
[15:53:38] [INFO] [Additionalmshookl] [INFO] 成功设置字段 value = 2 (类型: ModifierDescription)
[15:53:38] [INFO] [Additionalmshookl] [INFO]   - 头部护甲-HeadArmor 修改成功: 1.2 -> 2
[15:53:38] [INFO] [Additionalmshookl] [INFO] 成功设置字段 value = 2 (类型: ModifierDescription)
[15:53:38] [INFO] [Additionalmshookl] [INFO]   - 身体护甲-BodyArmor 修改成功: 1.2 -> 2
[15:53:38] [INFO] [Additionalmshookl] [INFO] 成功设置字段 value = 0 (类型: ModifierDescription)
[15:53:38] [INFO] [Additionalmshookl] [INFO] 成功设置字段 display = False (类型: ModifierDescription)
[15:53:38] [INFO] [Additionalmshookl] [INFO]   - Modifier 'ElementFactor_Fire' (原值: 0.15) 已被移除 (未在配置中指定)。
[15:53:38] [INFO] [Additionalmshookl] [INFO] 成功设置字段 value = 0 (类型: ModifierDescription)
[15:53:38] [INFO] [Additionalmshookl] [INFO] 成功设置字段 display = False (类型: ModifierDescription)
[15:53:38] [INFO] [Additionalmshookl] [INFO]   - Modifier 'ElementFactor_Poison' (原值: 0.15) 已被移除 (未在配置中指定)。
[15:53:38] [INFO] [Additionalmshookl] [INFO] 成功设置字段 value = 0 (类型: ModifierDescription)
[15:53:38] [INFO] [Additionalmshookl] [INFO] 成功设置字段 display = False (类型: ModifierDescription)
[15:53:38] [INFO] [Additionalmshookl] [INFO]   - Modifier 'ElementFactor_Electricity' (原值: 0.15) 已被移除 (未在配置中指定)。
[15:53:38] [INFO] [Additionalmshookl] [INFO] 成功设置字段 value = 0 (类型: ModifierDescription)
[15:53:38] [INFO] [Additionalmshookl] [INFO] 成功设置字段 display = False (类型: ModifierDescription)
[15:53:38] [INFO] [Additionalmshookl] [INFO]   - Modifier 'ElementFactor_Space' (原值: 0.15) 已被移除 (未在配置中指定)。
[15:53:38] [INFO] [Additionalmshookl] [INFO] CustomItem_10947: 共修改/移除了 2 个现有 Modifier，添加了 0 个新的 Modifier。
[15:53:38] [INFO] [Additionalmshookl] [INFO] 开始应用防具属性配置
[15:53:38] [INFO] [Additionalmshookl] [INFO] 处理防具属性: BodyArmor(身体护甲) = 2
[15:53:38] [INFO] [Additionalmshookl] [INFO] 成功设置字段 value = 2 (类型: ModifierDescription)
[15:53:38] [INFO] [Additionalmshookl] [INFO] 成功设置字段 display = True (类型: ModifierDescription)
[15:53:38] [INFO] [Additionalmshookl] [INFO]   - 修改现有防具属性: BodyArmor = 2
[15:53:38] [INFO] [Additionalmshookl] [INFO] 处理防具属性: HeadArmor(头部护甲) = 2
[15:53:38] [INFO] [Additionalmshookl] [INFO] 成功设置字段 value = 2 (类型: ModifierDescription)
[15:53:38] [INFO] [Additionalmshookl] [INFO] 成功设置字段 display = True (类型: ModifierDescription)
[15:53:38] [INFO] [Additionalmshookl] [INFO]   - 修改现有防具属性: HeadArmor = 2
[15:53:38] [INFO] [Additionalmshookl] [INFO] 防具属性配置应用完成
[15:53:38] [INFO] [Additionalmshookl] [INFO] 物品 甲胄Ⅳ 没有配置插槽设置，跳过插槽设置
[15:53:38] [INFO] [Additionalmshookl] [INFO] [原物品Buff分析] 开始分析物品 甲胄Ⅳ (原始ID: 947) 的原生Buff效果
[15:53:38] [INFO] [Additionalmshookl] [INFO] [原物品Buff分析] 物品上有 1 个UsageBehavior组件:
[15:53:38] [INFO] [Additionalmshookl] [INFO]   [0] FoodDrink
[15:53:39] [INFO] [Additionalmshookl] [INFO]       -> 类型: FoodDrink (非AddBuff)
[15:53:39] [INFO] [Additionalmshookl] [INFO] 物品 甲胄Ⅳ 没有配置Buff持续时间，跳过修改
[15:53:39] [INFO] [Additionalmshookl] [INFO] [CreateCustomItem] 完成设置物品属性 for 甲胄Ⅳ
[15:53:39] [INFO] [Additionalmshookl] [INFO] [CreateCustomItem] 开始设置本地化文本 for 甲胄Ⅳ
[15:53:39] [INFO] [Additionalmshookl] [INFO] 设置物品 甲胄Ⅳ 描述键: jiazhou4_10947_Desc
[15:53:39] [INFO] [Additionalmshookl] [INFO] [CreateCustomItem] 完成设置本地化文本 for 甲胄Ⅳ
[15:53:39] [INFO] [Additionalmshookl] [INFO] [CreateCustomItem] 开始设置图标 for 甲胄Ⅳ
[15:53:39] [INFO] [Additionalmshookl] [INFO] 物品 甲胄Ⅳ 未指定图标，使用原始图标
[15:53:39] [INFO] [Additionalmshookl] [INFO] [CreateCustomItem] 完成设置图标 for 甲胄Ⅳ
[15:53:39] [INFO] [Additionalmshookl] [INFO] [CreateCustomItem] 完成设置世界模型贴图 for 甲胄Ⅳ
[15:53:39] [INFO] [Additionalmshookl] [INFO] [CreateCustomItem] 开始注册物品 for 甲胄Ⅳ
[15:53:39] [INFO] [Additionalmshookl] [INFO] 物品注册成功: jiazhou4_10947 (ID: 10947)
[15:53:39] [INFO] [Additionalmshookl] [INFO] [CreateCustomItem] 完成注册物品 for 甲胄Ⅳ
[15:53:39] [INFO] [Additionalmshookl] [INFO] [CreateCustomItem] 准备调用SetupAdditionalSlots for 甲胄Ⅳ
[15:53:39] [INFO] [Additionalmshookl] [INFO] [SetupAdditionalSlots] 开始处理物品 甲胄Ⅳ 的配件槽配置
[15:53:39] [INFO] [Additionalmshookl] [INFO] [SetupAdditionalSlots] AdditionalSlotTags: 
[15:53:39] [INFO] [Additionalmshookl] [INFO] [SetupAdditionalSlots] AdditionalSlotCount: 0
[15:53:39] [INFO] [Additionalmshookl] [INFO] [SetupAdditionalSlots] ReplaceExistingSlots: False
[15:53:39] [INFO] [Additionalmshookl] [INFO] 物品 甲胄Ⅳ 配件槽配置无效或未设置，跳过配件槽添加
[15:53:39] [INFO] [Additionalmshookl] [INFO] [CreateCustomItem] 准备调用SetupDecomposeFormula for 甲胄Ⅳ
[15:53:39] [INFO] [Additionalmshookl] [INFO] [SetupDecomposeFormula] 开始处理物品 甲胄Ⅳ 的分解配方，EnableDecompose: False
[15:53:39] [INFO] [Additionalmshookl] [INFO] [CreateCustomItem] 完成所有方法调用 for 甲胄Ⅳ
[15:53:39] [INFO] [Additionalmshookl] [INFO] [CreateCustomItem] CreateCustomItem方法成功完成 for 甲胄Ⅳ
[15:53:39] [INFO] [Additionalmshookl] [INFO] [MShook-DEBUG] CreateCustomItem方法调用完成
[15:53:39] [INFO] [Additionalmshookl] [INFO] 成功处理配置: 甲胄Ⅳ (ID: 10947) 来自 10947_甲胄4.json
[15:53:39] [INFO] [Additionalmshookl] [INFO] 配置文件 10951_抗电4.json 中设置的NewItemId: 10951
[15:53:39] [INFO] [Additionalmshookl] [INFO] [MShook-DEBUG] 正在处理配置: 10951_抗电4.json 中的物品 抗电Ⅳ
[15:53:39] [INFO] [Additionalmshookl] [INFO] [MShook-DEBUG] 即将调用CreateCustomItem方法
[15:53:39] [INFO] [Additionalmshookl] [INFO] ========== CreateCustomItem 开始处理物品: 抗电Ⅳ ==========
[15:53:39] [INFO] [Additionalmshookl] [INFO] 配置原始ID: 951, 新ID: 10951
[15:53:39] [INFO] [Additionalmshookl] [INFO] 开始处理物品: 抗电Ⅳ，原始ID: 951，配置的新ID: 10951
[15:53:39] [INFO] [Additionalmshookl] [INFO] 为物品 抗电Ⅳ 生成的唯一键: 2020993472
[15:53:39] [INFO] [Additionalmshookl] [INFO] 为物品 抗电Ⅳ 使用已保存的ID: 10951
[15:53:39] [INFO] [Additionalmshookl] [INFO] 将ID 10951 添加到已使用列表
[15:53:39] [INFO] [Additionalmshookl] [INFO] [CreateCustomItem] 开始设置物品属性 for 抗电Ⅳ
[15:53:39] [INFO] [Additionalmshookl] [INFO] [SetItemProperties] 开始设置物品 抗电Ⅳ 的基本属性
[15:53:39] [INFO] [Additionalmshookl] [INFO] 成功设置字段 typeID = 10951 (类型: Item)
[15:53:39] [INFO] [Additionalmshookl] [INFO] 成功设置字段 weight = 0.3 (类型: Item)
[15:53:39] [INFO] [Additionalmshookl] [INFO] 成功设置字段 value = 10000 (类型: Item)
[15:53:39] [INFO] [Additionalmshookl] [INFO] 成功设置字段 displayName = kangdian_10951 (类型: Item)
[15:53:39] [INFO] [Additionalmshookl] [INFO] 成功设置字段 quality = 6 (类型: Item)
[15:53:39] [INFO] [Additionalmshookl] [INFO] 成功设置字段 order = 0 (类型: Item)
[15:53:39] [INFO] [Additionalmshookl] [INFO] [SetItemProperties] 完成基本属性设置，开始处理Tags
[15:53:39] [INFO] [Additionalmshookl] [INFO] [SetItemProperties] 检测到Tags配置，数量: 2
[15:53:39] [INFO] [Additionalmshookl] [INFO] 物品 抗电Ⅳ 的所有标签: DontDropOnDeadInSlot, Totem
[15:53:39] [INFO] [Additionalmshookl] [INFO] [TagUtils-DEBUG] 开始处理标签: DontDropOnDeadInSlot
[15:53:39] [INFO] [TagUtils] ===== GetOrCreateTag方法被调用 =====
[15:53:39] [INFO] [TagUtils] 参数: tagName='DontDropOnDeadInSlot', displayName=''
[15:53:39] [INFO] [TagUtils] FindExistingTag 查找: DontDropOnDeadInSlot
[15:53:39] [INFO] [TagUtils] 找到 134 个Tag对象，开始查找: DontDropOnDeadInSlot
[15:53:39] [INFO] [TagUtils] 通过属性找到匹配的Tag: DontDropOnDeadInSlot
[15:53:39] [INFO] [TagUtils] 找到现有Tag: DontDropOnDeadInSlot
[15:53:39] [INFO] [Additionalmshookl] [INFO] [TagUtils-DEBUG] 标签 DontDropOnDeadInSlot 创建成功: Tag
[15:53:39] [INFO] [Additionalmshookl] [ERROR] 无法获取Tags列表
[15:53:39] [INFO] [Additionalmshookl] [INFO] [TagUtils-DEBUG] 开始处理标签: Totem
[15:53:39] [INFO] [TagUtils] ===== GetOrCreateTag方法被调用 =====
[15:53:39] [INFO] [TagUtils] 参数: tagName='Totem', displayName=''
[15:53:39] [INFO] [TagUtils] FindExistingTag 查找: Totem
[15:53:39] [INFO] [TagUtils] 找到 134 个Tag对象，开始查找: Totem
[15:53:39] [INFO] [TagUtils] 通过属性找到匹配的Tag: Totem
[15:53:39] [INFO] [TagUtils] 找到现有Tag: Totem
[15:53:39] [INFO] [Additionalmshookl] [INFO] [TagUtils-DEBUG] 标签 Totem 创建成功: Tag
[15:53:39] [INFO] [Additionalmshookl] [ERROR] 无法获取Tags列表
[15:53:39] [INFO] [Additionalmshookl] [INFO] 为物品 抗电Ⅳ 添加FoodDrink组件
[15:53:39] [INFO] [Additionalmshookl] [INFO] 物品 抗电Ⅳ 能量值: 0, 口渴值: 0
[15:53:39] [INFO] [Additionalmshookl] [INFO] 正在为 CustomItem_10951 配置 Modifiers...
[15:53:39] [INFO] [Additionalmshookl] [INFO] 成功设置字段 value = -0.2 (类型: ModifierDescription)
[15:53:39] [INFO] [Additionalmshookl] [INFO]   - 电击元素抵抗-ElementFactor_Electricity 修改成功: -0.08 -> -0.2
[15:53:39] [INFO] [Additionalmshookl] [INFO] CustomItem_10951: 共修改/移除了 1 个现有 Modifier，添加了 0 个新的 Modifier。
[15:53:39] [INFO] [Additionalmshookl] [INFO] 开始应用防具属性配置
[15:53:39] [INFO] [Additionalmshookl] [INFO] 处理防具属性: ElementFactor_Electricity(电击元素抵抗) = -0.2
[15:53:39] [INFO] [Additionalmshookl] [INFO] 成功设置字段 value = -0.2 (类型: ModifierDescription)
[15:53:39] [INFO] [Additionalmshookl] [INFO] 成功设置字段 display = True (类型: ModifierDescription)
[15:53:39] [INFO] [Additionalmshookl] [INFO]   - 修改现有防具属性: ElementFactor_Electricity = -0.2
[15:53:39] [INFO] [Additionalmshookl] [INFO] 防具属性配置应用完成
[15:53:39] [INFO] [Additionalmshookl] [INFO] 物品 抗电Ⅳ 没有配置插槽设置，跳过插槽设置
[15:53:39] [INFO] [Additionalmshookl] [INFO] [原物品Buff分析] 开始分析物品 抗电Ⅳ (原始ID: 951) 的原生Buff效果
[15:53:39] [INFO] [Additionalmshookl] [INFO] [原物品Buff分析] 物品上有 1 个UsageBehavior组件:
[15:53:39] [INFO] [Additionalmshookl] [INFO]   [0] FoodDrink
[15:53:39] [INFO] [Additionalmshookl] [INFO]       -> 类型: FoodDrink (非AddBuff)
[15:53:39] [INFO] [Additionalmshookl] [INFO] 物品 抗电Ⅳ 没有配置Buff持续时间，跳过修改
[15:53:39] [INFO] [Additionalmshookl] [INFO] [CreateCustomItem] 完成设置物品属性 for 抗电Ⅳ
[15:53:39] [INFO] [Additionalmshookl] [INFO] [CreateCustomItem] 开始设置本地化文本 for 抗电Ⅳ
[15:53:39] [INFO] [Additionalmshookl] [INFO] 设置物品 抗电Ⅳ 描述键: kangdian_10951_Desc
[15:53:39] [INFO] [Additionalmshookl] [INFO] [CreateCustomItem] 完成设置本地化文本 for 抗电Ⅳ
[15:53:39] [INFO] [Additionalmshookl] [INFO] [CreateCustomItem] 开始设置图标 for 抗电Ⅳ
[15:53:39] [INFO] [Additionalmshookl] [INFO] 物品 抗电Ⅳ 未指定图标，使用原始图标
[15:53:39] [INFO] [Additionalmshookl] [INFO] [CreateCustomItem] 完成设置图标 for 抗电Ⅳ
[15:53:39] [INFO] [Additionalmshookl] [INFO] [CreateCustomItem] 完成设置世界模型贴图 for 抗电Ⅳ
[15:53:39] [INFO] [Additionalmshookl] [INFO] [CreateCustomItem] 开始注册物品 for 抗电Ⅳ
[15:53:39] [INFO] [Additionalmshookl] [INFO] 物品注册成功: kangdian_10951 (ID: 10951)
[15:53:39] [INFO] [Additionalmshookl] [INFO] [CreateCustomItem] 完成注册物品 for 抗电Ⅳ
[15:53:39] [INFO] [Additionalmshookl] [INFO] [CreateCustomItem] 准备调用SetupAdditionalSlots for 抗电Ⅳ
[15:53:39] [INFO] [Additionalmshookl] [INFO] [SetupAdditionalSlots] 开始处理物品 抗电Ⅳ 的配件槽配置
[15:53:39] [INFO] [Additionalmshookl] [INFO] [SetupAdditionalSlots] AdditionalSlotTags: 
[15:53:39] [INFO] [Additionalmshookl] [INFO] [SetupAdditionalSlots] AdditionalSlotCount: 0
[15:53:39] [INFO] [Additionalmshookl] [INFO] [SetupAdditionalSlots] ReplaceExistingSlots: False
[15:53:39] [INFO] [Additionalmshookl] [INFO] 物品 抗电Ⅳ 配件槽配置无效或未设置，跳过配件槽添加
[15:53:39] [INFO] [Additionalmshookl] [INFO] [CreateCustomItem] 准备调用SetupDecomposeFormula for 抗电Ⅳ
[15:53:39] [INFO] [Additionalmshookl] [INFO] [SetupDecomposeFormula] 开始处理物品 抗电Ⅳ 的分解配方，EnableDecompose: False
[15:53:39] [INFO] [Additionalmshookl] [INFO] [CreateCustomItem] 完成所有方法调用 for 抗电Ⅳ
[15:53:39] [INFO] [Additionalmshookl] [INFO] [CreateCustomItem] CreateCustomItem方法成功完成 for 抗电Ⅳ
[15:53:39] [INFO] [Additionalmshookl] [INFO] [MShook-DEBUG] CreateCustomItem方法调用完成
[15:53:39] [INFO] [Additionalmshookl] [INFO] 成功处理配置: 抗电Ⅳ (ID: 10951) 来自 10951_抗电4.json
[15:53:39] [INFO] [Additionalmshookl] [INFO] 配置文件 10953_马拉松冠军.json 中设置的NewItemId: 10953
[15:53:39] [INFO] [Additionalmshookl] [INFO] [MShook-DEBUG] 正在处理配置: 10953_马拉松冠军.json 中的物品 马拉松冠军
[15:53:39] [INFO] [Additionalmshookl] [INFO] [MShook-DEBUG] 即将调用CreateCustomItem方法
[15:53:39] [INFO] [Additionalmshookl] [INFO] ========== CreateCustomItem 开始处理物品: 马拉松冠军 ==========
[15:53:39] [INFO] [Additionalmshookl] [INFO] 配置原始ID: 953, 新ID: 10953
[15:53:39] [INFO] [Additionalmshookl] [INFO] 开始处理物品: 马拉松冠军，原始ID: 953，配置的新ID: 10953
[15:53:39] [INFO] [Additionalmshookl] [INFO] 为物品 马拉松冠军 生成的唯一键: 1278223063
[15:53:39] [INFO] [Additionalmshookl] [INFO] 为物品 马拉松冠军 使用已保存的ID: 10953
[15:53:39] [INFO] [Additionalmshookl] [INFO] 将ID 10953 添加到已使用列表
[15:53:39] [INFO] [Additionalmshookl] [INFO] [CreateCustomItem] 开始设置物品属性 for 马拉松冠军
[15:53:39] [INFO] [Additionalmshookl] [INFO] [SetItemProperties] 开始设置物品 马拉松冠军 的基本属性
[15:53:39] [INFO] [Additionalmshookl] [INFO] 成功设置字段 typeID = 10953 (类型: Item)
[15:53:39] [INFO] [Additionalmshookl] [INFO] 成功设置字段 weight = 0.3 (类型: Item)
[15:53:39] [INFO] [Additionalmshookl] [INFO] 成功设置字段 value = 10000 (类型: Item)
[15:53:39] [INFO] [Additionalmshookl] [INFO] 成功设置字段 displayName = 马拉松_10953 (类型: Item)
[15:53:39] [INFO] [Additionalmshookl] [INFO] 成功设置字段 quality = 6 (类型: Item)
[15:53:39] [INFO] [Additionalmshookl] [INFO] 成功设置字段 order = 0 (类型: Item)
[15:53:39] [INFO] [Additionalmshookl] [INFO] [SetItemProperties] 完成基本属性设置，开始处理Tags
[15:53:39] [INFO] [Additionalmshookl] [INFO] [SetItemProperties] 检测到Tags配置，数量: 2
[15:53:39] [INFO] [Additionalmshookl] [INFO] 物品 马拉松冠军 的所有标签: DontDropOnDeadInSlot, Totem
[15:53:39] [INFO] [Additionalmshookl] [INFO] [TagUtils-DEBUG] 开始处理标签: DontDropOnDeadInSlot
[15:53:39] [INFO] [TagUtils] ===== GetOrCreateTag方法被调用 =====
[15:53:39] [INFO] [TagUtils] 参数: tagName='DontDropOnDeadInSlot', displayName=''
[15:53:39] [INFO] [TagUtils] FindExistingTag 查找: DontDropOnDeadInSlot
[15:53:39] [INFO] [TagUtils] 找到 134 个Tag对象，开始查找: DontDropOnDeadInSlot
[15:53:39] [INFO] [TagUtils] 通过属性找到匹配的Tag: DontDropOnDeadInSlot
[15:53:39] [INFO] [TagUtils] 找到现有Tag: DontDropOnDeadInSlot
[15:53:39] [INFO] [Additionalmshookl] [INFO] [TagUtils-DEBUG] 标签 DontDropOnDeadInSlot 创建成功: Tag
[15:53:39] [INFO] [Additionalmshookl] [ERROR] 无法获取Tags列表
[15:53:39] [INFO] [Additionalmshookl] [INFO] [TagUtils-DEBUG] 开始处理标签: Totem
[15:53:39] [INFO] [TagUtils] ===== GetOrCreateTag方法被调用 =====
[15:53:39] [INFO] [TagUtils] 参数: tagName='Totem', displayName=''
[15:53:39] [INFO] [TagUtils] FindExistingTag 查找: Totem
[15:53:39] [INFO] [TagUtils] 找到 134 个Tag对象，开始查找: Totem
[15:53:39] [INFO] [TagUtils] 通过属性找到匹配的Tag: Totem
[15:53:39] [INFO] [TagUtils] 找到现有Tag: Totem
[15:53:39] [INFO] [Additionalmshookl] [INFO] [TagUtils-DEBUG] 标签 Totem 创建成功: Tag
[15:53:39] [INFO] [Additionalmshookl] [ERROR] 无法获取Tags列表
[15:53:39] [INFO] [Additionalmshookl] [INFO] 为物品 马拉松冠军 添加FoodDrink组件
[15:53:39] [INFO] [Additionalmshookl] [INFO] 物品 马拉松冠军 能量值: 0, 口渴值: 0
[15:53:39] [INFO] [Additionalmshookl] [INFO] 正在为 CustomItem_10953 配置 Modifiers...
[15:53:39] [INFO] [Additionalmshookl] [INFO] 成功设置字段 value = -0.9 (类型: ModifierDescription)
[15:53:39] [INFO] [Additionalmshookl] [INFO]   - StaminaDrainRate-StaminaDrainRate 修改成功: -0.4 -> -0.9
[15:53:39] [INFO] [Additionalmshookl] [INFO] CustomItem_10953: 共修改/移除了 1 个现有 Modifier，添加了 0 个新的 Modifier。
[15:53:39] [INFO] [Additionalmshookl] [INFO] 开始应用防具属性配置
[15:53:39] [INFO] [Additionalmshookl] [INFO] 防具属性配置应用完成
[15:53:39] [INFO] [Additionalmshookl] [INFO] 物品 马拉松冠军 没有配置插槽设置，跳过插槽设置
[15:53:39] [INFO] [Additionalmshookl] [INFO] [原物品Buff分析] 开始分析物品 马拉松冠军 (原始ID: 953) 的原生Buff效果
[15:53:39] [INFO] [Additionalmshookl] [INFO] [原物品Buff分析] 物品上有 1 个UsageBehavior组件:
[15:53:39] [INFO] [Additionalmshookl] [INFO]   [0] FoodDrink
[15:53:39] [INFO] [Additionalmshookl] [INFO]       -> 类型: FoodDrink (非AddBuff)
[15:53:39] [INFO] [Additionalmshookl] [INFO] 物品 马拉松冠军 没有配置Buff持续时间，跳过修改
[15:53:39] [INFO] [Additionalmshookl] [INFO] [CreateCustomItem] 完成设置物品属性 for 马拉松冠军
[15:53:39] [INFO] [Additionalmshookl] [INFO] [CreateCustomItem] 开始设置本地化文本 for 马拉松冠军
[15:53:39] [INFO] [Additionalmshookl] [INFO] 设置物品 马拉松冠军 描述键: 马拉松_10953_Desc
[15:53:39] [INFO] [Additionalmshookl] [INFO] [CreateCustomItem] 完成设置本地化文本 for 马拉松冠军
[15:53:39] [INFO] [Additionalmshookl] [INFO] [CreateCustomItem] 开始设置图标 for 马拉松冠军
[15:53:39] [INFO] [Additionalmshookl] [INFO] 物品 马拉松冠军 未指定图标，使用原始图标
[15:53:39] [INFO] [Additionalmshookl] [INFO] [CreateCustomItem] 完成设置图标 for 马拉松冠军
[15:53:39] [INFO] [Additionalmshookl] [INFO] [CreateCustomItem] 完成设置世界模型贴图 for 马拉松冠军
[15:53:39] [INFO] [Additionalmshookl] [INFO] [CreateCustomItem] 开始注册物品 for 马拉松冠军
[15:53:39] [INFO] [Additionalmshookl] [INFO] 物品注册成功: 马拉松_10953 (ID: 10953)
[15:53:39] [INFO] [Additionalmshookl] [INFO] [CreateCustomItem] 完成注册物品 for 马拉松冠军
[15:53:39] [INFO] [Additionalmshookl] [INFO] [CreateCustomItem] 准备调用SetupAdditionalSlots for 马拉松冠军
[15:53:39] [INFO] [Additionalmshookl] [INFO] [SetupAdditionalSlots] 开始处理物品 马拉松冠军 的配件槽配置
[15:53:39] [INFO] [Additionalmshookl] [INFO] [SetupAdditionalSlots] AdditionalSlotTags: 
[15:53:39] [INFO] [Additionalmshookl] [INFO] [SetupAdditionalSlots] AdditionalSlotCount: 0
[15:53:39] [INFO] [Additionalmshookl] [INFO] [SetupAdditionalSlots] ReplaceExistingSlots: False
[15:53:39] [INFO] [Additionalmshookl] [INFO] 物品 马拉松冠军 配件槽配置无效或未设置，跳过配件槽添加
[15:53:39] [INFO] [Additionalmshookl] [INFO] [CreateCustomItem] 准备调用SetupDecomposeFormula for 马拉松冠军
[15:53:39] [INFO] [Additionalmshookl] [INFO] [SetupDecomposeFormula] 开始处理物品 马拉松冠军 的分解配方，EnableDecompose: False
[15:53:39] [INFO] [Additionalmshookl] [INFO] [CreateCustomItem] 完成所有方法调用 for 马拉松冠军
[15:53:39] [INFO] [Additionalmshookl] [INFO] [CreateCustomItem] CreateCustomItem方法成功完成 for 马拉松冠军
[15:53:39] [INFO] [Additionalmshookl] [INFO] [MShook-DEBUG] CreateCustomItem方法调用完成
[15:53:39] [INFO] [Additionalmshookl] [INFO] 成功处理配置: 马拉松冠军 (ID: 10953) 来自 10953_马拉松冠军.json
[15:53:39] [INFO] [Additionalmshookl] [INFO] 配置文件 10955_抗火4.json 中设置的NewItemId: 10955
[15:53:39] [INFO] [Additionalmshookl] [INFO] [MShook-DEBUG] 正在处理配置: 10955_抗火4.json 中的物品 抗火Ⅳ
[15:53:39] [INFO] [Additionalmshookl] [INFO] [MShook-DEBUG] 即将调用CreateCustomItem方法
[15:53:39] [INFO] [Additionalmshookl] [INFO] ========== CreateCustomItem 开始处理物品: 抗火Ⅳ ==========
[15:53:39] [INFO] [Additionalmshookl] [INFO] 配置原始ID: 955, 新ID: 10955
[15:53:39] [INFO] [Additionalmshookl] [INFO] 开始处理物品: 抗火Ⅳ，原始ID: 955，配置的新ID: 10955
[15:53:39] [INFO] [Additionalmshookl] [INFO] 为物品 抗火Ⅳ 生成的唯一键: 1322749206
[15:53:39] [INFO] [Additionalmshookl] [INFO] 为物品 抗火Ⅳ 使用已保存的ID: 10955
[15:53:39] [INFO] [Additionalmshookl] [INFO] 将ID 10955 添加到已使用列表
[15:53:39] [INFO] [Additionalmshookl] [INFO] [CreateCustomItem] 开始设置物品属性 for 抗火Ⅳ
[15:53:39] [INFO] [Additionalmshookl] [INFO] [SetItemProperties] 开始设置物品 抗火Ⅳ 的基本属性
[15:53:39] [INFO] [Additionalmshookl] [INFO] 成功设置字段 typeID = 10955 (类型: Item)
[15:53:39] [INFO] [Additionalmshookl] [INFO] 成功设置字段 weight = 0.3 (类型: Item)
[15:53:39] [INFO] [Additionalmshookl] [INFO] 成功设置字段 value = 10000 (类型: Item)
[15:53:39] [INFO] [Additionalmshookl] [INFO] 成功设置字段 displayName = kanghuo_10955 (类型: Item)
[15:53:39] [INFO] [Additionalmshookl] [INFO] 成功设置字段 quality = 6 (类型: Item)
[15:53:39] [INFO] [Additionalmshookl] [INFO] 成功设置字段 order = 0 (类型: Item)
[15:53:39] [INFO] [Additionalmshookl] [INFO] [SetItemProperties] 完成基本属性设置，开始处理Tags
[15:53:39] [INFO] [Additionalmshookl] [INFO] [SetItemProperties] 检测到Tags配置，数量: 2
[15:53:39] [INFO] [Additionalmshookl] [INFO] 物品 抗火Ⅳ 的所有标签: DontDropOnDeadInSlot, Totem
[15:53:39] [INFO] [Additionalmshookl] [INFO] [TagUtils-DEBUG] 开始处理标签: DontDropOnDeadInSlot
[15:53:39] [INFO] [TagUtils] ===== GetOrCreateTag方法被调用 =====
[15:53:39] [INFO] [TagUtils] 参数: tagName='DontDropOnDeadInSlot', displayName=''
[15:53:39] [INFO] [TagUtils] FindExistingTag 查找: DontDropOnDeadInSlot
[15:53:39] [INFO] [TagUtils] 找到 134 个Tag对象，开始查找: DontDropOnDeadInSlot
[15:53:39] [INFO] [TagUtils] 通过属性找到匹配的Tag: DontDropOnDeadInSlot
[15:53:39] [INFO] [TagUtils] 找到现有Tag: DontDropOnDeadInSlot
[15:53:39] [INFO] [Additionalmshookl] [INFO] [TagUtils-DEBUG] 标签 DontDropOnDeadInSlot 创建成功: Tag
[15:53:39] [INFO] [Additionalmshookl] [ERROR] 无法获取Tags列表
[15:53:39] [INFO] [Additionalmshookl] [INFO] [TagUtils-DEBUG] 开始处理标签: Totem
[15:53:39] [INFO] [TagUtils] ===== GetOrCreateTag方法被调用 =====
[15:53:39] [INFO] [TagUtils] 参数: tagName='Totem', displayName=''
[15:53:39] [INFO] [TagUtils] FindExistingTag 查找: Totem
[15:53:39] [INFO] [TagUtils] 找到 134 个Tag对象，开始查找: Totem
[15:53:39] [INFO] [TagUtils] 通过属性找到匹配的Tag: Totem
[15:53:39] [INFO] [TagUtils] 找到现有Tag: Totem
[15:53:39] [INFO] [Additionalmshookl] [INFO] [TagUtils-DEBUG] 标签 Totem 创建成功: Tag
[15:53:39] [INFO] [Additionalmshookl] [ERROR] 无法获取Tags列表
[15:53:39] [INFO] [Additionalmshookl] [INFO] 为物品 抗火Ⅳ 添加FoodDrink组件
[15:53:39] [INFO] [Additionalmshookl] [INFO] 物品 抗火Ⅳ 能量值: 0, 口渴值: 0
[15:53:39] [INFO] [Additionalmshookl] [INFO] 正在为 CustomItem_10955 配置 Modifiers...
[15:53:39] [INFO] [Additionalmshookl] [INFO] 成功设置字段 value = -0.2 (类型: ModifierDescription)
[15:53:39] [INFO] [Additionalmshookl] [INFO]   - 火焰元素抵抗-ElementFactor_Fire 修改成功: -0.08 -> -0.2
[15:53:39] [INFO] [Additionalmshookl] [INFO] CustomItem_10955: 共修改/移除了 1 个现有 Modifier，添加了 0 个新的 Modifier。
[15:53:39] [INFO] [Additionalmshookl] [INFO] 开始应用防具属性配置
[15:53:39] [INFO] [Additionalmshookl] [INFO] 处理防具属性: ElementFactor_Fire(火焰元素抵抗) = -0.2
[15:53:39] [INFO] [Additionalmshookl] [INFO] 成功设置字段 value = -0.2 (类型: ModifierDescription)
[15:53:39] [INFO] [Additionalmshookl] [INFO] 成功设置字段 display = True (类型: ModifierDescription)
[15:53:39] [INFO] [Additionalmshookl] [INFO]   - 修改现有防具属性: ElementFactor_Fire = -0.2
[15:53:39] [INFO] [Additionalmshookl] [INFO] 防具属性配置应用完成
[15:53:39] [INFO] [Additionalmshookl] [INFO] 物品 抗火Ⅳ 没有配置插槽设置，跳过插槽设置
[15:53:39] [INFO] [Additionalmshookl] [INFO] [原物品Buff分析] 开始分析物品 抗火Ⅳ (原始ID: 955) 的原生Buff效果
[15:53:39] [INFO] [Additionalmshookl] [INFO] [原物品Buff分析] 物品上有 1 个UsageBehavior组件:
[15:53:39] [INFO] [Additionalmshookl] [INFO]   [0] FoodDrink
[15:53:39] [INFO] [Additionalmshookl] [INFO]       -> 类型: FoodDrink (非AddBuff)
[15:53:39] [INFO] [Additionalmshookl] [INFO] 物品 抗火Ⅳ 没有配置Buff持续时间，跳过修改
[15:53:39] [INFO] [Additionalmshookl] [INFO] [CreateCustomItem] 完成设置物品属性 for 抗火Ⅳ
[15:53:39] [INFO] [Additionalmshookl] [INFO] [CreateCustomItem] 开始设置本地化文本 for 抗火Ⅳ
[15:53:39] [INFO] [Additionalmshookl] [INFO] 设置物品 抗火Ⅳ 描述键: kanghuo_10955_Desc
[15:53:39] [INFO] [Additionalmshookl] [INFO] [CreateCustomItem] 完成设置本地化文本 for 抗火Ⅳ
[15:53:39] [INFO] [Additionalmshookl] [INFO] [CreateCustomItem] 开始设置图标 for 抗火Ⅳ
[15:53:39] [INFO] [Additionalmshookl] [INFO] 物品 抗火Ⅳ 未指定图标，使用原始图标
[15:53:39] [INFO] [Additionalmshookl] [INFO] [CreateCustomItem] 完成设置图标 for 抗火Ⅳ
[15:53:39] [INFO] [Additionalmshookl] [INFO] [CreateCustomItem] 完成设置世界模型贴图 for 抗火Ⅳ
[15:53:39] [INFO] [Additionalmshookl] [INFO] [CreateCustomItem] 开始注册物品 for 抗火Ⅳ
[15:53:39] [INFO] [Additionalmshookl] [INFO] 物品注册成功: kanghuo_10955 (ID: 10955)
[15:53:39] [INFO] [Additionalmshookl] [INFO] [CreateCustomItem] 完成注册物品 for 抗火Ⅳ
[15:53:39] [INFO] [Additionalmshookl] [INFO] [CreateCustomItem] 准备调用SetupAdditionalSlots for 抗火Ⅳ
[15:53:39] [INFO] [Additionalmshookl] [INFO] [SetupAdditionalSlots] 开始处理物品 抗火Ⅳ 的配件槽配置
[15:53:39] [INFO] [Additionalmshookl] [INFO] [SetupAdditionalSlots] AdditionalSlotTags: 
[15:53:39] [INFO] [Additionalmshookl] [INFO] [SetupAdditionalSlots] AdditionalSlotCount: 0
[15:53:39] [INFO] [Additionalmshookl] [INFO] [SetupAdditionalSlots] ReplaceExistingSlots: False
[15:53:39] [INFO] [Additionalmshookl] [INFO] 物品 抗火Ⅳ 配件槽配置无效或未设置，跳过配件槽添加
[15:53:39] [INFO] [Additionalmshookl] [INFO] [CreateCustomItem] 准备调用SetupDecomposeFormula for 抗火Ⅳ
[15:53:39] [INFO] [Additionalmshookl] [INFO] [SetupDecomposeFormula] 开始处理物品 抗火Ⅳ 的分解配方，EnableDecompose: False
[15:53:39] [INFO] [Additionalmshookl] [INFO] [CreateCustomItem] 完成所有方法调用 for 抗火Ⅳ
[15:53:39] [INFO] [Additionalmshookl] [INFO] [CreateCustomItem] CreateCustomItem方法成功完成 for 抗火Ⅳ
[15:53:39] [INFO] [Additionalmshookl] [INFO] [MShook-DEBUG] CreateCustomItem方法调用完成
[15:53:39] [INFO] [Additionalmshookl] [INFO] 成功处理配置: 抗火Ⅳ (ID: 10955) 来自 10955_抗火4.json
[15:53:39] [INFO] [Additionalmshookl] [INFO] 配置文件 10957_进击4.json 中设置的NewItemId: 10957
[15:53:39] [INFO] [Additionalmshookl] [INFO] [MShook-DEBUG] 正在处理配置: 10957_进击4.json 中的物品 进击Ⅳ
[15:53:39] [INFO] [Additionalmshookl] [INFO] [MShook-DEBUG] 即将调用CreateCustomItem方法
[15:53:39] [INFO] [Additionalmshookl] [INFO] ========== CreateCustomItem 开始处理物品: 进击Ⅳ ==========
[15:53:39] [INFO] [Additionalmshookl] [INFO] 配置原始ID: 957, 新ID: 10957
[15:53:39] [INFO] [Additionalmshookl] [INFO] 开始处理物品: 进击Ⅳ，原始ID: 957，配置的新ID: 10957
[15:53:39] [INFO] [Additionalmshookl] [INFO] 为物品 进击Ⅳ 生成的唯一键: 1169315886
[15:53:39] [INFO] [Additionalmshookl] [INFO] 为物品 进击Ⅳ 使用已保存的ID: 10957
[15:53:39] [INFO] [Additionalmshookl] [INFO] 将ID 10957 添加到已使用列表
[15:53:39] [INFO] [Additionalmshookl] [INFO] [CreateCustomItem] 开始设置物品属性 for 进击Ⅳ
[15:53:39] [INFO] [Additionalmshookl] [INFO] [SetItemProperties] 开始设置物品 进击Ⅳ 的基本属性
[15:53:39] [INFO] [Additionalmshookl] [INFO] 成功设置字段 typeID = 10957 (类型: Item)
[15:53:39] [INFO] [Additionalmshookl] [INFO] 成功设置字段 weight = 0.3 (类型: Item)
[15:53:39] [INFO] [Additionalmshookl] [INFO] 成功设置字段 value = 10000 (类型: Item)
[15:53:39] [INFO] [Additionalmshookl] [INFO] 成功设置字段 displayName = jinji4_10957 (类型: Item)
[15:53:39] [INFO] [Additionalmshookl] [INFO] 成功设置字段 quality = 6 (类型: Item)
[15:53:39] [INFO] [Additionalmshookl] [INFO] 成功设置字段 order = 0 (类型: Item)
[15:53:39] [INFO] [Additionalmshookl] [INFO] [SetItemProperties] 完成基本属性设置，开始处理Tags
[15:53:39] [INFO] [Additionalmshookl] [INFO] [SetItemProperties] 检测到Tags配置，数量: 2
[15:53:39] [INFO] [Additionalmshookl] [INFO] 物品 进击Ⅳ 的所有标签: DontDropOnDeadInSlot, Totem
[15:53:39] [INFO] [Additionalmshookl] [INFO] [TagUtils-DEBUG] 开始处理标签: DontDropOnDeadInSlot
[15:53:39] [INFO] [TagUtils] ===== GetOrCreateTag方法被调用 =====
[15:53:39] [INFO] [TagUtils] 参数: tagName='DontDropOnDeadInSlot', displayName=''
[15:53:39] [INFO] [TagUtils] FindExistingTag 查找: DontDropOnDeadInSlot
[15:53:39] [INFO] [TagUtils] 找到 134 个Tag对象，开始查找: DontDropOnDeadInSlot
[15:53:39] [INFO] [TagUtils] 通过属性找到匹配的Tag: DontDropOnDeadInSlot
[15:53:39] [INFO] [TagUtils] 找到现有Tag: DontDropOnDeadInSlot
[15:53:39] [INFO] [Additionalmshookl] [INFO] [TagUtils-DEBUG] 标签 DontDropOnDeadInSlot 创建成功: Tag
[15:53:39] [INFO] [Additionalmshookl] [ERROR] 无法获取Tags列表
[15:53:39] [INFO] [Additionalmshookl] [INFO] [TagUtils-DEBUG] 开始处理标签: Totem
[15:53:39] [INFO] [TagUtils] ===== GetOrCreateTag方法被调用 =====
[15:53:39] [INFO] [TagUtils] 参数: tagName='Totem', displayName=''
[15:53:39] [INFO] [TagUtils] FindExistingTag 查找: Totem
[15:53:39] [INFO] [TagUtils] 找到 134 个Tag对象，开始查找: Totem
[15:53:39] [INFO] [TagUtils] 通过属性找到匹配的Tag: Totem
[15:53:39] [INFO] [TagUtils] 找到现有Tag: Totem
[15:53:39] [INFO] [Additionalmshookl] [INFO] [TagUtils-DEBUG] 标签 Totem 创建成功: Tag
[15:53:39] [INFO] [Additionalmshookl] [ERROR] 无法获取Tags列表
[15:53:39] [INFO] [Additionalmshookl] [INFO] 为物品 进击Ⅳ 添加FoodDrink组件
[15:53:39] [INFO] [Additionalmshookl] [INFO] 物品 进击Ⅳ 能量值: 0, 口渴值: 0
[15:53:39] [INFO] [Additionalmshookl] [INFO] 正在为 CustomItem_10957 配置 Modifiers...
[15:53:39] [INFO] [Additionalmshookl] [INFO] 成功设置字段 value = 0.4 (类型: ModifierDescription)
[15:53:39] [INFO] [Additionalmshookl] [INFO]   - GunDamageMultiplier-GunDamageMultiplier 修改成功: 0.25 -> 0.4
[15:53:39] [INFO] [Additionalmshookl] [INFO] 成功设置字段 value = 0 (类型: ModifierDescription)
[15:53:39] [INFO] [Additionalmshookl] [INFO] 成功设置字段 display = False (类型: ModifierDescription)
[15:53:39] [INFO] [Additionalmshookl] [INFO]   - Modifier 'GunDistanceMultiplier' (原值: -0.15) 已被移除 (未在配置中指定)。
[15:53:39] [INFO] [Additionalmshookl] [INFO] CustomItem_10957: 共修改/移除了 1 个现有 Modifier，添加了 0 个新的 Modifier。
[15:53:39] [INFO] [Additionalmshookl] [INFO] 开始应用防具属性配置
[15:53:39] [INFO] [Additionalmshookl] [INFO] 防具属性配置应用完成
[15:53:39] [INFO] [Additionalmshookl] [INFO] 物品 进击Ⅳ 没有配置插槽设置，跳过插槽设置
[15:53:39] [INFO] [Additionalmshookl] [INFO] [原物品Buff分析] 开始分析物品 进击Ⅳ (原始ID: 957) 的原生Buff效果
[15:53:39] [INFO] [Additionalmshookl] [INFO] [原物品Buff分析] 物品上有 1 个UsageBehavior组件:
[15:53:39] [INFO] [Additionalmshookl] [INFO]   [0] FoodDrink
[15:53:39] [INFO] [Additionalmshookl] [INFO]       -> 类型: FoodDrink (非AddBuff)
[15:53:39] [INFO] [Additionalmshookl] [INFO] 物品 进击Ⅳ 没有配置Buff持续时间，跳过修改
[15:53:39] [INFO] [Additionalmshookl] [INFO] [CreateCustomItem] 完成设置物品属性 for 进击Ⅳ
[15:53:39] [INFO] [Additionalmshookl] [INFO] [CreateCustomItem] 开始设置本地化文本 for 进击Ⅳ
[15:53:39] [INFO] [Additionalmshookl] [INFO] 设置物品 进击Ⅳ 描述键: jinji4_10957_Desc
[15:53:39] [INFO] [Additionalmshookl] [INFO] [CreateCustomItem] 完成设置本地化文本 for 进击Ⅳ
[15:53:39] [INFO] [Additionalmshookl] [INFO] [CreateCustomItem] 开始设置图标 for 进击Ⅳ
[15:53:39] [INFO] [Additionalmshookl] [INFO] 物品 进击Ⅳ 未指定图标，使用原始图标
[15:53:39] [INFO] [Additionalmshookl] [INFO] [CreateCustomItem] 完成设置图标 for 进击Ⅳ
[15:53:39] [INFO] [Additionalmshookl] [INFO] [CreateCustomItem] 完成设置世界模型贴图 for 进击Ⅳ
[15:53:39] [INFO] [Additionalmshookl] [INFO] [CreateCustomItem] 开始注册物品 for 进击Ⅳ
[15:53:39] [INFO] [Additionalmshookl] [INFO] 物品注册成功: jinji4_10957 (ID: 10957)
[15:53:39] [INFO] [Additionalmshookl] [INFO] [CreateCustomItem] 完成注册物品 for 进击Ⅳ
[15:53:39] [INFO] [Additionalmshookl] [INFO] [CreateCustomItem] 准备调用SetupAdditionalSlots for 进击Ⅳ
[15:53:39] [INFO] [Additionalmshookl] [INFO] [SetupAdditionalSlots] 开始处理物品 进击Ⅳ 的配件槽配置
[15:53:39] [INFO] [Additionalmshookl] [INFO] [SetupAdditionalSlots] AdditionalSlotTags: 
[15:53:39] [INFO] [Additionalmshookl] [INFO] [SetupAdditionalSlots] AdditionalSlotCount: 0
[15:53:39] [INFO] [Additionalmshookl] [INFO] [SetupAdditionalSlots] ReplaceExistingSlots: False
[15:53:39] [INFO] [Additionalmshookl] [INFO] 物品 进击Ⅳ 配件槽配置无效或未设置，跳过配件槽添加
[15:53:39] [INFO] [Additionalmshookl] [INFO] [CreateCustomItem] 准备调用SetupDecomposeFormula for 进击Ⅳ
[15:53:39] [INFO] [Additionalmshookl] [INFO] [SetupDecomposeFormula] 开始处理物品 进击Ⅳ 的分解配方，EnableDecompose: False
[15:53:39] [INFO] [Additionalmshookl] [INFO] [CreateCustomItem] 完成所有方法调用 for 进击Ⅳ
[15:53:39] [INFO] [Additionalmshookl] [INFO] [CreateCustomItem] CreateCustomItem方法成功完成 for 进击Ⅳ
[15:53:39] [INFO] [Additionalmshookl] [INFO] [MShook-DEBUG] CreateCustomItem方法调用完成
[15:53:39] [INFO] [Additionalmshookl] [INFO] 成功处理配置: 进击Ⅳ (ID: 10957) 来自 10957_进击4.json
[15:53:39] [INFO] [Additionalmshookl] [INFO] 配置文件 10959_恢复4.json 中设置的NewItemId: 10959
[15:53:39] [INFO] [Additionalmshookl] [INFO] [MShook-DEBUG] 正在处理配置: 10959_恢复4.json 中的物品 恢复Ⅳ
[15:53:39] [INFO] [Additionalmshookl] [INFO] [MShook-DEBUG] 即将调用CreateCustomItem方法
[15:53:39] [INFO] [Additionalmshookl] [INFO] ========== CreateCustomItem 开始处理物品: 恢复Ⅳ ==========
[15:53:39] [INFO] [Additionalmshookl] [INFO] 配置原始ID: 959, 新ID: 10959
[15:53:39] [INFO] [Additionalmshookl] [INFO] 开始处理物品: 恢复Ⅳ，原始ID: 959，配置的新ID: 10959
[15:53:39] [INFO] [Additionalmshookl] [INFO] 为物品 恢复Ⅳ 生成的唯一键: 959449971
[15:53:39] [INFO] [Additionalmshookl] [INFO] 为物品 恢复Ⅳ 使用已保存的ID: 10959
[15:53:39] [INFO] [Additionalmshookl] [INFO] 将ID 10959 添加到已使用列表
[15:53:39] [INFO] [Additionalmshookl] [INFO] [CreateCustomItem] 开始设置物品属性 for 恢复Ⅳ
[15:53:39] [INFO] [Additionalmshookl] [INFO] [SetItemProperties] 开始设置物品 恢复Ⅳ 的基本属性
[15:53:39] [INFO] [Additionalmshookl] [INFO] 成功设置字段 typeID = 10959 (类型: Item)
[15:53:39] [INFO] [Additionalmshookl] [INFO] 成功设置字段 weight = 0.3 (类型: Item)
[15:53:39] [INFO] [Additionalmshookl] [INFO] 成功设置字段 value = 10000 (类型: Item)
[15:53:39] [INFO] [Additionalmshookl] [INFO] 成功设置字段 displayName = huifu4_10980 (类型: Item)
[15:53:39] [INFO] [Additionalmshookl] [INFO] 成功设置字段 quality = 6 (类型: Item)
[15:53:39] [INFO] [Additionalmshookl] [INFO] 成功设置字段 order = 0 (类型: Item)
[15:53:39] [INFO] [Additionalmshookl] [INFO] [SetItemProperties] 完成基本属性设置，开始处理Tags
[15:53:39] [INFO] [Additionalmshookl] [INFO] [SetItemProperties] 检测到Tags配置，数量: 2
[15:53:39] [INFO] [Additionalmshookl] [INFO] 物品 恢复Ⅳ 的所有标签: DontDropOnDeadInSlot, Totem
[15:53:39] [INFO] [Additionalmshookl] [INFO] [TagUtils-DEBUG] 开始处理标签: DontDropOnDeadInSlot
[15:53:39] [INFO] [TagUtils] ===== GetOrCreateTag方法被调用 =====
[15:53:39] [INFO] [TagUtils] 参数: tagName='DontDropOnDeadInSlot', displayName=''
[15:53:39] [INFO] [TagUtils] FindExistingTag 查找: DontDropOnDeadInSlot
[15:53:39] [INFO] [TagUtils] 找到 134 个Tag对象，开始查找: DontDropOnDeadInSlot
[15:53:39] [INFO] [TagUtils] 通过属性找到匹配的Tag: DontDropOnDeadInSlot
[15:53:39] [INFO] [TagUtils] 找到现有Tag: DontDropOnDeadInSlot
[15:53:39] [INFO] [Additionalmshookl] [INFO] [TagUtils-DEBUG] 标签 DontDropOnDeadInSlot 创建成功: Tag
[15:53:39] [INFO] [Additionalmshookl] [ERROR] 无法获取Tags列表
[15:53:39] [INFO] [Additionalmshookl] [INFO] [TagUtils-DEBUG] 开始处理标签: Totem
[15:53:39] [INFO] [TagUtils] ===== GetOrCreateTag方法被调用 =====
[15:53:39] [INFO] [TagUtils] 参数: tagName='Totem', displayName=''
[15:53:39] [INFO] [TagUtils] FindExistingTag 查找: Totem
[15:53:39] [INFO] [TagUtils] 找到 134 个Tag对象，开始查找: Totem
[15:53:39] [INFO] [TagUtils] 通过属性找到匹配的Tag: Totem
[15:53:39] [INFO] [TagUtils] 找到现有Tag: Totem
[15:53:39] [INFO] [Additionalmshookl] [INFO] [TagUtils-DEBUG] 标签 Totem 创建成功: Tag
[15:53:39] [INFO] [Additionalmshookl] [ERROR] 无法获取Tags列表
[15:53:39] [INFO] [Additionalmshookl] [INFO] 为物品 恢复Ⅳ 添加FoodDrink组件
[15:53:39] [INFO] [Additionalmshookl] [INFO] 物品 恢复Ⅳ 能量值: 0, 口渴值: 0
[15:53:39] [INFO] [Additionalmshookl] [INFO] 正在为 CustomItem_10959 配置 Modifiers...
[15:53:39] [INFO] [Additionalmshookl] [INFO] 成功设置字段 value = 0 (类型: ModifierDescription)
[15:53:39] [INFO] [Additionalmshookl] [INFO] 成功设置字段 display = False (类型: ModifierDescription)
[15:53:39] [INFO] [Additionalmshookl] [INFO]   - Modifier 'EnergyCost' (原值: 0.3) 已被移除 (未在配置中指定)。
[15:53:39] [INFO] [Additionalmshookl] [INFO] 成功设置字段 value = 0 (类型: ModifierDescription)
[15:53:39] [INFO] [Additionalmshookl] [INFO] 成功设置字段 display = False (类型: ModifierDescription)
[15:53:39] [INFO] [Additionalmshookl] [INFO]   - Modifier 'WaterCost' (原值: 0.3) 已被移除 (未在配置中指定)。
[15:53:39] [INFO] [Additionalmshookl] [INFO] CustomItem_10959: 共修改/移除了 0 个现有 Modifier，添加了 0 个新的 Modifier。
[15:53:39] [INFO] [Additionalmshookl] [INFO] 开始应用防具属性配置
[15:53:39] [INFO] [Additionalmshookl] [INFO] 防具属性配置应用完成
[15:53:39] [INFO] [Additionalmshookl] [INFO] 物品 恢复Ⅳ 没有配置插槽设置，跳过插槽设置
[15:53:39] [INFO] [Additionalmshookl] [INFO] [原物品Buff分析] 开始分析物品 恢复Ⅳ (原始ID: 959) 的原生Buff效果
[15:53:39] [INFO] [Additionalmshookl] [INFO] [原物品Buff分析] 物品上有 1 个UsageBehavior组件:
[15:53:39] [INFO] [Additionalmshookl] [INFO]   [0] FoodDrink
[15:53:39] [INFO] [Additionalmshookl] [INFO]       -> 类型: FoodDrink (非AddBuff)
[15:53:39] [INFO] [Additionalmshookl] [INFO] 物品 恢复Ⅳ 没有配置Buff持续时间，跳过修改
[15:53:39] [INFO] [Additionalmshookl] [INFO] [CreateCustomItem] 完成设置物品属性 for 恢复Ⅳ
[15:53:39] [INFO] [Additionalmshookl] [INFO] [CreateCustomItem] 开始设置本地化文本 for 恢复Ⅳ
[15:53:39] [INFO] [Additionalmshookl] [INFO] 设置物品 恢复Ⅳ 描述键: huifu4_10980_Desc
[15:53:39] [INFO] [Additionalmshookl] [INFO] [CreateCustomItem] 完成设置本地化文本 for 恢复Ⅳ
[15:53:39] [INFO] [Additionalmshookl] [INFO] [CreateCustomItem] 开始设置图标 for 恢复Ⅳ
[15:53:39] [INFO] [Additionalmshookl] [INFO] 物品 恢复Ⅳ 未指定图标，使用原始图标
[15:53:39] [INFO] [Additionalmshookl] [INFO] [CreateCustomItem] 完成设置图标 for 恢复Ⅳ
[15:53:39] [INFO] [Additionalmshookl] [INFO] [CreateCustomItem] 完成设置世界模型贴图 for 恢复Ⅳ
[15:53:39] [INFO] [Additionalmshookl] [INFO] [CreateCustomItem] 开始注册物品 for 恢复Ⅳ
[15:53:39] [INFO] [Additionalmshookl] [INFO] 物品注册成功: huifu4_10980 (ID: 10959)
[15:53:39] [INFO] [Additionalmshookl] [INFO] [CreateCustomItem] 完成注册物品 for 恢复Ⅳ
[15:53:39] [INFO] [Additionalmshookl] [INFO] [CreateCustomItem] 准备调用SetupAdditionalSlots for 恢复Ⅳ
[15:53:39] [INFO] [Additionalmshookl] [INFO] [SetupAdditionalSlots] 开始处理物品 恢复Ⅳ 的配件槽配置
[15:53:39] [INFO] [Additionalmshookl] [INFO] [SetupAdditionalSlots] AdditionalSlotTags: 
[15:53:39] [INFO] [Additionalmshookl] [INFO] [SetupAdditionalSlots] AdditionalSlotCount: 0
[15:53:39] [INFO] [Additionalmshookl] [INFO] [SetupAdditionalSlots] ReplaceExistingSlots: False
[15:53:39] [INFO] [Additionalmshookl] [INFO] 物品 恢复Ⅳ 配件槽配置无效或未设置，跳过配件槽添加
[15:53:39] [INFO] [Additionalmshookl] [INFO] [CreateCustomItem] 准备调用SetupDecomposeFormula for 恢复Ⅳ
[15:53:39] [INFO] [Additionalmshookl] [INFO] [SetupDecomposeFormula] 开始处理物品 恢复Ⅳ 的分解配方，EnableDecompose: False
[15:53:39] [INFO] [Additionalmshookl] [INFO] [CreateCustomItem] 完成所有方法调用 for 恢复Ⅳ
[15:53:39] [INFO] [Additionalmshookl] [INFO] [CreateCustomItem] CreateCustomItem方法成功完成 for 恢复Ⅳ
[15:53:39] [INFO] [Additionalmshookl] [INFO] [MShook-DEBUG] CreateCustomItem方法调用完成
[15:53:39] [INFO] [Additionalmshookl] [INFO] 成功处理配置: 恢复Ⅳ (ID: 10959) 来自 10959_恢复4.json
[15:53:39] [INFO] [Additionalmshookl] [INFO] 配置文件 10961_生命4.json 中设置的NewItemId: 10961
[15:53:39] [INFO] [Additionalmshookl] [INFO] [MShook-DEBUG] 正在处理配置: 10961_生命4.json 中的物品 生命Ⅳ
[15:53:39] [INFO] [Additionalmshookl] [INFO] [MShook-DEBUG] 即将调用CreateCustomItem方法
[15:53:39] [INFO] [Additionalmshookl] [INFO] ========== CreateCustomItem 开始处理物品: 生命Ⅳ ==========
[15:53:39] [INFO] [Additionalmshookl] [INFO] 配置原始ID: 961, 新ID: 10961
[15:53:39] [INFO] [Additionalmshookl] [INFO] 开始处理物品: 生命Ⅳ，原始ID: 961，配置的新ID: 10961
[15:53:39] [INFO] [Additionalmshookl] [INFO] 为物品 生命Ⅳ 生成的唯一键: 196585200
[15:53:39] [INFO] [Additionalmshookl] [INFO] 为物品 生命Ⅳ 使用已保存的ID: 10961
[15:53:39] [INFO] [Additionalmshookl] [INFO] 将ID 10961 添加到已使用列表
[15:53:39] [INFO] [Additionalmshookl] [INFO] [CreateCustomItem] 开始设置物品属性 for 生命Ⅳ
[15:53:39] [INFO] [Additionalmshookl] [INFO] [SetItemProperties] 开始设置物品 生命Ⅳ 的基本属性
[15:53:39] [INFO] [Additionalmshookl] [INFO] 成功设置字段 typeID = 10961 (类型: Item)
[15:53:39] [INFO] [Additionalmshookl] [INFO] 成功设置字段 weight = 0.3 (类型: Item)
[15:53:39] [INFO] [Additionalmshookl] [INFO] 成功设置字段 value = 10000 (类型: Item)
[15:53:39] [INFO] [Additionalmshookl] [INFO] 成功设置字段 displayName = 生命_10961 (类型: Item)
[15:53:39] [INFO] [Additionalmshookl] [INFO] 成功设置字段 quality = 6 (类型: Item)
[15:53:39] [INFO] [Additionalmshookl] [INFO] 成功设置字段 order = 0 (类型: Item)
[15:53:39] [INFO] [Additionalmshookl] [INFO] [SetItemProperties] 完成基本属性设置，开始处理Tags
[15:53:39] [INFO] [Additionalmshookl] [INFO] [SetItemProperties] 检测到Tags配置，数量: 2
[15:53:39] [INFO] [Additionalmshookl] [INFO] 物品 生命Ⅳ 的所有标签: DontDropOnDeadInSlot, Totem
[15:53:39] [INFO] [Additionalmshookl] [INFO] [TagUtils-DEBUG] 开始处理标签: DontDropOnDeadInSlot
[15:53:39] [INFO] [TagUtils] ===== GetOrCreateTag方法被调用 =====
[15:53:39] [INFO] [TagUtils] 参数: tagName='DontDropOnDeadInSlot', displayName=''
[15:53:39] [INFO] [TagUtils] FindExistingTag 查找: DontDropOnDeadInSlot
[15:53:39] [INFO] [TagUtils] 找到 134 个Tag对象，开始查找: DontDropOnDeadInSlot
[15:53:39] [INFO] [TagUtils] 通过属性找到匹配的Tag: DontDropOnDeadInSlot
[15:53:39] [INFO] [TagUtils] 找到现有Tag: DontDropOnDeadInSlot
[15:53:39] [INFO] [Additionalmshookl] [INFO] [TagUtils-DEBUG] 标签 DontDropOnDeadInSlot 创建成功: Tag
[15:53:39] [INFO] [Additionalmshookl] [ERROR] 无法获取Tags列表
[15:53:39] [INFO] [Additionalmshookl] [INFO] [TagUtils-DEBUG] 开始处理标签: Totem
[15:53:39] [INFO] [TagUtils] ===== GetOrCreateTag方法被调用 =====
[15:53:39] [INFO] [TagUtils] 参数: tagName='Totem', displayName=''
[15:53:39] [INFO] [TagUtils] FindExistingTag 查找: Totem
[15:53:39] [INFO] [TagUtils] 找到 134 个Tag对象，开始查找: Totem
[15:53:39] [INFO] [TagUtils] 通过属性找到匹配的Tag: Totem
[15:53:39] [INFO] [TagUtils] 找到现有Tag: Totem
[15:53:39] [INFO] [Additionalmshookl] [INFO] [TagUtils-DEBUG] 标签 Totem 创建成功: Tag
[15:53:39] [INFO] [Additionalmshookl] [ERROR] 无法获取Tags列表
[15:53:39] [INFO] [Additionalmshookl] [INFO] 为物品 生命Ⅳ 添加FoodDrink组件
[15:53:39] [INFO] [Additionalmshookl] [INFO] 物品 生命Ⅳ 能量值: 0, 口渴值: 0
[15:53:39] [INFO] [Additionalmshookl] [INFO] 正在为 CustomItem_10961 配置 Modifiers...
[15:53:39] [INFO] [Additionalmshookl] [INFO] 成功设置字段 value = 45 (类型: ModifierDescription)
[15:53:39] [INFO] [Additionalmshookl] [INFO]   - 最大生命值-MaxHealth 修改成功: 15 -> 45
[15:53:39] [INFO] [Additionalmshookl] [INFO] 属性 StaminaDrainRate 目标默认设置为 Character (默认)
[15:53:39] [INFO] [Additionalmshookl] [INFO] 成功设置字段 display = True (类型: ModifierDescription)
[15:53:39] [INFO] [Additionalmshookl] [INFO]   - StaminaDrainRate-StaminaDrainRate 添加成功: -0.9
[15:53:39] [INFO] [Additionalmshookl] [INFO] CustomItem_10961: 共修改/移除了 1 个现有 Modifier，添加了 1 个新的 Modifier。
[15:53:39] [INFO] [Additionalmshookl] [INFO] 开始应用防具属性配置
[15:53:39] [INFO] [Additionalmshookl] [INFO] 处理防具属性: MaxHealth(最大生命值) = 45
[15:53:39] [INFO] [Additionalmshookl] [INFO] 成功设置字段 value = 45 (类型: ModifierDescription)
[15:53:39] [INFO] [Additionalmshookl] [INFO] 成功设置字段 display = True (类型: ModifierDescription)
[15:53:39] [INFO] [Additionalmshookl] [INFO]   - 修改现有防具属性: MaxHealth = 45
[15:53:39] [INFO] [Additionalmshookl] [INFO] 防具属性配置应用完成
[15:53:39] [INFO] [Additionalmshookl] [INFO] 物品 生命Ⅳ 没有配置插槽设置，跳过插槽设置
[15:53:39] [INFO] [Additionalmshookl] [INFO] [原物品Buff分析] 开始分析物品 生命Ⅳ (原始ID: 961) 的原生Buff效果
[15:53:39] [INFO] [Additionalmshookl] [INFO] [原物品Buff分析] 物品上有 1 个UsageBehavior组件:
[15:53:39] [INFO] [Additionalmshookl] [INFO]   [0] FoodDrink
[15:53:39] [INFO] [Additionalmshookl] [INFO]       -> 类型: FoodDrink (非AddBuff)
[15:53:39] [INFO] [Additionalmshookl] [INFO] 物品 生命Ⅳ 没有配置Buff持续时间，跳过修改
[15:53:39] [INFO] [Additionalmshookl] [INFO] [CreateCustomItem] 完成设置物品属性 for 生命Ⅳ
[15:53:39] [INFO] [Additionalmshookl] [INFO] [CreateCustomItem] 开始设置本地化文本 for 生命Ⅳ
[15:53:39] [INFO] [Additionalmshookl] [INFO] 设置物品 生命Ⅳ 描述键: 生命_10961_Desc
[15:53:39] [INFO] [Additionalmshookl] [INFO] [CreateCustomItem] 完成设置本地化文本 for 生命Ⅳ
[15:53:39] [INFO] [Additionalmshookl] [INFO] [CreateCustomItem] 开始设置图标 for 生命Ⅳ
[15:53:39] [INFO] [Additionalmshookl] [INFO] 物品 生命Ⅳ 未指定图标，使用原始图标
[15:53:39] [INFO] [Additionalmshookl] [INFO] [CreateCustomItem] 完成设置图标 for 生命Ⅳ
[15:53:39] [INFO] [Additionalmshookl] [INFO] [CreateCustomItem] 完成设置世界模型贴图 for 生命Ⅳ
[15:53:39] [INFO] [Additionalmshookl] [INFO] [CreateCustomItem] 开始注册物品 for 生命Ⅳ
[15:53:39] [INFO] [Additionalmshookl] [INFO] 物品注册成功: 生命_10961 (ID: 10961)
[15:53:39] [INFO] [Additionalmshookl] [INFO] [CreateCustomItem] 完成注册物品 for 生命Ⅳ
[15:53:39] [INFO] [Additionalmshookl] [INFO] [CreateCustomItem] 准备调用SetupAdditionalSlots for 生命Ⅳ
[15:53:39] [INFO] [Additionalmshookl] [INFO] [SetupAdditionalSlots] 开始处理物品 生命Ⅳ 的配件槽配置
[15:53:39] [INFO] [Additionalmshookl] [INFO] [SetupAdditionalSlots] AdditionalSlotTags: 
[15:53:39] [INFO] [Additionalmshookl] [INFO] [SetupAdditionalSlots] AdditionalSlotCount: 0
[15:53:39] [INFO] [Additionalmshookl] [INFO] [SetupAdditionalSlots] ReplaceExistingSlots: False
[15:53:39] [INFO] [Additionalmshookl] [INFO] 物品 生命Ⅳ 配件槽配置无效或未设置，跳过配件槽添加
[15:53:39] [INFO] [Additionalmshookl] [INFO] [CreateCustomItem] 准备调用SetupDecomposeFormula for 生命Ⅳ
[15:53:39] [INFO] [Additionalmshookl] [INFO] [SetupDecomposeFormula] 开始处理物品 生命Ⅳ 的分解配方，EnableDecompose: False
[15:53:39] [INFO] [Additionalmshookl] [INFO] [CreateCustomItem] 完成所有方法调用 for 生命Ⅳ
[15:53:39] [INFO] [Additionalmshookl] [INFO] [CreateCustomItem] CreateCustomItem方法成功完成 for 生命Ⅳ
[15:53:39] [INFO] [Additionalmshookl] [INFO] [MShook-DEBUG] CreateCustomItem方法调用完成
[15:53:39] [INFO] [Additionalmshookl] [INFO] 成功处理配置: 生命Ⅳ (ID: 10961) 来自 10961_生命4.json
[15:53:39] [INFO] [Additionalmshookl] [INFO] 配置文件 10964_忍者4.json 中设置的NewItemId: 10964
[15:53:39] [INFO] [Additionalmshookl] [INFO] [MShook-DEBUG] 正在处理配置: 10964_忍者4.json 中的物品 忍者Ⅳ
[15:53:39] [INFO] [Additionalmshookl] [INFO] [MShook-DEBUG] 即将调用CreateCustomItem方法
[15:53:39] [INFO] [Additionalmshookl] [INFO] ========== CreateCustomItem 开始处理物品: 忍者Ⅳ ==========
[15:53:39] [INFO] [Additionalmshookl] [INFO] 配置原始ID: 964, 新ID: 10964
[15:53:39] [INFO] [Additionalmshookl] [INFO] 开始处理物品: 忍者Ⅳ，原始ID: 964，配置的新ID: 10964
[15:53:39] [INFO] [Additionalmshookl] [INFO] 为物品 忍者Ⅳ 生成的唯一键: 78294262
[15:53:39] [INFO] [Additionalmshookl] [INFO] 为物品 忍者Ⅳ 使用已保存的ID: 10964
[15:53:39] [INFO] [Additionalmshookl] [INFO] 将ID 10964 添加到已使用列表
[15:53:39] [INFO] [Additionalmshookl] [INFO] [CreateCustomItem] 开始设置物品属性 for 忍者Ⅳ
[15:53:39] [INFO] [Additionalmshookl] [INFO] [SetItemProperties] 开始设置物品 忍者Ⅳ 的基本属性
[15:53:39] [INFO] [Additionalmshookl] [INFO] 成功设置字段 typeID = 10964 (类型: Item)
[15:53:39] [INFO] [Additionalmshookl] [INFO] 成功设置字段 weight = 0.3 (类型: Item)
[15:53:39] [INFO] [Additionalmshookl] [INFO] 成功设置字段 value = 10000 (类型: Item)
[15:53:39] [INFO] [Additionalmshookl] [INFO] 成功设置字段 displayName = renzhe_10964 (类型: Item)
[15:53:39] [INFO] [Additionalmshookl] [INFO] 成功设置字段 quality = 6 (类型: Item)
[15:53:39] [INFO] [Additionalmshookl] [INFO] 成功设置字段 order = 0 (类型: Item)
[15:53:39] [INFO] [Additionalmshookl] [INFO] [SetItemProperties] 完成基本属性设置，开始处理Tags
[15:53:39] [INFO] [Additionalmshookl] [INFO] [SetItemProperties] 检测到Tags配置，数量: 2
[15:53:39] [INFO] [Additionalmshookl] [INFO] 物品 忍者Ⅳ 的所有标签: DontDropOnDeadInSlot, Totem
[15:53:39] [INFO] [Additionalmshookl] [INFO] [TagUtils-DEBUG] 开始处理标签: DontDropOnDeadInSlot
[15:53:39] [INFO] [TagUtils] ===== GetOrCreateTag方法被调用 =====
[15:53:39] [INFO] [TagUtils] 参数: tagName='DontDropOnDeadInSlot', displayName=''
[15:53:39] [INFO] [TagUtils] FindExistingTag 查找: DontDropOnDeadInSlot
[15:53:39] [INFO] [TagUtils] 找到 134 个Tag对象，开始查找: DontDropOnDeadInSlot
[15:53:39] [INFO] [TagUtils] 通过属性找到匹配的Tag: DontDropOnDeadInSlot
[15:53:39] [INFO] [TagUtils] 找到现有Tag: DontDropOnDeadInSlot
[15:53:39] [INFO] [Additionalmshookl] [INFO] [TagUtils-DEBUG] 标签 DontDropOnDeadInSlot 创建成功: Tag
[15:53:39] [INFO] [Additionalmshookl] [ERROR] 无法获取Tags列表
[15:53:39] [INFO] [Additionalmshookl] [INFO] [TagUtils-DEBUG] 开始处理标签: Totem
[15:53:39] [INFO] [TagUtils] ===== GetOrCreateTag方法被调用 =====
[15:53:39] [INFO] [TagUtils] 参数: tagName='Totem', displayName=''
[15:53:39] [INFO] [TagUtils] FindExistingTag 查找: Totem
[15:53:39] [INFO] [TagUtils] 找到 134 个Tag对象，开始查找: Totem
[15:53:39] [INFO] [TagUtils] 通过属性找到匹配的Tag: Totem
[15:53:39] [INFO] [TagUtils] 找到现有Tag: Totem
[15:53:39] [INFO] [Additionalmshookl] [INFO] [TagUtils-DEBUG] 标签 Totem 创建成功: Tag
[15:53:39] [INFO] [Additionalmshookl] [ERROR] 无法获取Tags列表
[15:53:39] [INFO] [Additionalmshookl] [INFO] 为物品 忍者Ⅳ 添加FoodDrink组件
[15:53:39] [INFO] [Additionalmshookl] [INFO] 物品 忍者Ⅳ 能量值: 0, 口渴值: 0
[15:53:39] [INFO] [Additionalmshookl] [INFO] 正在为 CustomItem_10964 配置 Modifiers...
[15:53:39] [INFO] [Additionalmshookl] [INFO] 成功设置字段 value = -0.9 (类型: ModifierDescription)
[15:53:39] [INFO] [Additionalmshookl] [INFO]   - RunSoundRange-RunSoundRange 修改成功: -0.5 -> -0.9
[15:53:39] [INFO] [Additionalmshookl] [INFO] 成功设置字段 value = -0.9 (类型: ModifierDescription)
[15:53:39] [INFO] [Additionalmshookl] [INFO]   - WalkSoundRange-WalkSoundRange 修改成功: -0.5 -> -0.9
[15:53:39] [INFO] [Additionalmshookl] [INFO] CustomItem_10964: 共修改/移除了 2 个现有 Modifier，添加了 0 个新的 Modifier。
[15:53:39] [INFO] [Additionalmshookl] [INFO] 开始应用防具属性配置
[15:53:39] [INFO] [Additionalmshookl] [INFO] 防具属性配置应用完成
[15:53:39] [INFO] [Additionalmshookl] [INFO] 物品 忍者Ⅳ 没有配置插槽设置，跳过插槽设置
[15:53:39] [INFO] [Additionalmshookl] [INFO] [原物品Buff分析] 开始分析物品 忍者Ⅳ (原始ID: 964) 的原生Buff效果
[15:53:39] [INFO] [Additionalmshookl] [INFO] [原物品Buff分析] 物品上有 1 个UsageBehavior组件:
[15:53:39] [INFO] [Additionalmshookl] [INFO]   [0] FoodDrink
[15:53:39] [INFO] [Additionalmshookl] [INFO]       -> 类型: FoodDrink (非AddBuff)
[15:53:39] [INFO] [Additionalmshookl] [INFO] 物品 忍者Ⅳ 没有配置Buff持续时间，跳过修改
[15:53:39] [INFO] [Additionalmshookl] [INFO] [CreateCustomItem] 完成设置物品属性 for 忍者Ⅳ
[15:53:39] [INFO] [Additionalmshookl] [INFO] [CreateCustomItem] 开始设置本地化文本 for 忍者Ⅳ
[15:53:39] [INFO] [Additionalmshookl] [INFO] 设置物品 忍者Ⅳ 描述键: renzhe_10964_Desc
[15:53:39] [INFO] [Additionalmshookl] [INFO] [CreateCustomItem] 完成设置本地化文本 for 忍者Ⅳ
[15:53:39] [INFO] [Additionalmshookl] [INFO] [CreateCustomItem] 开始设置图标 for 忍者Ⅳ
[15:53:39] [INFO] [Additionalmshookl] [INFO] 物品 忍者Ⅳ 未指定图标，使用原始图标
[15:53:39] [INFO] [Additionalmshookl] [INFO] [CreateCustomItem] 完成设置图标 for 忍者Ⅳ
[15:53:39] [INFO] [Additionalmshookl] [INFO] [CreateCustomItem] 完成设置世界模型贴图 for 忍者Ⅳ
[15:53:39] [INFO] [Additionalmshookl] [INFO] [CreateCustomItem] 开始注册物品 for 忍者Ⅳ
[15:53:39] [INFO] [Additionalmshookl] [INFO] 物品注册成功: renzhe_10964 (ID: 10964)
[15:53:39] [INFO] [Additionalmshookl] [INFO] [CreateCustomItem] 完成注册物品 for 忍者Ⅳ
[15:53:39] [INFO] [Additionalmshookl] [INFO] [CreateCustomItem] 准备调用SetupAdditionalSlots for 忍者Ⅳ
[15:53:39] [INFO] [Additionalmshookl] [INFO] [SetupAdditionalSlots] 开始处理物品 忍者Ⅳ 的配件槽配置
[15:53:39] [INFO] [Additionalmshookl] [INFO] [SetupAdditionalSlots] AdditionalSlotTags: 
[15:53:39] [INFO] [Additionalmshookl] [INFO] [SetupAdditionalSlots] AdditionalSlotCount: 0
[15:53:39] [INFO] [Additionalmshookl] [INFO] [SetupAdditionalSlots] ReplaceExistingSlots: False
[15:53:39] [INFO] [Additionalmshookl] [INFO] 物品 忍者Ⅳ 配件槽配置无效或未设置，跳过配件槽添加
[15:53:39] [INFO] [Additionalmshookl] [INFO] [CreateCustomItem] 准备调用SetupDecomposeFormula for 忍者Ⅳ
[15:53:39] [INFO] [Additionalmshookl] [INFO] [SetupDecomposeFormula] 开始处理物品 忍者Ⅳ 的分解配方，EnableDecompose: False
[15:53:39] [INFO] [Additionalmshookl] [INFO] [CreateCustomItem] 完成所有方法调用 for 忍者Ⅳ
[15:53:39] [INFO] [Additionalmshookl] [INFO] [CreateCustomItem] CreateCustomItem方法成功完成 for 忍者Ⅳ
[15:53:39] [INFO] [Additionalmshookl] [INFO] [MShook-DEBUG] CreateCustomItem方法调用完成
[15:53:39] [INFO] [Additionalmshookl] [INFO] 成功处理配置: 忍者Ⅳ (ID: 10964) 来自 10964_忍者4.json
[15:53:39] [INFO] [Additionalmshookl] [INFO] 配置文件 10966_抗物4.json 中设置的NewItemId: 10966
[15:53:39] [INFO] [Additionalmshookl] [INFO] [MShook-DEBUG] 正在处理配置: 10966_抗物4.json 中的物品 抗物Ⅳ
[15:53:39] [INFO] [Additionalmshookl] [INFO] [MShook-DEBUG] 即将调用CreateCustomItem方法
[15:53:39] [INFO] [Additionalmshookl] [INFO] ========== CreateCustomItem 开始处理物品: 抗物Ⅳ ==========
[15:53:39] [INFO] [Additionalmshookl] [INFO] 配置原始ID: 966, 新ID: 10966
[15:53:39] [INFO] [Additionalmshookl] [INFO] 开始处理物品: 抗物Ⅳ，原始ID: 966，配置的新ID: 10966
[15:53:39] [INFO] [Additionalmshookl] [INFO] 为物品 抗物Ⅳ 生成的唯一键: 1028166900
[15:53:39] [INFO] [Additionalmshookl] [INFO] 为物品 抗物Ⅳ 使用已保存的ID: 10966
[15:53:39] [INFO] [Additionalmshookl] [INFO] 将ID 10966 添加到已使用列表
[15:53:39] [INFO] [Additionalmshookl] [INFO] [CreateCustomItem] 开始设置物品属性 for 抗物Ⅳ
[15:53:39] [INFO] [Additionalmshookl] [INFO] [SetItemProperties] 开始设置物品 抗物Ⅳ 的基本属性
[15:53:39] [INFO] [Additionalmshookl] [INFO] 成功设置字段 typeID = 10966 (类型: Item)
[15:53:39] [INFO] [Additionalmshookl] [INFO] 成功设置字段 weight = 0.3 (类型: Item)
[15:53:39] [INFO] [Additionalmshookl] [INFO] 成功设置字段 value = 10000 (类型: Item)
[15:53:39] [INFO] [Additionalmshookl] [INFO] 成功设置字段 displayName = kangwu_10966 (类型: Item)
[15:53:39] [INFO] [Additionalmshookl] [INFO] 成功设置字段 quality = 6 (类型: Item)
[15:53:39] [INFO] [Additionalmshookl] [INFO] 成功设置字段 order = 0 (类型: Item)
[15:53:39] [INFO] [Additionalmshookl] [INFO] [SetItemProperties] 完成基本属性设置，开始处理Tags
[15:53:39] [INFO] [Additionalmshookl] [INFO] [SetItemProperties] 检测到Tags配置，数量: 2
[15:53:39] [INFO] [Additionalmshookl] [INFO] 物品 抗物Ⅳ 的所有标签: DontDropOnDeadInSlot, Totem
[15:53:39] [INFO] [Additionalmshookl] [INFO] [TagUtils-DEBUG] 开始处理标签: DontDropOnDeadInSlot
[15:53:39] [INFO] [TagUtils] ===== GetOrCreateTag方法被调用 =====
[15:53:39] [INFO] [TagUtils] 参数: tagName='DontDropOnDeadInSlot', displayName=''
[15:53:39] [INFO] [TagUtils] FindExistingTag 查找: DontDropOnDeadInSlot
[15:53:39] [INFO] [TagUtils] 找到 134 个Tag对象，开始查找: DontDropOnDeadInSlot
[15:53:39] [INFO] [TagUtils] 通过属性找到匹配的Tag: DontDropOnDeadInSlot
[15:53:39] [INFO] [TagUtils] 找到现有Tag: DontDropOnDeadInSlot
[15:53:39] [INFO] [Additionalmshookl] [INFO] [TagUtils-DEBUG] 标签 DontDropOnDeadInSlot 创建成功: Tag
[15:53:39] [INFO] [Additionalmshookl] [ERROR] 无法获取Tags列表
[15:53:39] [INFO] [Additionalmshookl] [INFO] [TagUtils-DEBUG] 开始处理标签: Totem
[15:53:39] [INFO] [TagUtils] ===== GetOrCreateTag方法被调用 =====
[15:53:39] [INFO] [TagUtils] 参数: tagName='Totem', displayName=''
[15:53:39] [INFO] [TagUtils] FindExistingTag 查找: Totem
[15:53:39] [INFO] [TagUtils] 找到 134 个Tag对象，开始查找: Totem
[15:53:39] [INFO] [TagUtils] 通过属性找到匹配的Tag: Totem
[15:53:39] [INFO] [TagUtils] 找到现有Tag: Totem
[15:53:39] [INFO] [Additionalmshookl] [INFO] [TagUtils-DEBUG] 标签 Totem 创建成功: Tag
[15:53:39] [INFO] [Additionalmshookl] [ERROR] 无法获取Tags列表
[15:53:39] [INFO] [Additionalmshookl] [INFO] 为物品 抗物Ⅳ 添加FoodDrink组件
[15:53:39] [INFO] [Additionalmshookl] [INFO] 物品 抗物Ⅳ 能量值: 0, 口渴值: 0
[15:53:39] [INFO] [Additionalmshookl] [INFO] 正在为 CustomItem_10966 配置 Modifiers...
[15:53:39] [INFO] [Additionalmshookl] [INFO] 成功设置字段 value = -0.2 (类型: ModifierDescription)
[15:53:39] [INFO] [Additionalmshookl] [INFO]   - 物理元素抵抗-ElementFactor_Physics 修改成功: -0.08 -> -0.2
[15:53:39] [INFO] [Additionalmshookl] [INFO] CustomItem_10966: 共修改/移除了 1 个现有 Modifier，添加了 0 个新的 Modifier。
[15:53:39] [INFO] [Additionalmshookl] [INFO] 开始应用防具属性配置
[15:53:39] [INFO] [Additionalmshookl] [INFO] 处理防具属性: ElementFactor_Physics(物理元素抵抗) = -0.2
[15:53:39] [INFO] [Additionalmshookl] [INFO] 成功设置字段 value = -0.2 (类型: ModifierDescription)
[15:53:39] [INFO] [Additionalmshookl] [INFO] 成功设置字段 display = True (类型: ModifierDescription)
[15:53:39] [INFO] [Additionalmshookl] [INFO]   - 修改现有防具属性: ElementFactor_Physics = -0.2
[15:53:39] [INFO] [Additionalmshookl] [INFO] 防具属性配置应用完成
[15:53:39] [INFO] [Additionalmshookl] [INFO] 物品 抗物Ⅳ 没有配置插槽设置，跳过插槽设置
[15:53:39] [INFO] [Additionalmshookl] [INFO] [原物品Buff分析] 开始分析物品 抗物Ⅳ (原始ID: 966) 的原生Buff效果
[15:53:39] [INFO] [Additionalmshookl] [INFO] [原物品Buff分析] 物品上有 1 个UsageBehavior组件:
[15:53:39] [INFO] [Additionalmshookl] [INFO]   [0] FoodDrink
[15:53:39] [INFO] [Additionalmshookl] [INFO]       -> 类型: FoodDrink (非AddBuff)
[15:53:39] [INFO] [Additionalmshookl] [INFO] 物品 抗物Ⅳ 没有配置Buff持续时间，跳过修改
[15:53:39] [INFO] [Additionalmshookl] [INFO] [CreateCustomItem] 完成设置物品属性 for 抗物Ⅳ
[15:53:39] [INFO] [Additionalmshookl] [INFO] [CreateCustomItem] 开始设置本地化文本 for 抗物Ⅳ
[15:53:39] [INFO] [Additionalmshookl] [INFO] 设置物品 抗物Ⅳ 描述键: kangwu_10966_Desc
[15:53:39] [INFO] [Additionalmshookl] [INFO] [CreateCustomItem] 完成设置本地化文本 for 抗物Ⅳ
[15:53:39] [INFO] [Additionalmshookl] [INFO] [CreateCustomItem] 开始设置图标 for 抗物Ⅳ
[15:53:39] [INFO] [Additionalmshookl] [INFO] 物品 抗物Ⅳ 未指定图标，使用原始图标
[15:53:39] [INFO] [Additionalmshookl] [INFO] [CreateCustomItem] 完成设置图标 for 抗物Ⅳ
[15:53:39] [INFO] [Additionalmshookl] [INFO] [CreateCustomItem] 完成设置世界模型贴图 for 抗物Ⅳ
[15:53:39] [INFO] [Additionalmshookl] [INFO] [CreateCustomItem] 开始注册物品 for 抗物Ⅳ
[15:53:39] [INFO] [Additionalmshookl] [INFO] 物品注册成功: kangwu_10966 (ID: 10966)
[15:53:39] [INFO] [Additionalmshookl] [INFO] [CreateCustomItem] 完成注册物品 for 抗物Ⅳ
[15:53:39] [INFO] [Additionalmshookl] [INFO] [CreateCustomItem] 准备调用SetupAdditionalSlots for 抗物Ⅳ
[15:53:39] [INFO] [Additionalmshookl] [INFO] [SetupAdditionalSlots] 开始处理物品 抗物Ⅳ 的配件槽配置
[15:53:39] [INFO] [Additionalmshookl] [INFO] [SetupAdditionalSlots] AdditionalSlotTags: 
[15:53:39] [INFO] [Additionalmshookl] [INFO] [SetupAdditionalSlots] AdditionalSlotCount: 0
[15:53:39] [INFO] [Additionalmshookl] [INFO] [SetupAdditionalSlots] ReplaceExistingSlots: False
[15:53:39] [INFO] [Additionalmshookl] [INFO] 物品 抗物Ⅳ 配件槽配置无效或未设置，跳过配件槽添加
[15:53:39] [INFO] [Additionalmshookl] [INFO] [CreateCustomItem] 准备调用SetupDecomposeFormula for 抗物Ⅳ
[15:53:39] [INFO] [Additionalmshookl] [INFO] [SetupDecomposeFormula] 开始处理物品 抗物Ⅳ 的分解配方，EnableDecompose: False
[15:53:39] [INFO] [Additionalmshookl] [INFO] [CreateCustomItem] 完成所有方法调用 for 抗物Ⅳ
[15:53:39] [INFO] [Additionalmshookl] [INFO] [CreateCustomItem] CreateCustomItem方法成功完成 for 抗物Ⅳ
[15:53:39] [INFO] [Additionalmshookl] [INFO] [MShook-DEBUG] CreateCustomItem方法调用完成
[15:53:39] [INFO] [Additionalmshookl] [INFO] 成功处理配置: 抗物Ⅳ (ID: 10966) 来自 10966_抗物4.json
[15:53:39] [INFO] [Additionalmshookl] [INFO] 配置文件 10968_抗毒4.json 中设置的NewItemId: 10968
[15:53:39] [INFO] [Additionalmshookl] [INFO] [MShook-DEBUG] 正在处理配置: 10968_抗毒4.json 中的物品 抗毒Ⅳ
[15:53:39] [INFO] [Additionalmshookl] [INFO] [MShook-DEBUG] 即将调用CreateCustomItem方法
[15:53:39] [INFO] [Additionalmshookl] [INFO] ========== CreateCustomItem 开始处理物品: 抗毒Ⅳ ==========
[15:53:39] [INFO] [Additionalmshookl] [INFO] 配置原始ID: 968, 新ID: 10968
[15:53:39] [INFO] [Additionalmshookl] [INFO] 开始处理物品: 抗毒Ⅳ，原始ID: 968，配置的新ID: 10968
[15:53:39] [INFO] [Additionalmshookl] [INFO] 为物品 抗毒Ⅳ 生成的唯一键: 2052035453
[15:53:39] [INFO] [Additionalmshookl] [INFO] 为物品 抗毒Ⅳ 使用已保存的ID: 10968
[15:53:39] [INFO] [Additionalmshookl] [INFO] 将ID 10968 添加到已使用列表
[15:53:39] [INFO] [Additionalmshookl] [INFO] [CreateCustomItem] 开始设置物品属性 for 抗毒Ⅳ
[15:53:39] [INFO] [Additionalmshookl] [INFO] [SetItemProperties] 开始设置物品 抗毒Ⅳ 的基本属性
[15:53:39] [INFO] [Additionalmshookl] [INFO] 成功设置字段 typeID = 10968 (类型: Item)
[15:53:39] [INFO] [Additionalmshookl] [INFO] 成功设置字段 weight = 0.3 (类型: Item)
[15:53:39] [INFO] [Additionalmshookl] [INFO] 成功设置字段 value = 10000 (类型: Item)
[15:53:39] [INFO] [Additionalmshookl] [INFO] 成功设置字段 displayName = kangdu_10968 (类型: Item)
[15:53:39] [INFO] [Additionalmshookl] [INFO] 成功设置字段 quality = 6 (类型: Item)
[15:53:39] [INFO] [Additionalmshookl] [INFO] 成功设置字段 order = 0 (类型: Item)
[15:53:39] [INFO] [Additionalmshookl] [INFO] [SetItemProperties] 完成基本属性设置，开始处理Tags
[15:53:39] [INFO] [Additionalmshookl] [INFO] [SetItemProperties] 检测到Tags配置，数量: 2
[15:53:39] [INFO] [Additionalmshookl] [INFO] 物品 抗毒Ⅳ 的所有标签: DontDropOnDeadInSlot, Totem
[15:53:39] [INFO] [Additionalmshookl] [INFO] [TagUtils-DEBUG] 开始处理标签: DontDropOnDeadInSlot
[15:53:39] [INFO] [TagUtils] ===== GetOrCreateTag方法被调用 =====
[15:53:39] [INFO] [TagUtils] 参数: tagName='DontDropOnDeadInSlot', displayName=''
[15:53:39] [INFO] [TagUtils] FindExistingTag 查找: DontDropOnDeadInSlot
[15:53:39] [INFO] [TagUtils] 找到 134 个Tag对象，开始查找: DontDropOnDeadInSlot
[15:53:39] [INFO] [TagUtils] 通过属性找到匹配的Tag: DontDropOnDeadInSlot
[15:53:39] [INFO] [TagUtils] 找到现有Tag: DontDropOnDeadInSlot
[15:53:39] [INFO] [Additionalmshookl] [INFO] [TagUtils-DEBUG] 标签 DontDropOnDeadInSlot 创建成功: Tag
[15:53:39] [INFO] [Additionalmshookl] [ERROR] 无法获取Tags列表
[15:53:39] [INFO] [Additionalmshookl] [INFO] [TagUtils-DEBUG] 开始处理标签: Totem
[15:53:39] [INFO] [TagUtils] ===== GetOrCreateTag方法被调用 =====
[15:53:39] [INFO] [TagUtils] 参数: tagName='Totem', displayName=''
[15:53:39] [INFO] [TagUtils] FindExistingTag 查找: Totem
[15:53:39] [INFO] [TagUtils] 找到 134 个Tag对象，开始查找: Totem
[15:53:39] [INFO] [TagUtils] 通过属性找到匹配的Tag: Totem
[15:53:39] [INFO] [TagUtils] 找到现有Tag: Totem
[15:53:39] [INFO] [Additionalmshookl] [INFO] [TagUtils-DEBUG] 标签 Totem 创建成功: Tag
[15:53:39] [INFO] [Additionalmshookl] [ERROR] 无法获取Tags列表
[15:53:39] [INFO] [Additionalmshookl] [INFO] 为物品 抗毒Ⅳ 添加FoodDrink组件
[15:53:39] [INFO] [Additionalmshookl] [INFO] 物品 抗毒Ⅳ 能量值: 0, 口渴值: 0
[15:53:39] [INFO] [Additionalmshookl] [INFO] 正在为 CustomItem_10968 配置 Modifiers...
[15:53:39] [INFO] [Additionalmshookl] [INFO] 成功设置字段 value = -0.2 (类型: ModifierDescription)
[15:53:39] [INFO] [Additionalmshookl] [INFO]   - 毒素元素抵抗-ElementFactor_Poison 修改成功: -0.08 -> -0.2
[15:53:39] [INFO] [Additionalmshookl] [INFO] 属性 GasMask 目标默认设置为 Character (默认)
[15:53:39] [INFO] [Additionalmshookl] [INFO] 成功设置字段 display = True (类型: ModifierDescription)
[15:53:39] [INFO] [Additionalmshookl] [INFO]   - GasMask-GasMask 添加成功: 1
[15:53:39] [INFO] [Additionalmshookl] [INFO] CustomItem_10968: 共修改/移除了 1 个现有 Modifier，添加了 1 个新的 Modifier。
[15:53:39] [INFO] [Additionalmshookl] [INFO] 开始应用防具属性配置
[15:53:39] [INFO] [Additionalmshookl] [INFO] 处理防具属性: ElementFactor_Poison(毒素元素抵抗) = -0.2
[15:53:39] [INFO] [Additionalmshookl] [INFO] 成功设置字段 value = -0.2 (类型: ModifierDescription)
[15:53:39] [INFO] [Additionalmshookl] [INFO] 成功设置字段 display = True (类型: ModifierDescription)
[15:53:39] [INFO] [Additionalmshookl] [INFO]   - 修改现有防具属性: ElementFactor_Poison = -0.2
[15:53:39] [INFO] [Additionalmshookl] [INFO] 防具属性配置应用完成
[15:53:39] [INFO] [Additionalmshookl] [INFO] 物品 抗毒Ⅳ 没有配置插槽设置，跳过插槽设置
[15:53:39] [INFO] [Additionalmshookl] [INFO] [原物品Buff分析] 开始分析物品 抗毒Ⅳ (原始ID: 968) 的原生Buff效果
[15:53:39] [INFO] [Additionalmshookl] [INFO] [原物品Buff分析] 物品上有 1 个UsageBehavior组件:
[15:53:39] [INFO] [Additionalmshookl] [INFO]   [0] FoodDrink
[15:53:39] [INFO] [Additionalmshookl] [INFO]       -> 类型: FoodDrink (非AddBuff)
[15:53:39] [INFO] [Additionalmshookl] [INFO] 物品 抗毒Ⅳ 没有配置Buff持续时间，跳过修改
[15:53:39] [INFO] [Additionalmshookl] [INFO] [CreateCustomItem] 完成设置物品属性 for 抗毒Ⅳ
[15:53:39] [INFO] [Additionalmshookl] [INFO] [CreateCustomItem] 开始设置本地化文本 for 抗毒Ⅳ
[15:53:39] [INFO] [Additionalmshookl] [INFO] 设置物品 抗毒Ⅳ 描述键: kangdu_10968_Desc
[15:53:39] [INFO] [Additionalmshookl] [INFO] [CreateCustomItem] 完成设置本地化文本 for 抗毒Ⅳ
[15:53:39] [INFO] [Additionalmshookl] [INFO] [CreateCustomItem] 开始设置图标 for 抗毒Ⅳ
[15:53:39] [INFO] [Additionalmshookl] [INFO] 物品 抗毒Ⅳ 未指定图标，使用原始图标
[15:53:39] [INFO] [Additionalmshookl] [INFO] [CreateCustomItem] 完成设置图标 for 抗毒Ⅳ
[15:53:39] [INFO] [Additionalmshookl] [INFO] [CreateCustomItem] 完成设置世界模型贴图 for 抗毒Ⅳ
[15:53:39] [INFO] [Additionalmshookl] [INFO] [CreateCustomItem] 开始注册物品 for 抗毒Ⅳ
[15:53:39] [INFO] [Additionalmshookl] [INFO] 物品注册成功: kangdu_10968 (ID: 10968)
[15:53:39] [INFO] [Additionalmshookl] [INFO] [CreateCustomItem] 完成注册物品 for 抗毒Ⅳ
[15:53:39] [INFO] [Additionalmshookl] [INFO] [CreateCustomItem] 准备调用SetupAdditionalSlots for 抗毒Ⅳ
[15:53:39] [INFO] [Additionalmshookl] [INFO] [SetupAdditionalSlots] 开始处理物品 抗毒Ⅳ 的配件槽配置
[15:53:39] [INFO] [Additionalmshookl] [INFO] [SetupAdditionalSlots] AdditionalSlotTags: 
[15:53:39] [INFO] [Additionalmshookl] [INFO] [SetupAdditionalSlots] AdditionalSlotCount: 0
[15:53:39] [INFO] [Additionalmshookl] [INFO] [SetupAdditionalSlots] ReplaceExistingSlots: False
[15:53:39] [INFO] [Additionalmshookl] [INFO] 物品 抗毒Ⅳ 配件槽配置无效或未设置，跳过配件槽添加
[15:53:39] [INFO] [Additionalmshookl] [INFO] [CreateCustomItem] 准备调用SetupDecomposeFormula for 抗毒Ⅳ
[15:53:39] [INFO] [Additionalmshookl] [INFO] [SetupDecomposeFormula] 开始处理物品 抗毒Ⅳ 的分解配方，EnableDecompose: False
[15:53:39] [INFO] [Additionalmshookl] [INFO] [CreateCustomItem] 完成所有方法调用 for 抗毒Ⅳ
[15:53:39] [INFO] [Additionalmshookl] [INFO] [CreateCustomItem] CreateCustomItem方法成功完成 for 抗毒Ⅳ
[15:53:39] [INFO] [Additionalmshookl] [INFO] [MShook-DEBUG] CreateCustomItem方法调用完成
[15:53:39] [INFO] [Additionalmshookl] [INFO] 成功处理配置: 抗毒Ⅳ (ID: 10968) 来自 10968_抗毒4.json
[15:53:39] [INFO] [Additionalmshookl] [INFO] 配置文件 10971_抗空间4.json 中设置的NewItemId: 10971
[15:53:39] [INFO] [Additionalmshookl] [INFO] [MShook-DEBUG] 正在处理配置: 10971_抗空间4.json 中的物品 抗空间Ⅳ
[15:53:39] [INFO] [Additionalmshookl] [INFO] [MShook-DEBUG] 即将调用CreateCustomItem方法
[15:53:39] [INFO] [Additionalmshookl] [INFO] ========== CreateCustomItem 开始处理物品: 抗空间Ⅳ ==========
[15:53:39] [INFO] [Additionalmshookl] [INFO] 配置原始ID: 971, 新ID: 10971
[15:53:39] [INFO] [Additionalmshookl] [INFO] 开始处理物品: 抗空间Ⅳ，原始ID: 971，配置的新ID: 10971
[15:53:39] [INFO] [Additionalmshookl] [INFO] 为物品 抗空间Ⅳ 生成的唯一键: 754070487
[15:53:39] [INFO] [Additionalmshookl] [INFO] 为物品 抗空间Ⅳ 使用已保存的ID: 10971
[15:53:39] [INFO] [Additionalmshookl] [INFO] 将ID 10971 添加到已使用列表
[15:53:39] [INFO] [Additionalmshookl] [INFO] [CreateCustomItem] 开始设置物品属性 for 抗空间Ⅳ
[15:53:39] [INFO] [Additionalmshookl] [INFO] [SetItemProperties] 开始设置物品 抗空间Ⅳ 的基本属性
[15:53:39] [INFO] [Additionalmshookl] [INFO] 成功设置字段 typeID = 10971 (类型: Item)
[15:53:39] [INFO] [Additionalmshookl] [INFO] 成功设置字段 weight = 0.3 (类型: Item)
[15:53:39] [INFO] [Additionalmshookl] [INFO] 成功设置字段 value = 10000 (类型: Item)
[15:53:39] [INFO] [Additionalmshookl] [INFO] 成功设置字段 displayName = kangkongjian_10971 (类型: Item)
[15:53:39] [INFO] [Additionalmshookl] [INFO] 成功设置字段 quality = 6 (类型: Item)
[15:53:39] [INFO] [Additionalmshookl] [INFO] 成功设置字段 order = 0 (类型: Item)
[15:53:39] [INFO] [Additionalmshookl] [INFO] [SetItemProperties] 完成基本属性设置，开始处理Tags
[15:53:39] [INFO] [Additionalmshookl] [INFO] [SetItemProperties] 检测到Tags配置，数量: 2
[15:53:39] [INFO] [Additionalmshookl] [INFO] 物品 抗空间Ⅳ 的所有标签: DontDropOnDeadInSlot, Totem
[15:53:39] [INFO] [Additionalmshookl] [INFO] [TagUtils-DEBUG] 开始处理标签: DontDropOnDeadInSlot
[15:53:39] [INFO] [TagUtils] ===== GetOrCreateTag方法被调用 =====
[15:53:39] [INFO] [TagUtils] 参数: tagName='DontDropOnDeadInSlot', displayName=''
[15:53:39] [INFO] [TagUtils] FindExistingTag 查找: DontDropOnDeadInSlot
[15:53:39] [INFO] [TagUtils] 找到 134 个Tag对象，开始查找: DontDropOnDeadInSlot
[15:53:39] [INFO] [TagUtils] 通过属性找到匹配的Tag: DontDropOnDeadInSlot
[15:53:39] [INFO] [TagUtils] 找到现有Tag: DontDropOnDeadInSlot
[15:53:39] [INFO] [Additionalmshookl] [INFO] [TagUtils-DEBUG] 标签 DontDropOnDeadInSlot 创建成功: Tag
[15:53:39] [INFO] [Additionalmshookl] [ERROR] 无法获取Tags列表
[15:53:39] [INFO] [Additionalmshookl] [INFO] [TagUtils-DEBUG] 开始处理标签: Totem
[15:53:39] [INFO] [TagUtils] ===== GetOrCreateTag方法被调用 =====
[15:53:39] [INFO] [TagUtils] 参数: tagName='Totem', displayName=''
[15:53:39] [INFO] [TagUtils] FindExistingTag 查找: Totem
[15:53:39] [INFO] [TagUtils] 找到 134 个Tag对象，开始查找: Totem
[15:53:39] [INFO] [TagUtils] 通过属性找到匹配的Tag: Totem
[15:53:39] [INFO] [TagUtils] 找到现有Tag: Totem
[15:53:39] [INFO] [Additionalmshookl] [INFO] [TagUtils-DEBUG] 标签 Totem 创建成功: Tag
[15:53:39] [INFO] [Additionalmshookl] [ERROR] 无法获取Tags列表
[15:53:39] [INFO] [Additionalmshookl] [INFO] 为物品 抗空间Ⅳ 添加FoodDrink组件
[15:53:39] [INFO] [Additionalmshookl] [INFO] 物品 抗空间Ⅳ 能量值: 0, 口渴值: 0
[15:53:39] [INFO] [Additionalmshookl] [INFO] 正在为 CustomItem_10971 配置 Modifiers...
[15:53:39] [INFO] [Additionalmshookl] [INFO] 属性 ElementFactor_Space 目标设置为 Character (角色属性)
[15:53:39] [INFO] [Additionalmshookl] [INFO] 成功设置字段 display = True (类型: ModifierDescription)
[15:53:39] [INFO] [Additionalmshookl] [INFO]   - 空间元素抵抗-ElementFactor_Space 添加成功: -0.2
[15:53:39] [INFO] [Additionalmshookl] [INFO] CustomItem_10971: 共修改/移除了 0 个现有 Modifier，添加了 1 个新的 Modifier。
[15:53:39] [INFO] [Additionalmshookl] [INFO] 开始应用防具属性配置
[15:53:39] [INFO] [Additionalmshookl] [INFO] 处理防具属性: ElementFactor_Space(空间元素抵抗) = -0.2
[15:53:39] [INFO] [Additionalmshookl] [INFO] 成功设置字段 value = -0.2 (类型: ModifierDescription)
[15:53:39] [INFO] [Additionalmshookl] [INFO] 成功设置字段 display = True (类型: ModifierDescription)
[15:53:39] [INFO] [Additionalmshookl] [INFO]   - 修改现有防具属性: ElementFactor_Space = -0.2
[15:53:39] [INFO] [Additionalmshookl] [INFO] 防具属性配置应用完成
[15:53:39] [INFO] [Additionalmshookl] [INFO] 物品 抗空间Ⅳ 没有配置插槽设置，跳过插槽设置
[15:53:39] [INFO] [Additionalmshookl] [INFO] [原物品Buff分析] 开始分析物品 抗空间Ⅳ (原始ID: 971) 的原生Buff效果
[15:53:39] [INFO] [Additionalmshookl] [INFO] [原物品Buff分析] 物品上有 1 个UsageBehavior组件:
[15:53:39] [INFO] [Additionalmshookl] [INFO]   [0] FoodDrink
[15:53:39] [INFO] [Additionalmshookl] [INFO]       -> 类型: FoodDrink (非AddBuff)
[15:53:39] [INFO] [Additionalmshookl] [INFO] 物品 抗空间Ⅳ 没有配置Buff持续时间，跳过修改
[15:53:39] [INFO] [Additionalmshookl] [INFO] [CreateCustomItem] 完成设置物品属性 for 抗空间Ⅳ
[15:53:39] [INFO] [Additionalmshookl] [INFO] [CreateCustomItem] 开始设置本地化文本 for 抗空间Ⅳ
[15:53:39] [INFO] [Additionalmshookl] [INFO] 设置物品 抗空间Ⅳ 描述键: kangkongjian_10971_Desc
[15:53:39] [INFO] [Additionalmshookl] [INFO] [CreateCustomItem] 完成设置本地化文本 for 抗空间Ⅳ
[15:53:39] [INFO] [Additionalmshookl] [INFO] [CreateCustomItem] 开始设置图标 for 抗空间Ⅳ
[15:53:39] [INFO] [Additionalmshookl] [INFO] 物品 抗空间Ⅳ 未指定图标，使用原始图标
[15:53:39] [INFO] [Additionalmshookl] [INFO] [CreateCustomItem] 完成设置图标 for 抗空间Ⅳ
[15:53:39] [INFO] [Additionalmshookl] [INFO] [CreateCustomItem] 完成设置世界模型贴图 for 抗空间Ⅳ
[15:53:39] [INFO] [Additionalmshookl] [INFO] [CreateCustomItem] 开始注册物品 for 抗空间Ⅳ
[15:53:39] [INFO] [Additionalmshookl] [INFO] 物品注册成功: kangkongjian_10971 (ID: 10971)
[15:53:39] [INFO] [Additionalmshookl] [INFO] [CreateCustomItem] 完成注册物品 for 抗空间Ⅳ
[15:53:39] [INFO] [Additionalmshookl] [INFO] [CreateCustomItem] 准备调用SetupAdditionalSlots for 抗空间Ⅳ
[15:53:39] [INFO] [Additionalmshookl] [INFO] [SetupAdditionalSlots] 开始处理物品 抗空间Ⅳ 的配件槽配置
[15:53:39] [INFO] [Additionalmshookl] [INFO] [SetupAdditionalSlots] AdditionalSlotTags: 
[15:53:39] [INFO] [Additionalmshookl] [INFO] [SetupAdditionalSlots] AdditionalSlotCount: 0
[15:53:39] [INFO] [Additionalmshookl] [INFO] [SetupAdditionalSlots] ReplaceExistingSlots: False
[15:53:39] [INFO] [Additionalmshookl] [INFO] 物品 抗空间Ⅳ 配件槽配置无效或未设置，跳过配件槽添加
[15:53:39] [INFO] [Additionalmshookl] [INFO] [CreateCustomItem] 准备调用SetupDecomposeFormula for 抗空间Ⅳ
[15:53:39] [INFO] [Additionalmshookl] [INFO] [SetupDecomposeFormula] 开始处理物品 抗空间Ⅳ 的分解配方，EnableDecompose: False
[15:53:39] [INFO] [Additionalmshookl] [INFO] [CreateCustomItem] 完成所有方法调用 for 抗空间Ⅳ
[15:53:39] [INFO] [Additionalmshookl] [INFO] [CreateCustomItem] CreateCustomItem方法成功完成 for 抗空间Ⅳ
[15:53:39] [INFO] [Additionalmshookl] [INFO] [MShook-DEBUG] CreateCustomItem方法调用完成
[15:53:39] [INFO] [Additionalmshookl] [INFO] 成功处理配置: 抗空间Ⅳ (ID: 10971) 来自 10971_抗空间4.json
[15:53:39] [INFO] [Additionalmshookl] [INFO] 配置文件 10974_效率4.json 中设置的NewItemId: 10974
[15:53:39] [INFO] [Additionalmshookl] [INFO] [MShook-DEBUG] 正在处理配置: 10974_效率4.json 中的物品 效率Ⅳ
[15:53:39] [INFO] [Additionalmshookl] [INFO] [MShook-DEBUG] 即将调用CreateCustomItem方法
[15:53:39] [INFO] [Additionalmshookl] [INFO] ========== CreateCustomItem 开始处理物品: 效率Ⅳ ==========
[15:53:39] [INFO] [Additionalmshookl] [INFO] 配置原始ID: 974, 新ID: 10974
[15:53:39] [INFO] [Additionalmshookl] [INFO] 开始处理物品: 效率Ⅳ，原始ID: 974，配置的新ID: 10974
[15:53:39] [INFO] [Additionalmshookl] [INFO] 为物品 效率Ⅳ 生成的唯一键: 511920121
[15:53:39] [INFO] [Additionalmshookl] [INFO] 为物品 效率Ⅳ 使用已保存的ID: 10974
[15:53:39] [INFO] [Additionalmshookl] [INFO] 将ID 10974 添加到已使用列表
[15:53:39] [INFO] [Additionalmshookl] [INFO] [CreateCustomItem] 开始设置物品属性 for 效率Ⅳ
[15:53:39] [INFO] [Additionalmshookl] [INFO] [SetItemProperties] 开始设置物品 效率Ⅳ 的基本属性
[15:53:39] [INFO] [Additionalmshookl] [INFO] 成功设置字段 typeID = 10974 (类型: Item)
[15:53:39] [INFO] [Additionalmshookl] [INFO] 成功设置字段 weight = 0.3 (类型: Item)
[15:53:39] [INFO] [Additionalmshookl] [INFO] 成功设置字段 value = 10000 (类型: Item)
[15:53:39] [INFO] [Additionalmshookl] [INFO] 成功设置字段 displayName = xiaolv_10974 (类型: Item)
[15:53:39] [INFO] [Additionalmshookl] [INFO] 成功设置字段 quality = 6 (类型: Item)
[15:53:39] [INFO] [Additionalmshookl] [INFO] 成功设置字段 order = 0 (类型: Item)
[15:53:39] [INFO] [Additionalmshookl] [INFO] [SetItemProperties] 完成基本属性设置，开始处理Tags
[15:53:39] [INFO] [Additionalmshookl] [INFO] [SetItemProperties] 检测到Tags配置，数量: 2
[15:53:39] [INFO] [Additionalmshookl] [INFO] 物品 效率Ⅳ 的所有标签: DontDropOnDeadInSlot, Totem
[15:53:39] [INFO] [Additionalmshookl] [INFO] [TagUtils-DEBUG] 开始处理标签: DontDropOnDeadInSlot
[15:53:39] [INFO] [TagUtils] ===== GetOrCreateTag方法被调用 =====
[15:53:39] [INFO] [TagUtils] 参数: tagName='DontDropOnDeadInSlot', displayName=''
[15:53:39] [INFO] [TagUtils] FindExistingTag 查找: DontDropOnDeadInSlot
[15:53:39] [INFO] [TagUtils] 找到 134 个Tag对象，开始查找: DontDropOnDeadInSlot
[15:53:39] [INFO] [TagUtils] 通过属性找到匹配的Tag: DontDropOnDeadInSlot
[15:53:39] [INFO] [TagUtils] 找到现有Tag: DontDropOnDeadInSlot
[15:53:39] [INFO] [Additionalmshookl] [INFO] [TagUtils-DEBUG] 标签 DontDropOnDeadInSlot 创建成功: Tag
[15:53:39] [INFO] [Additionalmshookl] [ERROR] 无法获取Tags列表
[15:53:39] [INFO] [Additionalmshookl] [INFO] [TagUtils-DEBUG] 开始处理标签: Totem
[15:53:39] [INFO] [TagUtils] ===== GetOrCreateTag方法被调用 =====
[15:53:39] [INFO] [TagUtils] 参数: tagName='Totem', displayName=''
[15:53:39] [INFO] [TagUtils] FindExistingTag 查找: Totem
[15:53:39] [INFO] [TagUtils] 找到 134 个Tag对象，开始查找: Totem
[15:53:39] [INFO] [TagUtils] 通过属性找到匹配的Tag: Totem
[15:53:39] [INFO] [TagUtils] 找到现有Tag: Totem
[15:53:39] [INFO] [Additionalmshookl] [INFO] [TagUtils-DEBUG] 标签 Totem 创建成功: Tag
[15:53:39] [INFO] [Additionalmshookl] [ERROR] 无法获取Tags列表
[15:53:39] [INFO] [Additionalmshookl] [INFO] 为物品 效率Ⅳ 添加FoodDrink组件
[15:53:39] [INFO] [Additionalmshookl] [INFO] 物品 效率Ⅳ 能量值: 0, 口渴值: 0
[15:53:39] [INFO] [Additionalmshookl] [INFO] 正在为 CustomItem_10974 配置 Modifiers...
[15:53:39] [INFO] [Additionalmshookl] [INFO] 成功设置字段 value = 1 (类型: ModifierDescription)
[15:53:39] [INFO] [Additionalmshookl] [INFO]   - FoodGain-FoodGain 修改成功: 0.3 -> 1
[15:53:39] [INFO] [Additionalmshookl] [INFO] 成功设置字段 value = 0.5 (类型: ModifierDescription)
[15:53:39] [INFO] [Additionalmshookl] [INFO]   - HealGain-HealGain 修改成功: 0.2 -> 0.5
[15:53:39] [INFO] [Additionalmshookl] [INFO] CustomItem_10974: 共修改/移除了 2 个现有 Modifier，添加了 0 个新的 Modifier。
[15:53:39] [INFO] [Additionalmshookl] [INFO] 开始应用防具属性配置
[15:53:39] [INFO] [Additionalmshookl] [INFO] 防具属性配置应用完成
[15:53:39] [INFO] [Additionalmshookl] [INFO] 物品 效率Ⅳ 没有配置插槽设置，跳过插槽设置
[15:53:39] [INFO] [Additionalmshookl] [INFO] [原物品Buff分析] 开始分析物品 效率Ⅳ (原始ID: 974) 的原生Buff效果
[15:53:39] [INFO] [Additionalmshookl] [INFO] [原物品Buff分析] 物品上有 1 个UsageBehavior组件:
[15:53:39] [INFO] [Additionalmshookl] [INFO]   [0] FoodDrink
[15:53:39] [INFO] [Additionalmshookl] [INFO]       -> 类型: FoodDrink (非AddBuff)
[15:53:39] [INFO] [Additionalmshookl] [INFO] 物品 效率Ⅳ 没有配置Buff持续时间，跳过修改
[15:53:39] [INFO] [Additionalmshookl] [INFO] [CreateCustomItem] 完成设置物品属性 for 效率Ⅳ
[15:53:39] [INFO] [Additionalmshookl] [INFO] [CreateCustomItem] 开始设置本地化文本 for 效率Ⅳ
[15:53:39] [INFO] [Additionalmshookl] [INFO] 设置物品 效率Ⅳ 描述键: xiaolv_10974_Desc
[15:53:39] [INFO] [Additionalmshookl] [INFO] [CreateCustomItem] 完成设置本地化文本 for 效率Ⅳ
[15:53:39] [INFO] [Additionalmshookl] [INFO] [CreateCustomItem] 开始设置图标 for 效率Ⅳ
[15:53:39] [INFO] [Additionalmshookl] [INFO] 物品 效率Ⅳ 未指定图标，使用原始图标
[15:53:39] [INFO] [Additionalmshookl] [INFO] [CreateCustomItem] 完成设置图标 for 效率Ⅳ
[15:53:39] [INFO] [Additionalmshookl] [INFO] [CreateCustomItem] 完成设置世界模型贴图 for 效率Ⅳ
[15:53:39] [INFO] [Additionalmshookl] [INFO] [CreateCustomItem] 开始注册物品 for 效率Ⅳ
[15:53:39] [INFO] [Additionalmshookl] [INFO] 物品注册成功: xiaolv_10974 (ID: 10974)
[15:53:39] [INFO] [Additionalmshookl] [INFO] [CreateCustomItem] 完成注册物品 for 效率Ⅳ
[15:53:39] [INFO] [Additionalmshookl] [INFO] [CreateCustomItem] 准备调用SetupAdditionalSlots for 效率Ⅳ
[15:53:39] [INFO] [Additionalmshookl] [INFO] [SetupAdditionalSlots] 开始处理物品 效率Ⅳ 的配件槽配置
[15:53:39] [INFO] [Additionalmshookl] [INFO] [SetupAdditionalSlots] AdditionalSlotTags: 
[15:53:39] [INFO] [Additionalmshookl] [INFO] [SetupAdditionalSlots] AdditionalSlotCount: 0
[15:53:39] [INFO] [Additionalmshookl] [INFO] [SetupAdditionalSlots] ReplaceExistingSlots: False
[15:53:39] [INFO] [Additionalmshookl] [INFO] 物品 效率Ⅳ 配件槽配置无效或未设置，跳过配件槽添加
[15:53:39] [INFO] [Additionalmshookl] [INFO] [CreateCustomItem] 准备调用SetupDecomposeFormula for 效率Ⅳ
[15:53:39] [INFO] [Additionalmshookl] [INFO] [SetupDecomposeFormula] 开始处理物品 效率Ⅳ 的分解配方，EnableDecompose: False
[15:53:39] [INFO] [Additionalmshookl] [INFO] [CreateCustomItem] 完成所有方法调用 for 效率Ⅳ
[15:53:39] [INFO] [Additionalmshookl] [INFO] [CreateCustomItem] CreateCustomItem方法成功完成 for 效率Ⅳ
[15:53:39] [INFO] [Additionalmshookl] [INFO] [MShook-DEBUG] CreateCustomItem方法调用完成
[15:53:39] [INFO] [Additionalmshookl] [INFO] 成功处理配置: 效率Ⅳ (ID: 10974) 来自 10974_效率4.json
[15:53:39] [INFO] [Additionalmshookl] [INFO] 配置文件 10977_控枪4.json 中设置的NewItemId: 10977
[15:53:39] [INFO] [Additionalmshookl] [INFO] [MShook-DEBUG] 正在处理配置: 10977_控枪4.json 中的物品 控枪Ⅳ
[15:53:39] [INFO] [Additionalmshookl] [INFO] [MShook-DEBUG] 即将调用CreateCustomItem方法
[15:53:39] [INFO] [Additionalmshookl] [INFO] ========== CreateCustomItem 开始处理物品: 控枪Ⅳ ==========
[15:53:39] [INFO] [Additionalmshookl] [INFO] 配置原始ID: 977, 新ID: 10977
[15:53:39] [INFO] [Additionalmshookl] [INFO] 开始处理物品: 控枪Ⅳ，原始ID: 977，配置的新ID: 10977
[15:53:39] [INFO] [Additionalmshookl] [INFO] 为物品 控枪Ⅳ 生成的唯一键: 1597731637
[15:53:39] [INFO] [Additionalmshookl] [INFO] 为物品 控枪Ⅳ 使用已保存的ID: 10977
[15:53:39] [INFO] [Additionalmshookl] [INFO] 将ID 10977 添加到已使用列表
[15:53:39] [INFO] [Additionalmshookl] [INFO] [CreateCustomItem] 开始设置物品属性 for 控枪Ⅳ
[15:53:39] [INFO] [Additionalmshookl] [INFO] [SetItemProperties] 开始设置物品 控枪Ⅳ 的基本属性
[15:53:39] [INFO] [Additionalmshookl] [INFO] 成功设置字段 typeID = 10977 (类型: Item)
[15:53:39] [INFO] [Additionalmshookl] [INFO] 成功设置字段 weight = 0.3 (类型: Item)
[15:53:39] [INFO] [Additionalmshookl] [INFO] 成功设置字段 value = 10000 (类型: Item)
[15:53:39] [INFO] [Additionalmshookl] [INFO] 成功设置字段 displayName = kongqiang_10977 (类型: Item)
[15:53:39] [INFO] [Additionalmshookl] [INFO] 成功设置字段 quality = 6 (类型: Item)
[15:53:39] [INFO] [Additionalmshookl] [INFO] 成功设置字段 order = 0 (类型: Item)
[15:53:39] [INFO] [Additionalmshookl] [INFO] [SetItemProperties] 完成基本属性设置，开始处理Tags
[15:53:39] [INFO] [Additionalmshookl] [INFO] [SetItemProperties] 检测到Tags配置，数量: 2
[15:53:39] [INFO] [Additionalmshookl] [INFO] 物品 控枪Ⅳ 的所有标签: DontDropOnDeadInSlot, Totem
[15:53:39] [INFO] [Additionalmshookl] [INFO] [TagUtils-DEBUG] 开始处理标签: DontDropOnDeadInSlot
[15:53:39] [INFO] [TagUtils] ===== GetOrCreateTag方法被调用 =====
[15:53:39] [INFO] [TagUtils] 参数: tagName='DontDropOnDeadInSlot', displayName=''
[15:53:39] [INFO] [TagUtils] FindExistingTag 查找: DontDropOnDeadInSlot
[15:53:39] [INFO] [TagUtils] 找到 134 个Tag对象，开始查找: DontDropOnDeadInSlot
[15:53:39] [INFO] [TagUtils] 通过属性找到匹配的Tag: DontDropOnDeadInSlot
[15:53:39] [INFO] [TagUtils] 找到现有Tag: DontDropOnDeadInSlot
[15:53:39] [INFO] [Additionalmshookl] [INFO] [TagUtils-DEBUG] 标签 DontDropOnDeadInSlot 创建成功: Tag
[15:53:39] [INFO] [Additionalmshookl] [ERROR] 无法获取Tags列表
[15:53:39] [INFO] [Additionalmshookl] [INFO] [TagUtils-DEBUG] 开始处理标签: Totem
[15:53:39] [INFO] [TagUtils] ===== GetOrCreateTag方法被调用 =====
[15:53:39] [INFO] [TagUtils] 参数: tagName='Totem', displayName=''
[15:53:39] [INFO] [TagUtils] FindExistingTag 查找: Totem
[15:53:39] [INFO] [TagUtils] 找到 134 个Tag对象，开始查找: Totem
[15:53:39] [INFO] [TagUtils] 通过属性找到匹配的Tag: Totem
[15:53:39] [INFO] [TagUtils] 找到现有Tag: Totem
[15:53:39] [INFO] [Additionalmshookl] [INFO] [TagUtils-DEBUG] 标签 Totem 创建成功: Tag
[15:53:39] [INFO] [Additionalmshookl] [ERROR] 无法获取Tags列表
[15:53:39] [INFO] [Additionalmshookl] [INFO] 为物品 控枪Ⅳ 添加FoodDrink组件
[15:53:39] [INFO] [Additionalmshookl] [INFO] 物品 控枪Ⅳ 能量值: 0, 口渴值: 0
[15:53:39] [INFO] [Additionalmshookl] [INFO] 正在为 CustomItem_10977 配置 Modifiers...
[15:53:39] [INFO] [Additionalmshookl] [INFO] 成功设置字段 value = -0.15 (类型: ModifierDescription)
[15:53:39] [INFO] [Additionalmshookl] [INFO]   - GunScatterMultiplier-GunScatterMultiplier 修改成功: -0.1 -> -0.15
[15:53:39] [INFO] [Additionalmshookl] [INFO] 成功设置字段 value = 0.5 (类型: ModifierDescription)
[15:53:39] [INFO] [Additionalmshookl] [INFO]   - RecoilControl-RecoilControl 修改成功: 0.2 -> 0.5
[15:53:39] [INFO] [Additionalmshookl] [INFO] CustomItem_10977: 共修改/移除了 2 个现有 Modifier，添加了 0 个新的 Modifier。
[15:53:39] [INFO] [Additionalmshookl] [INFO] 开始应用防具属性配置
[15:53:39] [INFO] [Additionalmshookl] [INFO] 防具属性配置应用完成
[15:53:39] [INFO] [Additionalmshookl] [INFO] 物品 控枪Ⅳ 没有配置插槽设置，跳过插槽设置
[15:53:39] [INFO] [Additionalmshookl] [INFO] [原物品Buff分析] 开始分析物品 控枪Ⅳ (原始ID: 977) 的原生Buff效果
[15:53:39] [INFO] [Additionalmshookl] [INFO] [原物品Buff分析] 物品上有 1 个UsageBehavior组件:
[15:53:39] [INFO] [Additionalmshookl] [INFO]   [0] FoodDrink
[15:53:39] [INFO] [Additionalmshookl] [INFO]       -> 类型: FoodDrink (非AddBuff)
[15:53:39] [INFO] [Additionalmshookl] [INFO] 物品 控枪Ⅳ 没有配置Buff持续时间，跳过修改
[15:53:39] [INFO] [Additionalmshookl] [INFO] [CreateCustomItem] 完成设置物品属性 for 控枪Ⅳ
[15:53:39] [INFO] [Additionalmshookl] [INFO] [CreateCustomItem] 开始设置本地化文本 for 控枪Ⅳ
[15:53:39] [INFO] [Additionalmshookl] [INFO] 设置物品 控枪Ⅳ 描述键: kongqiang_10977_Desc
[15:53:39] [INFO] [Additionalmshookl] [INFO] [CreateCustomItem] 完成设置本地化文本 for 控枪Ⅳ
[15:53:39] [INFO] [Additionalmshookl] [INFO] [CreateCustomItem] 开始设置图标 for 控枪Ⅳ
[15:53:39] [INFO] [Additionalmshookl] [INFO] 物品 控枪Ⅳ 未指定图标，使用原始图标
[15:53:39] [INFO] [Additionalmshookl] [INFO] [CreateCustomItem] 完成设置图标 for 控枪Ⅳ
[15:53:39] [INFO] [Additionalmshookl] [INFO] [CreateCustomItem] 完成设置世界模型贴图 for 控枪Ⅳ
[15:53:39] [INFO] [Additionalmshookl] [INFO] [CreateCustomItem] 开始注册物品 for 控枪Ⅳ
[15:53:39] [INFO] [Additionalmshookl] [INFO] 物品注册成功: kongqiang_10977 (ID: 10977)
[15:53:39] [INFO] [Additionalmshookl] [INFO] [CreateCustomItem] 完成注册物品 for 控枪Ⅳ
[15:53:39] [INFO] [Additionalmshookl] [INFO] [CreateCustomItem] 准备调用SetupAdditionalSlots for 控枪Ⅳ
[15:53:39] [INFO] [Additionalmshookl] [INFO] [SetupAdditionalSlots] 开始处理物品 控枪Ⅳ 的配件槽配置
[15:53:39] [INFO] [Additionalmshookl] [INFO] [SetupAdditionalSlots] AdditionalSlotTags: 
[15:53:39] [INFO] [Additionalmshookl] [INFO] [SetupAdditionalSlots] AdditionalSlotCount: 0
[15:53:39] [INFO] [Additionalmshookl] [INFO] [SetupAdditionalSlots] ReplaceExistingSlots: False
[15:53:39] [INFO] [Additionalmshookl] [INFO] 物品 控枪Ⅳ 配件槽配置无效或未设置，跳过配件槽添加
[15:53:39] [INFO] [Additionalmshookl] [INFO] [CreateCustomItem] 准备调用SetupDecomposeFormula for 控枪Ⅳ
[15:53:39] [INFO] [Additionalmshookl] [INFO] [SetupDecomposeFormula] 开始处理物品 控枪Ⅳ 的分解配方，EnableDecompose: False
[15:53:39] [INFO] [Additionalmshookl] [INFO] [CreateCustomItem] 完成所有方法调用 for 控枪Ⅳ
[15:53:39] [INFO] [Additionalmshookl] [INFO] [CreateCustomItem] CreateCustomItem方法成功完成 for 控枪Ⅳ
[15:53:39] [INFO] [Additionalmshookl] [INFO] [MShook-DEBUG] CreateCustomItem方法调用完成
[15:53:39] [INFO] [Additionalmshookl] [INFO] 成功处理配置: 控枪Ⅳ (ID: 10977) 来自 10977_控枪4.json
[15:53:39] [INFO] [Additionalmshookl] [INFO] 配置文件 10980_爆头4.json 中设置的NewItemId: 10980
[15:53:39] [INFO] [Additionalmshookl] [INFO] [MShook-DEBUG] 正在处理配置: 10980_爆头4.json 中的物品 爆头Ⅳ
[15:53:39] [INFO] [Additionalmshookl] [INFO] [MShook-DEBUG] 即将调用CreateCustomItem方法
[15:53:39] [INFO] [Additionalmshookl] [INFO] ========== CreateCustomItem 开始处理物品: 爆头Ⅳ ==========
[15:53:39] [INFO] [Additionalmshookl] [INFO] 配置原始ID: 980, 新ID: 10980
[15:53:39] [INFO] [Additionalmshookl] [INFO] 开始处理物品: 爆头Ⅳ，原始ID: 980，配置的新ID: 10980
[15:53:39] [INFO] [Additionalmshookl] [INFO] 为物品 爆头Ⅳ 生成的唯一键: 724074730
[15:53:39] [INFO] [Additionalmshookl] [INFO] 为物品 爆头Ⅳ 使用已保存的ID: 10980
[15:53:39] [INFO] [Additionalmshookl] [INFO] 将ID 10980 添加到已使用列表
[15:53:39] [INFO] [Additionalmshookl] [INFO] [CreateCustomItem] 开始设置物品属性 for 爆头Ⅳ
[15:53:39] [INFO] [Additionalmshookl] [INFO] [SetItemProperties] 开始设置物品 爆头Ⅳ 的基本属性
[15:53:39] [INFO] [Additionalmshookl] [INFO] 成功设置字段 typeID = 10980 (类型: Item)
[15:53:39] [INFO] [Additionalmshookl] [INFO] 成功设置字段 weight = 0.3 (类型: Item)
[15:53:39] [INFO] [Additionalmshookl] [INFO] 成功设置字段 value = 10000 (类型: Item)
[15:53:39] [INFO] [Additionalmshookl] [INFO] 成功设置字段 displayName = baotou4_10980 (类型: Item)
[15:53:39] [INFO] [Additionalmshookl] [INFO] 成功设置字段 quality = 6 (类型: Item)
[15:53:39] [INFO] [Additionalmshookl] [INFO] 成功设置字段 order = 0 (类型: Item)
[15:53:39] [INFO] [Additionalmshookl] [INFO] [SetItemProperties] 完成基本属性设置，开始处理Tags
[15:53:39] [INFO] [Additionalmshookl] [INFO] [SetItemProperties] 检测到Tags配置，数量: 2
[15:53:39] [INFO] [Additionalmshookl] [INFO] 物品 爆头Ⅳ 的所有标签: DontDropOnDeadInSlot, Totem
[15:53:39] [INFO] [Additionalmshookl] [INFO] [TagUtils-DEBUG] 开始处理标签: DontDropOnDeadInSlot
[15:53:39] [INFO] [TagUtils] ===== GetOrCreateTag方法被调用 =====
[15:53:39] [INFO] [TagUtils] 参数: tagName='DontDropOnDeadInSlot', displayName=''
[15:53:39] [INFO] [TagUtils] FindExistingTag 查找: DontDropOnDeadInSlot
[15:53:39] [INFO] [TagUtils] 找到 134 个Tag对象，开始查找: DontDropOnDeadInSlot
[15:53:39] [INFO] [TagUtils] 通过属性找到匹配的Tag: DontDropOnDeadInSlot
[15:53:39] [INFO] [TagUtils] 找到现有Tag: DontDropOnDeadInSlot
[15:53:39] [INFO] [Additionalmshookl] [INFO] [TagUtils-DEBUG] 标签 DontDropOnDeadInSlot 创建成功: Tag
[15:53:39] [INFO] [Additionalmshookl] [ERROR] 无法获取Tags列表
[15:53:39] [INFO] [Additionalmshookl] [INFO] [TagUtils-DEBUG] 开始处理标签: Totem
[15:53:39] [INFO] [TagUtils] ===== GetOrCreateTag方法被调用 =====
[15:53:39] [INFO] [TagUtils] 参数: tagName='Totem', displayName=''
[15:53:39] [INFO] [TagUtils] FindExistingTag 查找: Totem
[15:53:39] [INFO] [TagUtils] 找到 134 个Tag对象，开始查找: Totem
[15:53:39] [INFO] [TagUtils] 通过属性找到匹配的Tag: Totem
[15:53:39] [INFO] [TagUtils] 找到现有Tag: Totem
[15:53:39] [INFO] [Additionalmshookl] [INFO] [TagUtils-DEBUG] 标签 Totem 创建成功: Tag
[15:53:39] [INFO] [Additionalmshookl] [ERROR] 无法获取Tags列表
[15:53:39] [INFO] [Additionalmshookl] [INFO] 为物品 爆头Ⅳ 添加FoodDrink组件
[15:53:39] [INFO] [Additionalmshookl] [INFO] 物品 爆头Ⅳ 能量值: 0, 口渴值: 0
[15:53:39] [INFO] [Additionalmshookl] [INFO] 正在为 CustomItem_10980 配置 Modifiers...
[15:53:39] [INFO] [Additionalmshookl] [INFO] 成功设置字段 value = 0.5 (类型: ModifierDescription)
[15:53:39] [INFO] [Additionalmshookl] [INFO]   - GunCritDamageGain-GunCritDamageGain 修改成功: 0.25 -> 0.5
[15:53:39] [INFO] [Additionalmshookl] [INFO] 成功设置字段 value = 0 (类型: ModifierDescription)
[15:53:39] [INFO] [Additionalmshookl] [INFO] 成功设置字段 display = False (类型: ModifierDescription)
[15:53:39] [INFO] [Additionalmshookl] [INFO]   - Modifier 'GunScatterMultiplier' (原值: 0.15) 已被移除 (未在配置中指定)。
[15:53:39] [INFO] [Additionalmshookl] [INFO] CustomItem_10980: 共修改/移除了 1 个现有 Modifier，添加了 0 个新的 Modifier。
[15:53:39] [INFO] [Additionalmshookl] [INFO] 开始应用防具属性配置
[15:53:39] [INFO] [Additionalmshookl] [INFO] 防具属性配置应用完成
[15:53:39] [INFO] [Additionalmshookl] [INFO] 物品 爆头Ⅳ 没有配置插槽设置，跳过插槽设置
[15:53:39] [INFO] [Additionalmshookl] [INFO] [原物品Buff分析] 开始分析物品 爆头Ⅳ (原始ID: 980) 的原生Buff效果
[15:53:39] [INFO] [Additionalmshookl] [INFO] [原物品Buff分析] 物品上有 1 个UsageBehavior组件:
[15:53:39] [INFO] [Additionalmshookl] [INFO]   [0] FoodDrink
[15:53:39] [INFO] [Additionalmshookl] [INFO]       -> 类型: FoodDrink (非AddBuff)
[15:53:39] [INFO] [Additionalmshookl] [INFO] 物品 爆头Ⅳ 没有配置Buff持续时间，跳过修改
[15:53:39] [INFO] [Additionalmshookl] [INFO] [CreateCustomItem] 完成设置物品属性 for 爆头Ⅳ
[15:53:39] [INFO] [Additionalmshookl] [INFO] [CreateCustomItem] 开始设置本地化文本 for 爆头Ⅳ
[15:53:39] [INFO] [Additionalmshookl] [INFO] 设置物品 爆头Ⅳ 描述键: baotou4_10980_Desc
[15:53:39] [INFO] [Additionalmshookl] [INFO] [CreateCustomItem] 完成设置本地化文本 for 爆头Ⅳ
[15:53:39] [INFO] [Additionalmshookl] [INFO] [CreateCustomItem] 开始设置图标 for 爆头Ⅳ
[15:53:39] [INFO] [Additionalmshookl] [INFO] 物品 爆头Ⅳ 未指定图标，使用原始图标
[15:53:39] [INFO] [Additionalmshookl] [INFO] [CreateCustomItem] 完成设置图标 for 爆头Ⅳ
[15:53:39] [INFO] [Additionalmshookl] [INFO] [CreateCustomItem] 完成设置世界模型贴图 for 爆头Ⅳ
[15:53:39] [INFO] [Additionalmshookl] [INFO] [CreateCustomItem] 开始注册物品 for 爆头Ⅳ
[15:53:39] [INFO] [Additionalmshookl] [INFO] 物品注册成功: baotou4_10980 (ID: 10980)
[15:53:39] [INFO] [Additionalmshookl] [INFO] [CreateCustomItem] 完成注册物品 for 爆头Ⅳ
[15:53:39] [INFO] [Additionalmshookl] [INFO] [CreateCustomItem] 准备调用SetupAdditionalSlots for 爆头Ⅳ
[15:53:39] [INFO] [Additionalmshookl] [INFO] [SetupAdditionalSlots] 开始处理物品 爆头Ⅳ 的配件槽配置
[15:53:39] [INFO] [Additionalmshookl] [INFO] [SetupAdditionalSlots] AdditionalSlotTags: 
[15:53:39] [INFO] [Additionalmshookl] [INFO] [SetupAdditionalSlots] AdditionalSlotCount: 0
[15:53:39] [INFO] [Additionalmshookl] [INFO] [SetupAdditionalSlots] ReplaceExistingSlots: False
[15:53:39] [INFO] [Additionalmshookl] [INFO] 物品 爆头Ⅳ 配件槽配置无效或未设置，跳过配件槽添加
[15:53:39] [INFO] [Additionalmshookl] [INFO] [CreateCustomItem] 准备调用SetupDecomposeFormula for 爆头Ⅳ
[15:53:39] [INFO] [Additionalmshookl] [INFO] [SetupDecomposeFormula] 开始处理物品 爆头Ⅳ 的分解配方，EnableDecompose: False
[15:53:39] [INFO] [Additionalmshookl] [INFO] [CreateCustomItem] 完成所有方法调用 for 爆头Ⅳ
[15:53:39] [INFO] [Additionalmshookl] [INFO] [CreateCustomItem] CreateCustomItem方法成功完成 for 爆头Ⅳ
[15:53:39] [INFO] [Additionalmshookl] [INFO] [MShook-DEBUG] CreateCustomItem方法调用完成
[15:53:39] [INFO] [Additionalmshookl] [INFO] 成功处理配置: 爆头Ⅳ (ID: 10980) 来自 10980_爆头4.json
[15:53:39] [INFO] [Additionalmshookl] [INFO] 配置文件 10983_狙击4.json 中设置的NewItemId: 10983
[15:53:39] [INFO] [Additionalmshookl] [INFO] [MShook-DEBUG] 正在处理配置: 10983_狙击4.json 中的物品 狙击Ⅳ
[15:53:39] [INFO] [Additionalmshookl] [INFO] [MShook-DEBUG] 即将调用CreateCustomItem方法
[15:53:39] [INFO] [Additionalmshookl] [INFO] ========== CreateCustomItem 开始处理物品: 狙击Ⅳ ==========
[15:53:39] [INFO] [Additionalmshookl] [INFO] 配置原始ID: 983, 新ID: 10983
[15:53:39] [INFO] [Additionalmshookl] [INFO] 开始处理物品: 狙击Ⅳ，原始ID: 983，配置的新ID: 10983
[15:53:39] [INFO] [Additionalmshookl] [INFO] 为物品 狙击Ⅳ 生成的唯一键: 829183116
[15:53:39] [INFO] [Additionalmshookl] [INFO] 为物品 狙击Ⅳ 使用已保存的ID: 10983
[15:53:39] [INFO] [Additionalmshookl] [INFO] 将ID 10983 添加到已使用列表
[15:53:39] [INFO] [Additionalmshookl] [INFO] [CreateCustomItem] 开始设置物品属性 for 狙击Ⅳ
[15:53:39] [INFO] [Additionalmshookl] [INFO] [SetItemProperties] 开始设置物品 狙击Ⅳ 的基本属性
[15:53:39] [INFO] [Additionalmshookl] [INFO] 成功设置字段 typeID = 10983 (类型: Item)
[15:53:39] [INFO] [Additionalmshookl] [INFO] 成功设置字段 weight = 0.3 (类型: Item)
[15:53:39] [INFO] [Additionalmshookl] [INFO] 成功设置字段 value = 10000 (类型: Item)
[15:53:39] [INFO] [Additionalmshookl] [INFO] 成功设置字段 displayName = juji4_10983 (类型: Item)
[15:53:39] [INFO] [Additionalmshookl] [INFO] 成功设置字段 quality = 6 (类型: Item)
[15:53:39] [INFO] [Additionalmshookl] [INFO] 成功设置字段 order = 0 (类型: Item)
[15:53:39] [INFO] [Additionalmshookl] [INFO] [SetItemProperties] 完成基本属性设置，开始处理Tags
[15:53:39] [INFO] [Additionalmshookl] [INFO] [SetItemProperties] 检测到Tags配置，数量: 2
[15:53:39] [INFO] [Additionalmshookl] [INFO] 物品 狙击Ⅳ 的所有标签: DontDropOnDeadInSlot, Totem
[15:53:39] [INFO] [Additionalmshookl] [INFO] [TagUtils-DEBUG] 开始处理标签: DontDropOnDeadInSlot
[15:53:39] [INFO] [TagUtils] ===== GetOrCreateTag方法被调用 =====
[15:53:39] [INFO] [TagUtils] 参数: tagName='DontDropOnDeadInSlot', displayName=''
[15:53:39] [INFO] [TagUtils] FindExistingTag 查找: DontDropOnDeadInSlot
[15:53:39] [INFO] [TagUtils] 找到 134 个Tag对象，开始查找: DontDropOnDeadInSlot
[15:53:39] [INFO] [TagUtils] 通过属性找到匹配的Tag: DontDropOnDeadInSlot
[15:53:39] [INFO] [TagUtils] 找到现有Tag: DontDropOnDeadInSlot
[15:53:39] [INFO] [Additionalmshookl] [INFO] [TagUtils-DEBUG] 标签 DontDropOnDeadInSlot 创建成功: Tag
[15:53:39] [INFO] [Additionalmshookl] [ERROR] 无法获取Tags列表
[15:53:39] [INFO] [Additionalmshookl] [INFO] [TagUtils-DEBUG] 开始处理标签: Totem
[15:53:39] [INFO] [TagUtils] ===== GetOrCreateTag方法被调用 =====
[15:53:39] [INFO] [TagUtils] 参数: tagName='Totem', displayName=''
[15:53:39] [INFO] [TagUtils] FindExistingTag 查找: Totem
[15:53:39] [INFO] [TagUtils] 找到 134 个Tag对象，开始查找: Totem
[15:53:39] [INFO] [TagUtils] 通过属性找到匹配的Tag: Totem
[15:53:39] [INFO] [TagUtils] 找到现有Tag: Totem
[15:53:39] [INFO] [Additionalmshookl] [INFO] [TagUtils-DEBUG] 标签 Totem 创建成功: Tag
[15:53:39] [INFO] [Additionalmshookl] [ERROR] 无法获取Tags列表
[15:53:39] [INFO] [Additionalmshookl] [INFO] 为物品 狙击Ⅳ 添加FoodDrink组件
[15:53:39] [INFO] [Additionalmshookl] [INFO] 物品 狙击Ⅳ 能量值: 0, 口渴值: 0
[15:53:39] [INFO] [Additionalmshookl] [INFO] 正在为 CustomItem_10983 配置 Modifiers...
[15:53:39] [INFO] [Additionalmshookl] [INFO] 成功设置字段 value = 0.6 (类型: ModifierDescription)
[15:53:39] [INFO] [Additionalmshookl] [INFO]   - GunDistanceMultiplier-GunDistanceMultiplier 修改成功: 0.3 -> 0.6
[15:53:39] [INFO] [Additionalmshookl] [INFO] 成功设置字段 value = 0.6 (类型: ModifierDescription)
[15:53:39] [INFO] [Additionalmshookl] [INFO]   - ViewDistance-ViewDistance 修改成功: 0.3 -> 0.6
[15:53:39] [INFO] [Additionalmshookl] [INFO] 成功设置字段 value = 0 (类型: ModifierDescription)
[15:53:39] [INFO] [Additionalmshookl] [INFO] 成功设置字段 display = False (类型: ModifierDescription)
[15:53:39] [INFO] [Additionalmshookl] [INFO]   - Modifier 'Moveability' (原值: -0.1) 已被移除 (未在配置中指定)。
[15:53:39] [INFO] [Additionalmshookl] [INFO] CustomItem_10983: 共修改/移除了 2 个现有 Modifier，添加了 0 个新的 Modifier。
[15:53:39] [INFO] [Additionalmshookl] [INFO] 开始应用防具属性配置
[15:53:39] [INFO] [Additionalmshookl] [INFO] 防具属性配置应用完成
[15:53:39] [INFO] [Additionalmshookl] [INFO] 物品 狙击Ⅳ 没有配置插槽设置，跳过插槽设置
[15:53:39] [INFO] [Additionalmshookl] [INFO] [原物品Buff分析] 开始分析物品 狙击Ⅳ (原始ID: 983) 的原生Buff效果
[15:53:39] [INFO] [Additionalmshookl] [INFO] [原物品Buff分析] 物品上有 1 个UsageBehavior组件:
[15:53:39] [INFO] [Additionalmshookl] [INFO]   [0] FoodDrink
[15:53:39] [INFO] [Additionalmshookl] [INFO]       -> 类型: FoodDrink (非AddBuff)
[15:53:39] [INFO] [Additionalmshookl] [INFO] 物品 狙击Ⅳ 没有配置Buff持续时间，跳过修改
[15:53:39] [INFO] [Additionalmshookl] [INFO] [CreateCustomItem] 完成设置物品属性 for 狙击Ⅳ
[15:53:39] [INFO] [Additionalmshookl] [INFO] [CreateCustomItem] 开始设置本地化文本 for 狙击Ⅳ
[15:53:39] [INFO] [Additionalmshookl] [INFO] 设置物品 狙击Ⅳ 描述键: juji4_10983_Desc
[15:53:39] [INFO] [Additionalmshookl] [INFO] [CreateCustomItem] 完成设置本地化文本 for 狙击Ⅳ
[15:53:39] [INFO] [Additionalmshookl] [INFO] [CreateCustomItem] 开始设置图标 for 狙击Ⅳ
[15:53:39] [INFO] [Additionalmshookl] [INFO] 物品 狙击Ⅳ 未指定图标，使用原始图标
[15:53:39] [INFO] [Additionalmshookl] [INFO] [CreateCustomItem] 完成设置图标 for 狙击Ⅳ
[15:53:39] [INFO] [Additionalmshookl] [INFO] [CreateCustomItem] 完成设置世界模型贴图 for 狙击Ⅳ
[15:53:39] [INFO] [Additionalmshookl] [INFO] [CreateCustomItem] 开始注册物品 for 狙击Ⅳ
[15:53:39] [INFO] [Additionalmshookl] [INFO] 物品注册成功: juji4_10983 (ID: 10983)
[15:53:39] [INFO] [Additionalmshookl] [INFO] [CreateCustomItem] 完成注册物品 for 狙击Ⅳ
[15:53:39] [INFO] [Additionalmshookl] [INFO] [CreateCustomItem] 准备调用SetupAdditionalSlots for 狙击Ⅳ
[15:53:39] [INFO] [Additionalmshookl] [INFO] [SetupAdditionalSlots] 开始处理物品 狙击Ⅳ 的配件槽配置
[15:53:39] [INFO] [Additionalmshookl] [INFO] [SetupAdditionalSlots] AdditionalSlotTags: 
[15:53:39] [INFO] [Additionalmshookl] [INFO] [SetupAdditionalSlots] AdditionalSlotCount: 0
[15:53:39] [INFO] [Additionalmshookl] [INFO] [SetupAdditionalSlots] ReplaceExistingSlots: False
[15:53:39] [INFO] [Additionalmshookl] [INFO] 物品 狙击Ⅳ 配件槽配置无效或未设置，跳过配件槽添加
[15:53:39] [INFO] [Additionalmshookl] [INFO] [CreateCustomItem] 准备调用SetupDecomposeFormula for 狙击Ⅳ
[15:53:39] [INFO] [Additionalmshookl] [INFO] [SetupDecomposeFormula] 开始处理物品 狙击Ⅳ 的分解配方，EnableDecompose: False
[15:53:39] [INFO] [Additionalmshookl] [INFO] [CreateCustomItem] 完成所有方法调用 for 狙击Ⅳ
[15:53:39] [INFO] [Additionalmshookl] [INFO] [CreateCustomItem] CreateCustomItem方法成功完成 for 狙击Ⅳ
[15:53:39] [INFO] [Additionalmshookl] [INFO] [MShook-DEBUG] CreateCustomItem方法调用完成
[15:53:39] [INFO] [Additionalmshookl] [INFO] 成功处理配置: 狙击Ⅳ (ID: 10983) 来自 10983_狙击4.json
[15:53:39] [INFO] [Additionalmshookl] [INFO] 配置文件 10987_狂战4.json 中设置的NewItemId: 10987
[15:53:39] [INFO] [Additionalmshookl] [INFO] [MShook-DEBUG] 正在处理配置: 10987_狂战4.json 中的物品 狂战Ⅳ
[15:53:39] [INFO] [Additionalmshookl] [INFO] [MShook-DEBUG] 即将调用CreateCustomItem方法
[15:53:39] [INFO] [Additionalmshookl] [INFO] ========== CreateCustomItem 开始处理物品: 狂战Ⅳ ==========
[15:53:39] [INFO] [Additionalmshookl] [INFO] 配置原始ID: 987, 新ID: 10987
[15:53:39] [INFO] [Additionalmshookl] [INFO] 开始处理物品: 狂战Ⅳ，原始ID: 987，配置的新ID: 10987
[15:53:39] [INFO] [Additionalmshookl] [INFO] 为物品 狂战Ⅳ 生成的唯一键: 510225942
[15:53:39] [INFO] [Additionalmshookl] [INFO] 为物品 狂战Ⅳ 使用已保存的ID: 10987
[15:53:39] [INFO] [Additionalmshookl] [INFO] 将ID 10987 添加到已使用列表
[15:53:39] [INFO] [Additionalmshookl] [INFO] [CreateCustomItem] 开始设置物品属性 for 狂战Ⅳ
[15:53:39] [INFO] [Additionalmshookl] [INFO] [SetItemProperties] 开始设置物品 狂战Ⅳ 的基本属性
[15:53:39] [INFO] [Additionalmshookl] [INFO] 成功设置字段 typeID = 10987 (类型: Item)
[15:53:39] [INFO] [Additionalmshookl] [INFO] 成功设置字段 weight = 0.3 (类型: Item)
[15:53:39] [INFO] [Additionalmshookl] [INFO] 成功设置字段 value = 10000 (类型: Item)
[15:53:39] [INFO] [Additionalmshookl] [INFO] 成功设置字段 displayName = 狂战_10987 (类型: Item)
[15:53:39] [INFO] [Additionalmshookl] [INFO] 成功设置字段 quality = 6 (类型: Item)
[15:53:39] [INFO] [Additionalmshookl] [INFO] 成功设置字段 order = 0 (类型: Item)
[15:53:39] [INFO] [Additionalmshookl] [INFO] [SetItemProperties] 完成基本属性设置，开始处理Tags
[15:53:39] [INFO] [Additionalmshookl] [INFO] [SetItemProperties] 检测到Tags配置，数量: 2
[15:53:39] [INFO] [Additionalmshookl] [INFO] 物品 狂战Ⅳ 的所有标签: DontDropOnDeadInSlot, Totem
[15:53:39] [INFO] [Additionalmshookl] [INFO] [TagUtils-DEBUG] 开始处理标签: DontDropOnDeadInSlot
[15:53:39] [INFO] [TagUtils] ===== GetOrCreateTag方法被调用 =====
[15:53:39] [INFO] [TagUtils] 参数: tagName='DontDropOnDeadInSlot', displayName=''
[15:53:39] [INFO] [TagUtils] FindExistingTag 查找: DontDropOnDeadInSlot
[15:53:39] [INFO] [TagUtils] 找到 134 个Tag对象，开始查找: DontDropOnDeadInSlot
[15:53:39] [INFO] [TagUtils] 通过属性找到匹配的Tag: DontDropOnDeadInSlot
[15:53:39] [INFO] [TagUtils] 找到现有Tag: DontDropOnDeadInSlot
[15:53:39] [INFO] [Additionalmshookl] [INFO] [TagUtils-DEBUG] 标签 DontDropOnDeadInSlot 创建成功: Tag
[15:53:39] [INFO] [Additionalmshookl] [ERROR] 无法获取Tags列表
[15:53:39] [INFO] [Additionalmshookl] [INFO] [TagUtils-DEBUG] 开始处理标签: Totem
[15:53:39] [INFO] [TagUtils] ===== GetOrCreateTag方法被调用 =====
[15:53:39] [INFO] [TagUtils] 参数: tagName='Totem', displayName=''
[15:53:39] [INFO] [TagUtils] FindExistingTag 查找: Totem
[15:53:39] [INFO] [TagUtils] 找到 134 个Tag对象，开始查找: Totem
[15:53:39] [INFO] [TagUtils] 通过属性找到匹配的Tag: Totem
[15:53:39] [INFO] [TagUtils] 找到现有Tag: Totem
[15:53:39] [INFO] [Additionalmshookl] [INFO] [TagUtils-DEBUG] 标签 Totem 创建成功: Tag
[15:53:39] [INFO] [Additionalmshookl] [ERROR] 无法获取Tags列表
[15:53:39] [INFO] [Additionalmshookl] [INFO] 为物品 狂战Ⅳ 添加FoodDrink组件
[15:53:39] [INFO] [Additionalmshookl] [INFO] 物品 狂战Ⅳ 能量值: 0, 口渴值: 0
[15:53:39] [INFO] [Additionalmshookl] [INFO] 正在为 CustomItem_10987 配置 Modifiers...
[15:53:39] [INFO] [Additionalmshookl] [INFO] 成功设置字段 value = 2.8 (类型: ModifierDescription)
[15:53:39] [INFO] [Additionalmshookl] [INFO]   - MeleeCritRateGain-MeleeCritRateGain 修改成功: 2.8 -> 2.8
[15:53:39] [INFO] [Additionalmshookl] [INFO] 成功设置字段 value = 0.1 (类型: ModifierDescription)
[15:53:39] [INFO] [Additionalmshookl] [INFO]   - MeleeDamageMultiplier-MeleeDamageMultiplier 修改成功: -0.1 -> 0.1
[15:53:39] [INFO] [Additionalmshookl] [INFO] CustomItem_10987: 共修改/移除了 2 个现有 Modifier，添加了 0 个新的 Modifier。
[15:53:39] [INFO] [Additionalmshookl] [INFO] 开始应用防具属性配置
[15:53:39] [INFO] [Additionalmshookl] [INFO] 防具属性配置应用完成
[15:53:39] [INFO] [Additionalmshookl] [INFO] 物品 狂战Ⅳ 没有配置插槽设置，跳过插槽设置
[15:53:39] [INFO] [Additionalmshookl] [INFO] [原物品Buff分析] 开始分析物品 狂战Ⅳ (原始ID: 987) 的原生Buff效果
[15:53:39] [INFO] [Additionalmshookl] [INFO] [原物品Buff分析] 物品上有 1 个UsageBehavior组件:
[15:53:39] [INFO] [Additionalmshookl] [INFO]   [0] FoodDrink
[15:53:39] [INFO] [Additionalmshookl] [INFO]       -> 类型: FoodDrink (非AddBuff)
[15:53:39] [INFO] [Additionalmshookl] [INFO] 物品 狂战Ⅳ 没有配置Buff持续时间，跳过修改
[15:53:39] [INFO] [Additionalmshookl] [INFO] [CreateCustomItem] 完成设置物品属性 for 狂战Ⅳ
[15:53:39] [INFO] [Additionalmshookl] [INFO] [CreateCustomItem] 开始设置本地化文本 for 狂战Ⅳ
[15:53:39] [INFO] [Additionalmshookl] [INFO] 设置物品 狂战Ⅳ 描述键: 狂战_10987_Desc
[15:53:39] [INFO] [Additionalmshookl] [INFO] [CreateCustomItem] 完成设置本地化文本 for 狂战Ⅳ
[15:53:39] [INFO] [Additionalmshookl] [INFO] [CreateCustomItem] 开始设置图标 for 狂战Ⅳ
[15:53:39] [INFO] [Additionalmshookl] [INFO] 物品 狂战Ⅳ 未指定图标，使用原始图标
[15:53:39] [INFO] [Additionalmshookl] [INFO] [CreateCustomItem] 完成设置图标 for 狂战Ⅳ
[15:53:39] [INFO] [Additionalmshookl] [INFO] [CreateCustomItem] 完成设置世界模型贴图 for 狂战Ⅳ
[15:53:39] [INFO] [Additionalmshookl] [INFO] [CreateCustomItem] 开始注册物品 for 狂战Ⅳ
[15:53:39] [INFO] [Additionalmshookl] [INFO] 物品注册成功: 狂战_10987 (ID: 10987)
[15:53:39] [INFO] [Additionalmshookl] [INFO] [CreateCustomItem] 完成注册物品 for 狂战Ⅳ
[15:53:39] [INFO] [Additionalmshookl] [INFO] [CreateCustomItem] 准备调用SetupAdditionalSlots for 狂战Ⅳ
[15:53:39] [INFO] [Additionalmshookl] [INFO] [SetupAdditionalSlots] 开始处理物品 狂战Ⅳ 的配件槽配置
[15:53:39] [INFO] [Additionalmshookl] [INFO] [SetupAdditionalSlots] AdditionalSlotTags: 
[15:53:39] [INFO] [Additionalmshookl] [INFO] [SetupAdditionalSlots] AdditionalSlotCount: 0
[15:53:39] [INFO] [Additionalmshookl] [INFO] [SetupAdditionalSlots] ReplaceExistingSlots: False
[15:53:39] [INFO] [Additionalmshookl] [INFO] 物品 狂战Ⅳ 配件槽配置无效或未设置，跳过配件槽添加
[15:53:39] [INFO] [Additionalmshookl] [INFO] [CreateCustomItem] 准备调用SetupDecomposeFormula for 狂战Ⅳ
[15:53:39] [INFO] [Additionalmshookl] [INFO] [SetupDecomposeFormula] 开始处理物品 狂战Ⅳ 的分解配方，EnableDecompose: False
[15:53:39] [INFO] [Additionalmshookl] [INFO] [CreateCustomItem] 完成所有方法调用 for 狂战Ⅳ
[15:53:39] [INFO] [Additionalmshookl] [INFO] [CreateCustomItem] CreateCustomItem方法成功完成 for 狂战Ⅳ
[15:53:39] [INFO] [Additionalmshookl] [INFO] [MShook-DEBUG] CreateCustomItem方法调用完成
[15:53:39] [INFO] [Additionalmshookl] [INFO] 成功处理配置: 狂战Ⅳ (ID: 10987) 来自 10987_狂战4.json
[15:53:39] [INFO] [Additionalmshookl] [INFO] 配置文件 10990_感知4.json 中设置的NewItemId: 10990
[15:53:39] [INFO] [Additionalmshookl] [INFO] [MShook-DEBUG] 正在处理配置: 10990_感知4.json 中的物品 感知Ⅳ
[15:53:39] [INFO] [Additionalmshookl] [INFO] [MShook-DEBUG] 即将调用CreateCustomItem方法
[15:53:39] [INFO] [Additionalmshookl] [INFO] ========== CreateCustomItem 开始处理物品: 感知Ⅳ ==========
[15:53:39] [INFO] [Additionalmshookl] [INFO] 配置原始ID: 990, 新ID: 10990
[15:53:39] [INFO] [Additionalmshookl] [INFO] 开始处理物品: 感知Ⅳ，原始ID: 990，配置的新ID: 10990
[15:53:39] [INFO] [Additionalmshookl] [INFO] 为物品 感知Ⅳ 生成的唯一键: 841258312
[15:53:39] [INFO] [Additionalmshookl] [INFO] 为物品 感知Ⅳ 使用已保存的ID: 10990
[15:53:39] [INFO] [Additionalmshookl] [INFO] 将ID 10990 添加到已使用列表
[15:53:39] [INFO] [Additionalmshookl] [INFO] [CreateCustomItem] 开始设置物品属性 for 感知Ⅳ
[15:53:39] [INFO] [Additionalmshookl] [INFO] [SetItemProperties] 开始设置物品 感知Ⅳ 的基本属性
[15:53:39] [INFO] [Additionalmshookl] [INFO] 成功设置字段 typeID = 10990 (类型: Item)
[15:53:39] [INFO] [Additionalmshookl] [INFO] 成功设置字段 weight = 0.3 (类型: Item)
[15:53:39] [INFO] [Additionalmshookl] [INFO] 成功设置字段 value = 10000 (类型: Item)
[15:53:39] [INFO] [Additionalmshookl] [INFO] 成功设置字段 displayName = ganzhi4_10990 (类型: Item)
[15:53:39] [INFO] [Additionalmshookl] [INFO] 成功设置字段 quality = 6 (类型: Item)
[15:53:39] [INFO] [Additionalmshookl] [INFO] 成功设置字段 order = 0 (类型: Item)
[15:53:39] [INFO] [Additionalmshookl] [INFO] [SetItemProperties] 完成基本属性设置，开始处理Tags
[15:53:39] [INFO] [Additionalmshookl] [INFO] [SetItemProperties] 检测到Tags配置，数量: 2
[15:53:39] [INFO] [Additionalmshookl] [INFO] 物品 感知Ⅳ 的所有标签: DontDropOnDeadInSlot, Totem
[15:53:39] [INFO] [Additionalmshookl] [INFO] [TagUtils-DEBUG] 开始处理标签: DontDropOnDeadInSlot
[15:53:39] [INFO] [TagUtils] ===== GetOrCreateTag方法被调用 =====
[15:53:39] [INFO] [TagUtils] 参数: tagName='DontDropOnDeadInSlot', displayName=''
[15:53:39] [INFO] [TagUtils] FindExistingTag 查找: DontDropOnDeadInSlot
[15:53:39] [INFO] [TagUtils] 找到 134 个Tag对象，开始查找: DontDropOnDeadInSlot
[15:53:39] [INFO] [TagUtils] 通过属性找到匹配的Tag: DontDropOnDeadInSlot
[15:53:39] [INFO] [TagUtils] 找到现有Tag: DontDropOnDeadInSlot
[15:53:39] [INFO] [Additionalmshookl] [INFO] [TagUtils-DEBUG] 标签 DontDropOnDeadInSlot 创建成功: Tag
[15:53:39] [INFO] [Additionalmshookl] [ERROR] 无法获取Tags列表
[15:53:39] [INFO] [Additionalmshookl] [INFO] [TagUtils-DEBUG] 开始处理标签: Totem
[15:53:39] [INFO] [TagUtils] ===== GetOrCreateTag方法被调用 =====
[15:53:39] [INFO] [TagUtils] 参数: tagName='Totem', displayName=''
[15:53:39] [INFO] [TagUtils] FindExistingTag 查找: Totem
[15:53:39] [INFO] [TagUtils] 找到 134 个Tag对象，开始查找: Totem
[15:53:39] [INFO] [TagUtils] 通过属性找到匹配的Tag: Totem
[15:53:39] [INFO] [TagUtils] 找到现有Tag: Totem
[15:53:39] [INFO] [Additionalmshookl] [INFO] [TagUtils-DEBUG] 标签 Totem 创建成功: Tag
[15:53:39] [INFO] [Additionalmshookl] [ERROR] 无法获取Tags列表
[15:53:39] [INFO] [Additionalmshookl] [INFO] 为物品 感知Ⅳ 添加FoodDrink组件
[15:53:39] [INFO] [Additionalmshookl] [INFO] 物品 感知Ⅳ 能量值: 0, 口渴值: 0
[15:53:39] [INFO] [Additionalmshookl] [INFO] 正在为 CustomItem_10990 配置 Modifiers...
[15:53:39] [INFO] [Additionalmshookl] [INFO] 成功设置字段 value = 1 (类型: ModifierDescription)
[15:53:39] [INFO] [Additionalmshookl] [INFO]   - SenseRange-SenseRange 修改成功: 0.75 -> 1
[15:53:39] [INFO] [Additionalmshookl] [INFO] CustomItem_10990: 共修改/移除了 1 个现有 Modifier，添加了 0 个新的 Modifier。
[15:53:39] [INFO] [Additionalmshookl] [INFO] 开始应用防具属性配置
[15:53:39] [INFO] [Additionalmshookl] [INFO] 防具属性配置应用完成
[15:53:39] [INFO] [Additionalmshookl] [INFO] 物品 感知Ⅳ 没有配置插槽设置，跳过插槽设置
[15:53:39] [INFO] [Additionalmshookl] [INFO] [原物品Buff分析] 开始分析物品 感知Ⅳ (原始ID: 990) 的原生Buff效果
[15:53:39] [INFO] [Additionalmshookl] [INFO] [原物品Buff分析] 物品上有 1 个UsageBehavior组件:
[15:53:39] [INFO] [Additionalmshookl] [INFO]   [0] FoodDrink
[15:53:39] [INFO] [Additionalmshookl] [INFO]       -> 类型: FoodDrink (非AddBuff)
[15:53:39] [INFO] [Additionalmshookl] [INFO] 物品 感知Ⅳ 没有配置Buff持续时间，跳过修改
[15:53:39] [INFO] [Additionalmshookl] [INFO] [CreateCustomItem] 完成设置物品属性 for 感知Ⅳ
[15:53:39] [INFO] [Additionalmshookl] [INFO] [CreateCustomItem] 开始设置本地化文本 for 感知Ⅳ
[15:53:39] [INFO] [Additionalmshookl] [INFO] 设置物品 感知Ⅳ 描述键: ganzhi4_10990_Desc
[15:53:39] [INFO] [Additionalmshookl] [INFO] [CreateCustomItem] 完成设置本地化文本 for 感知Ⅳ
[15:53:39] [INFO] [Additionalmshookl] [INFO] [CreateCustomItem] 开始设置图标 for 感知Ⅳ
[15:53:39] [INFO] [Additionalmshookl] [INFO] 物品 感知Ⅳ 未指定图标，使用原始图标
[15:53:39] [INFO] [Additionalmshookl] [INFO] [CreateCustomItem] 完成设置图标 for 感知Ⅳ
[15:53:39] [INFO] [Additionalmshookl] [INFO] [CreateCustomItem] 完成设置世界模型贴图 for 感知Ⅳ
[15:53:39] [INFO] [Additionalmshookl] [INFO] [CreateCustomItem] 开始注册物品 for 感知Ⅳ
[15:53:39] [INFO] [Additionalmshookl] [INFO] 物品注册成功: ganzhi4_10990 (ID: 10990)
[15:53:39] [INFO] [Additionalmshookl] [INFO] [CreateCustomItem] 完成注册物品 for 感知Ⅳ
[15:53:39] [INFO] [Additionalmshookl] [INFO] [CreateCustomItem] 准备调用SetupAdditionalSlots for 感知Ⅳ
[15:53:39] [INFO] [Additionalmshookl] [INFO] [SetupAdditionalSlots] 开始处理物品 感知Ⅳ 的配件槽配置
[15:53:39] [INFO] [Additionalmshookl] [INFO] [SetupAdditionalSlots] AdditionalSlotTags: 
[15:53:39] [INFO] [Additionalmshookl] [INFO] [SetupAdditionalSlots] AdditionalSlotCount: 0
[15:53:39] [INFO] [Additionalmshookl] [INFO] [SetupAdditionalSlots] ReplaceExistingSlots: False
[15:53:39] [INFO] [Additionalmshookl] [INFO] 物品 感知Ⅳ 配件槽配置无效或未设置，跳过配件槽添加
[15:53:39] [INFO] [Additionalmshookl] [INFO] [CreateCustomItem] 准备调用SetupDecomposeFormula for 感知Ⅳ
[15:53:39] [INFO] [Additionalmshookl] [INFO] [SetupDecomposeFormula] 开始处理物品 感知Ⅳ 的分解配方，EnableDecompose: False
[15:53:39] [INFO] [Additionalmshookl] [INFO] [CreateCustomItem] 完成所有方法调用 for 感知Ⅳ
[15:53:39] [INFO] [Additionalmshookl] [INFO] [CreateCustomItem] CreateCustomItem方法成功完成 for 感知Ⅳ
[15:53:39] [INFO] [Additionalmshookl] [INFO] [MShook-DEBUG] CreateCustomItem方法调用完成
[15:53:39] [INFO] [Additionalmshookl] [INFO] 成功处理配置: 感知Ⅳ (ID: 10990) 来自 10990_感知4.json
[15:53:39] [INFO] [Additionalmshookl] [INFO] 配置文件 1008400_战术手电-快反.json 中设置的NewItemId: 1008400
[15:53:39] [INFO] [Additionalmshookl] [INFO] [MShook-DEBUG] 正在处理配置: 1008400_战术手电-快反.json 中的物品 战术手电-快反
[15:53:39] [INFO] [Additionalmshookl] [INFO] [MShook-DEBUG] 即将调用CreateCustomItem方法
[15:53:39] [INFO] [Additionalmshookl] [INFO] ========== CreateCustomItem 开始处理物品: 战术手电-快反 ==========
[15:53:39] [INFO] [Additionalmshookl] [INFO] 配置原始ID: 580, 新ID: 1008400
[15:53:39] [INFO] [Additionalmshookl] [INFO] 开始处理物品: 战术手电-快反，原始ID: 580，配置的新ID: 1008400
[15:53:39] [INFO] [Additionalmshookl] [INFO] 为物品 战术手电-快反 生成的唯一键: 1806630682
[15:53:39] [INFO] [Additionalmshookl] [INFO] 为物品 战术手电-快反 使用已保存的ID: 1008400
[15:53:39] [INFO] [Additionalmshookl] [INFO] 将ID 1008400 添加到已使用列表
[15:53:39] [INFO] [Additionalmshookl] [INFO] [CreateCustomItem] 开始设置物品属性 for 战术手电-快反
[15:53:39] [INFO] [Additionalmshookl] [INFO] [SetItemProperties] 开始设置物品 战术手电-快反 的基本属性
[15:53:39] [INFO] [Additionalmshookl] [INFO] 成功设置字段 typeID = 1008400 (类型: Item)
[15:53:39] [INFO] [Additionalmshookl] [INFO] 成功设置字段 weight = 0.1 (类型: Item)
[15:53:39] [INFO] [Additionalmshookl] [INFO] 成功设置字段 value = 1100 (类型: Item)
[15:53:39] [INFO] [Additionalmshookl] [INFO] 成功设置字段 displayName = 1008400 (类型: Item)
[15:53:39] [INFO] [Additionalmshookl] [INFO] 成功设置字段 quality = 3 (类型: Item)
[15:53:39] [INFO] [Additionalmshookl] [INFO] 成功设置字段 order = 0 (类型: Item)
[15:53:39] [INFO] [Additionalmshookl] [INFO] [SetItemProperties] 完成基本属性设置，开始处理Tags
[15:53:39] [INFO] [Additionalmshookl] [INFO] [SetItemProperties] 检测到Tags配置，数量: 2
[15:53:39] [INFO] [Additionalmshookl] [INFO] 物品 战术手电-快反 的所有标签: Accessory, TecEquip
[15:53:39] [INFO] [Additionalmshookl] [INFO] [TagUtils-DEBUG] 开始处理标签: Accessory
[15:53:39] [INFO] [TagUtils] ===== GetOrCreateTag方法被调用 =====
[15:53:39] [INFO] [TagUtils] 参数: tagName='Accessory', displayName=''
[15:53:39] [INFO] [TagUtils] FindExistingTag 查找: Accessory
[15:53:39] [INFO] [TagUtils] 找到 134 个Tag对象，开始查找: Accessory
[15:53:39] [INFO] [TagUtils] 通过属性找到匹配的Tag: Accessory
[15:53:39] [INFO] [TagUtils] 找到现有Tag: Accessory
[15:53:39] [INFO] [Additionalmshookl] [INFO] [TagUtils-DEBUG] 标签 Accessory 创建成功: Tag
[15:53:39] [INFO] [Additionalmshookl] [ERROR] 无法获取Tags列表
[15:53:39] [INFO] [Additionalmshookl] [INFO] [TagUtils-DEBUG] 开始处理标签: TecEquip
[15:53:39] [INFO] [TagUtils] ===== GetOrCreateTag方法被调用 =====
[15:53:39] [INFO] [TagUtils] 参数: tagName='TecEquip', displayName=''
[15:53:39] [INFO] [TagUtils] FindExistingTag 查找: TecEquip
[15:53:39] [INFO] [TagUtils] 找到 134 个Tag对象，开始查找: TecEquip
[15:53:39] [INFO] [TagUtils] 通过属性找到匹配的Tag: TecEquip
[15:53:39] [INFO] [TagUtils] 找到现有Tag: TecEquip
[15:53:39] [INFO] [Additionalmshookl] [INFO] [TagUtils-DEBUG] 标签 TecEquip 创建成功: Tag
[15:53:39] [INFO] [Additionalmshookl] [ERROR] 无法获取Tags列表
[15:53:39] [INFO] [Additionalmshookl] [INFO] 为物品 战术手电-快反 添加FoodDrink组件
[15:53:39] [INFO] [Additionalmshookl] [INFO] 物品 战术手电-快反 能量值: 0, 口渴值: 0
[15:53:39] [INFO] [Additionalmshookl] [INFO] 正在为 CustomItem_1008400 配置 Modifiers...
[15:53:39] [INFO] [Additionalmshookl] [INFO] 成功设置字段 value = 1 (类型: ModifierDescription)
[15:53:39] [INFO] [Additionalmshookl] [INFO]   - 闪光灯-FlashLight 修改成功: 1 -> 1
[15:53:39] [INFO] [Additionalmshookl] [INFO] CustomItem_1008400: 共修改/移除了 1 个现有 Modifier，添加了 0 个新的 Modifier。
[15:53:39] [INFO] [Additionalmshookl] [INFO] 开始应用防具属性配置
[15:53:39] [INFO] [Additionalmshookl] [INFO] 防具属性配置应用完成
[15:53:39] [INFO] [Additionalmshookl] [INFO] 物品 战术手电-快反 没有配置插槽设置，跳过插槽设置
[15:53:39] [INFO] [Additionalmshookl] [INFO] [原物品Buff分析] 开始分析物品 战术手电-快反 (原始ID: 580) 的原生Buff效果
[15:53:39] [INFO] [Additionalmshookl] [INFO] [原物品Buff分析] 物品上有 1 个UsageBehavior组件:
[15:53:39] [INFO] [Additionalmshookl] [INFO]   [0] FoodDrink
[15:53:39] [INFO] [Additionalmshookl] [INFO]       -> 类型: FoodDrink (非AddBuff)
[15:53:39] [INFO] [Additionalmshookl] [INFO] 物品 战术手电-快反 没有配置Buff持续时间，跳过修改
[15:53:39] [INFO] [Additionalmshookl] [INFO] [CreateCustomItem] 完成设置物品属性 for 战术手电-快反
[15:53:39] [INFO] [Additionalmshookl] [INFO] [CreateCustomItem] 开始设置本地化文本 for 战术手电-快反
[15:53:39] [INFO] [Additionalmshookl] [INFO] 设置物品 战术手电-快反 描述键: 1008400_Desc
[15:53:39] [INFO] [Additionalmshookl] [INFO] [CreateCustomItem] 完成设置本地化文本 for 战术手电-快反
[15:53:39] [INFO] [Additionalmshookl] [INFO] [CreateCustomItem] 开始设置图标 for 战术手电-快反
[15:53:39] [INFO] [Additionalmshookl] [INFO] 从模块文件夹加载图标: D:\SteamLibrary\steamapps\workshop\content\3167020\3661816441\icons\战术手电-快反.png
[15:53:39] [INFO] [Additionalmshookl] [INFO] 加载UI图标成功: 战术手电-快反.png
[15:53:39] [INFO] [Additionalmshookl] [INFO] [CreateCustomItem] 完成设置图标 for 战术手电-快反
[15:53:39] [INFO] [Additionalmshookl] [INFO] [CreateCustomItem] 完成设置世界模型贴图 for 战术手电-快反
[15:53:39] [INFO] [Additionalmshookl] [INFO] [CreateCustomItem] 开始注册物品 for 战术手电-快反
[15:53:39] [INFO] [Additionalmshookl] [INFO] 物品注册成功: 1008400 (ID: 1008400)
[15:53:39] [INFO] [Additionalmshookl] [INFO] [CreateCustomItem] 完成注册物品 for 战术手电-快反
[15:53:39] [INFO] [Additionalmshookl] [INFO] [CreateCustomItem] 准备调用SetupAdditionalSlots for 战术手电-快反
[15:53:39] [INFO] [Additionalmshookl] [INFO] [SetupAdditionalSlots] 开始处理物品 战术手电-快反 的配件槽配置
[15:53:39] [INFO] [Additionalmshookl] [INFO] [SetupAdditionalSlots] AdditionalSlotTags: 
[15:53:39] [INFO] [Additionalmshookl] [INFO] [SetupAdditionalSlots] AdditionalSlotCount: 0
[15:53:39] [INFO] [Additionalmshookl] [INFO] [SetupAdditionalSlots] ReplaceExistingSlots: False
[15:53:39] [INFO] [Additionalmshookl] [INFO] 物品 战术手电-快反 配件槽配置无效或未设置，跳过配件槽添加
[15:53:39] [INFO] [Additionalmshookl] [INFO] [CreateCustomItem] 准备调用SetupDecomposeFormula for 战术手电-快反
[15:53:39] [INFO] [Additionalmshookl] [INFO] [SetupDecomposeFormula] 开始处理物品 战术手电-快反 的分解配方，EnableDecompose: False
[15:53:39] [INFO] [Additionalmshookl] [INFO] [CreateCustomItem] 完成所有方法调用 for 战术手电-快反
[15:53:39] [INFO] [Additionalmshookl] [INFO] [CreateCustomItem] CreateCustomItem方法成功完成 for 战术手电-快反
[15:53:39] [INFO] [Additionalmshookl] [INFO] [MShook-DEBUG] CreateCustomItem方法调用完成
[15:53:39] [INFO] [Additionalmshookl] [INFO] 成功处理配置: 战术手电-快反 (ID: 1008400) 来自 1008400_战术手电-快反.json
[15:53:39] [INFO] [Additionalmshookl] [INFO] 配置文件 1008401_战术手电-机动.json 中设置的NewItemId: 1008401
[15:53:39] [INFO] [Additionalmshookl] [INFO] [MShook-DEBUG] 正在处理配置: 1008401_战术手电-机动.json 中的物品 战术手电-机动
[15:53:39] [INFO] [Additionalmshookl] [INFO] [MShook-DEBUG] 即将调用CreateCustomItem方法
[15:53:39] [INFO] [Additionalmshookl] [INFO] ========== CreateCustomItem 开始处理物品: 战术手电-机动 ==========
[15:53:39] [INFO] [Additionalmshookl] [INFO] 配置原始ID: 580, 新ID: 1008401
[15:53:39] [INFO] [Additionalmshookl] [INFO] 开始处理物品: 战术手电-机动，原始ID: 580，配置的新ID: 1008401
[15:53:39] [INFO] [Additionalmshookl] [INFO] 为物品 战术手电-机动 生成的唯一键: 567462581
[15:53:39] [INFO] [Additionalmshookl] [INFO] 为物品 战术手电-机动 使用已保存的ID: 1008401
[15:53:39] [INFO] [Additionalmshookl] [INFO] 将ID 1008401 添加到已使用列表
[15:53:39] [INFO] [Additionalmshookl] [INFO] [CreateCustomItem] 开始设置物品属性 for 战术手电-机动
[15:53:39] [INFO] [Additionalmshookl] [INFO] [SetItemProperties] 开始设置物品 战术手电-机动 的基本属性
[15:53:39] [INFO] [Additionalmshookl] [INFO] 成功设置字段 typeID = 1008401 (类型: Item)
[15:53:39] [INFO] [Additionalmshookl] [INFO] 成功设置字段 weight = 0.1 (类型: Item)
[15:53:39] [INFO] [Additionalmshookl] [INFO] 成功设置字段 value = 1100 (类型: Item)
[15:53:39] [INFO] [Additionalmshookl] [INFO] 成功设置字段 displayName = 1008401 (类型: Item)
[15:53:39] [INFO] [Additionalmshookl] [INFO] 成功设置字段 quality = 3 (类型: Item)
[15:53:39] [INFO] [Additionalmshookl] [INFO] 成功设置字段 order = 0 (类型: Item)
[15:53:39] [INFO] [Additionalmshookl] [INFO] [SetItemProperties] 完成基本属性设置，开始处理Tags
[15:53:39] [INFO] [Additionalmshookl] [INFO] [SetItemProperties] 检测到Tags配置，数量: 4
[15:53:39] [INFO] [Additionalmshookl] [INFO] 物品 战术手电-机动 的所有标签: Accessory, Muzzle, TecEquip, GunType_PST
[15:53:39] [INFO] [Additionalmshookl] [INFO] [TagUtils-DEBUG] 开始处理标签: Accessory
[15:53:39] [INFO] [TagUtils] ===== GetOrCreateTag方法被调用 =====
[15:53:39] [INFO] [TagUtils] 参数: tagName='Accessory', displayName=''
[15:53:39] [INFO] [TagUtils] FindExistingTag 查找: Accessory
[15:53:39] [INFO] [TagUtils] 找到 134 个Tag对象，开始查找: Accessory
[15:53:39] [INFO] [TagUtils] 通过属性找到匹配的Tag: Accessory
[15:53:39] [INFO] [TagUtils] 找到现有Tag: Accessory
[15:53:39] [INFO] [Additionalmshookl] [INFO] [TagUtils-DEBUG] 标签 Accessory 创建成功: Tag
[15:53:39] [INFO] [Additionalmshookl] [ERROR] 无法获取Tags列表
[15:53:39] [INFO] [Additionalmshookl] [INFO] [TagUtils-DEBUG] 开始处理标签: Muzzle
[15:53:39] [INFO] [TagUtils] ===== GetOrCreateTag方法被调用 =====
[15:53:39] [INFO] [TagUtils] 参数: tagName='Muzzle', displayName=''
[15:53:39] [INFO] [TagUtils] FindExistingTag 查找: Muzzle
[15:53:39] [INFO] [TagUtils] 找到 134 个Tag对象，开始查找: Muzzle
[15:53:39] [INFO] [TagUtils] 通过属性找到匹配的Tag: Muzzle
[15:53:39] [INFO] [TagUtils] 找到现有Tag: Muzzle
[15:53:39] [INFO] [Additionalmshookl] [INFO] [TagUtils-DEBUG] 标签 Muzzle 创建成功: Tag
[15:53:39] [INFO] [Additionalmshookl] [ERROR] 无法获取Tags列表
[15:53:39] [INFO] [Additionalmshookl] [INFO] [TagUtils-DEBUG] 开始处理标签: TecEquip
[15:53:39] [INFO] [TagUtils] ===== GetOrCreateTag方法被调用 =====
[15:53:39] [INFO] [TagUtils] 参数: tagName='TecEquip', displayName=''
[15:53:39] [INFO] [TagUtils] FindExistingTag 查找: TecEquip
[15:53:39] [INFO] [TagUtils] 找到 134 个Tag对象，开始查找: TecEquip
[15:53:39] [INFO] [TagUtils] 通过属性找到匹配的Tag: TecEquip
[15:53:39] [INFO] [TagUtils] 找到现有Tag: TecEquip
[15:53:39] [INFO] [Additionalmshookl] [INFO] [TagUtils-DEBUG] 标签 TecEquip 创建成功: Tag
[15:53:39] [INFO] [Additionalmshookl] [ERROR] 无法获取Tags列表
[15:53:39] [INFO] [Additionalmshookl] [INFO] [TagUtils-DEBUG] 开始处理标签: GunType_PST
[15:53:39] [INFO] [TagUtils] ===== GetOrCreateTag方法被调用 =====
[15:53:39] [INFO] [TagUtils] 参数: tagName='GunType_PST', displayName=''
[15:53:39] [INFO] [TagUtils] FindExistingTag 查找: GunType_PST
[15:53:39] [INFO] [TagUtils] 找到 134 个Tag对象，开始查找: GunType_PST
[15:53:39] [INFO] [TagUtils] 通过属性找到匹配的Tag: GunType_PST
[15:53:39] [INFO] [TagUtils] 找到现有Tag: GunType_PST
[15:53:39] [INFO] [Additionalmshookl] [INFO] [TagUtils-DEBUG] 标签 GunType_PST 创建成功: Tag
[15:53:39] [INFO] [Additionalmshookl] [ERROR] 无法获取Tags列表
[15:53:39] [INFO] [Additionalmshookl] [INFO] 为物品 战术手电-机动 添加FoodDrink组件
[15:53:39] [INFO] [Additionalmshookl] [INFO] 物品 战术手电-机动 能量值: 0, 口渴值: 0
[15:53:39] [INFO] [Additionalmshookl] [INFO] 正在为 CustomItem_1008401 配置 Modifiers...
[15:53:39] [INFO] [Additionalmshookl] [INFO] 成功设置字段 value = 1 (类型: ModifierDescription)
[15:53:39] [INFO] [Additionalmshookl] [INFO]   - 闪光灯-FlashLight 修改成功: 1 -> 1
[15:53:39] [INFO] [Additionalmshookl] [INFO] CustomItem_1008401: 共修改/移除了 1 个现有 Modifier，添加了 0 个新的 Modifier。
[15:53:39] [INFO] [Additionalmshookl] [INFO] 开始应用防具属性配置
[15:53:39] [INFO] [Additionalmshookl] [INFO] 防具属性配置应用完成
[15:53:39] [INFO] [Additionalmshookl] [INFO] 物品 战术手电-机动 没有配置插槽设置，跳过插槽设置
[15:53:39] [INFO] [Additionalmshookl] [INFO] [原物品Buff分析] 开始分析物品 战术手电-机动 (原始ID: 580) 的原生Buff效果
[15:53:39] [INFO] [Additionalmshookl] [INFO] [原物品Buff分析] 物品上有 1 个UsageBehavior组件:
[15:53:39] [INFO] [Additionalmshookl] [INFO]   [0] FoodDrink
[15:53:39] [INFO] [Additionalmshookl] [INFO]       -> 类型: FoodDrink (非AddBuff)
[15:53:39] [INFO] [Additionalmshookl] [INFO] 物品 战术手电-机动 没有配置Buff持续时间，跳过修改
[15:53:39] [INFO] [Additionalmshookl] [INFO] [CreateCustomItem] 完成设置物品属性 for 战术手电-机动
[15:53:39] [INFO] [Additionalmshookl] [INFO] [CreateCustomItem] 开始设置本地化文本 for 战术手电-机动
[15:53:39] [INFO] [Additionalmshookl] [INFO] 设置物品 战术手电-机动 描述键: 1008401_Desc
[15:53:39] [INFO] [Additionalmshookl] [INFO] [CreateCustomItem] 完成设置本地化文本 for 战术手电-机动
[15:53:39] [INFO] [Additionalmshookl] [INFO] [CreateCustomItem] 开始设置图标 for 战术手电-机动
[15:53:39] [INFO] [Additionalmshookl] [INFO] 从模块文件夹加载图标: D:\SteamLibrary\steamapps\workshop\content\3167020\3661816441\icons\战术手电-机动.png
[15:53:39] [INFO] [Additionalmshookl] [INFO] 加载UI图标成功: 战术手电-机动.png
[15:53:39] [INFO] [Additionalmshookl] [INFO] [CreateCustomItem] 完成设置图标 for 战术手电-机动
[15:53:39] [INFO] [Additionalmshookl] [INFO] [CreateCustomItem] 完成设置世界模型贴图 for 战术手电-机动
[15:53:39] [INFO] [Additionalmshookl] [INFO] [CreateCustomItem] 开始注册物品 for 战术手电-机动
[15:53:39] [INFO] [Additionalmshookl] [INFO] 物品注册成功: 1008401 (ID: 1008401)
[15:53:39] [INFO] [Additionalmshookl] [INFO] [CreateCustomItem] 完成注册物品 for 战术手电-机动
[15:53:39] [INFO] [Additionalmshookl] [INFO] [CreateCustomItem] 准备调用SetupAdditionalSlots for 战术手电-机动
[15:53:39] [INFO] [Additionalmshookl] [INFO] [SetupAdditionalSlots] 开始处理物品 战术手电-机动 的配件槽配置
[15:53:39] [INFO] [Additionalmshookl] [INFO] [SetupAdditionalSlots] AdditionalSlotTags: 
[15:53:39] [INFO] [Additionalmshookl] [INFO] [SetupAdditionalSlots] AdditionalSlotCount: 0
[15:53:39] [INFO] [Additionalmshookl] [INFO] [SetupAdditionalSlots] ReplaceExistingSlots: False
[15:53:39] [INFO] [Additionalmshookl] [INFO] 物品 战术手电-机动 配件槽配置无效或未设置，跳过配件槽添加
[15:53:39] [INFO] [Additionalmshookl] [INFO] [CreateCustomItem] 准备调用SetupDecomposeFormula for 战术手电-机动
[15:53:39] [INFO] [Additionalmshookl] [INFO] [SetupDecomposeFormula] 开始处理物品 战术手电-机动 的分解配方，EnableDecompose: False
[15:53:39] [INFO] [Additionalmshookl] [INFO] [CreateCustomItem] 完成所有方法调用 for 战术手电-机动
[15:53:39] [INFO] [Additionalmshookl] [INFO] [CreateCustomItem] CreateCustomItem方法成功完成 for 战术手电-机动
[15:53:39] [INFO] [Additionalmshookl] [INFO] [MShook-DEBUG] CreateCustomItem方法调用完成
[15:53:39] [INFO] [Additionalmshookl] [INFO] 成功处理配置: 战术手电-机动 (ID: 1008401) 来自 1008401_战术手电-机动.json
[15:53:39] [INFO] [Additionalmshookl] [INFO] 配置文件 1008402_战术手电-校准.json 中设置的NewItemId: 1008402
[15:53:39] [INFO] [Additionalmshookl] [INFO] [MShook-DEBUG] 正在处理配置: 1008402_战术手电-校准.json 中的物品 战术手电-校准
[15:53:39] [INFO] [Additionalmshookl] [INFO] [MShook-DEBUG] 即将调用CreateCustomItem方法
[15:53:39] [INFO] [Additionalmshookl] [INFO] ========== CreateCustomItem 开始处理物品: 战术手电-校准 ==========
[15:53:39] [INFO] [Additionalmshookl] [INFO] 配置原始ID: 580, 新ID: 1008402
[15:53:39] [INFO] [Additionalmshookl] [INFO] 开始处理物品: 战术手电-校准，原始ID: 580，配置的新ID: 1008402
[15:53:39] [INFO] [Additionalmshookl] [INFO] 为物品 战术手电-校准 生成的唯一键: 1778276949
[15:53:39] [INFO] [Additionalmshookl] [INFO] 为物品 战术手电-校准 使用已保存的ID: 1008402
[15:53:39] [INFO] [Additionalmshookl] [INFO] 将ID 1008402 添加到已使用列表
[15:53:39] [INFO] [Additionalmshookl] [INFO] [CreateCustomItem] 开始设置物品属性 for 战术手电-校准
[15:53:39] [INFO] [Additionalmshookl] [INFO] [SetItemProperties] 开始设置物品 战术手电-校准 的基本属性
[15:53:39] [INFO] [Additionalmshookl] [INFO] 成功设置字段 typeID = 1008402 (类型: Item)
[15:53:39] [INFO] [Additionalmshookl] [INFO] 成功设置字段 weight = 0.1 (类型: Item)
[15:53:39] [INFO] [Additionalmshookl] [INFO] 成功设置字段 value = 2400 (类型: Item)
[15:53:39] [INFO] [Additionalmshookl] [INFO] 成功设置字段 displayName = 1008402 (类型: Item)
[15:53:39] [INFO] [Additionalmshookl] [INFO] 成功设置字段 quality = 4 (类型: Item)
[15:53:39] [INFO] [Additionalmshookl] [INFO] 成功设置字段 order = 0 (类型: Item)
[15:53:39] [INFO] [Additionalmshookl] [INFO] [SetItemProperties] 完成基本属性设置，开始处理Tags
[15:53:39] [INFO] [Additionalmshookl] [INFO] [SetItemProperties] 检测到Tags配置，数量: 2
[15:53:39] [INFO] [Additionalmshookl] [INFO] 物品 战术手电-校准 的所有标签: Accessory, TecEquip
[15:53:39] [INFO] [Additionalmshookl] [INFO] [TagUtils-DEBUG] 开始处理标签: Accessory
[15:53:39] [INFO] [TagUtils] ===== GetOrCreateTag方法被调用 =====
[15:53:39] [INFO] [TagUtils] 参数: tagName='Accessory', displayName=''
[15:53:39] [INFO] [TagUtils] FindExistingTag 查找: Accessory
[15:53:39] [INFO] [TagUtils] 找到 134 个Tag对象，开始查找: Accessory
[15:53:39] [INFO] [TagUtils] 通过属性找到匹配的Tag: Accessory
[15:53:39] [INFO] [TagUtils] 找到现有Tag: Accessory
[15:53:39] [INFO] [Additionalmshookl] [INFO] [TagUtils-DEBUG] 标签 Accessory 创建成功: Tag
[15:53:39] [INFO] [Additionalmshookl] [ERROR] 无法获取Tags列表
[15:53:39] [INFO] [Additionalmshookl] [INFO] [TagUtils-DEBUG] 开始处理标签: TecEquip
[15:53:39] [INFO] [TagUtils] ===== GetOrCreateTag方法被调用 =====
[15:53:39] [INFO] [TagUtils] 参数: tagName='TecEquip', displayName=''
[15:53:39] [INFO] [TagUtils] FindExistingTag 查找: TecEquip
[15:53:39] [INFO] [TagUtils] 找到 134 个Tag对象，开始查找: TecEquip
[15:53:39] [INFO] [TagUtils] 通过属性找到匹配的Tag: TecEquip
[15:53:39] [INFO] [TagUtils] 找到现有Tag: TecEquip
[15:53:39] [INFO] [Additionalmshookl] [INFO] [TagUtils-DEBUG] 标签 TecEquip 创建成功: Tag
[15:53:39] [INFO] [Additionalmshookl] [ERROR] 无法获取Tags列表
[15:53:39] [INFO] [Additionalmshookl] [INFO] 为物品 战术手电-校准 添加FoodDrink组件
[15:53:39] [INFO] [Additionalmshookl] [INFO] 物品 战术手电-校准 能量值: 0, 口渴值: 0
[15:53:39] [INFO] [Additionalmshookl] [INFO] 正在为 CustomItem_1008402 配置 Modifiers...
[15:53:39] [INFO] [Additionalmshookl] [INFO] 成功设置字段 value = 1 (类型: ModifierDescription)
[15:53:39] [INFO] [Additionalmshookl] [INFO]   - 闪光灯-FlashLight 修改成功: 1 -> 1
[15:53:39] [INFO] [Additionalmshookl] [INFO] CustomItem_1008402: 共修改/移除了 1 个现有 Modifier，添加了 0 个新的 Modifier。
[15:53:39] [INFO] [Additionalmshookl] [INFO] 开始应用防具属性配置
[15:53:39] [INFO] [Additionalmshookl] [INFO] 防具属性配置应用完成
[15:53:39] [INFO] [Additionalmshookl] [INFO] 物品 战术手电-校准 没有配置插槽设置，跳过插槽设置
[15:53:39] [INFO] [Additionalmshookl] [INFO] [原物品Buff分析] 开始分析物品 战术手电-校准 (原始ID: 580) 的原生Buff效果
[15:53:39] [INFO] [Additionalmshookl] [INFO] [原物品Buff分析] 物品上有 1 个UsageBehavior组件:
[15:53:39] [INFO] [Additionalmshookl] [INFO]   [0] FoodDrink
[15:53:39] [INFO] [Additionalmshookl] [INFO]       -> 类型: FoodDrink (非AddBuff)
[15:53:39] [INFO] [Additionalmshookl] [INFO] 物品 战术手电-校准 没有配置Buff持续时间，跳过修改
[15:53:39] [INFO] [Additionalmshookl] [INFO] [CreateCustomItem] 完成设置物品属性 for 战术手电-校准
[15:53:39] [INFO] [Additionalmshookl] [INFO] [CreateCustomItem] 开始设置本地化文本 for 战术手电-校准
[15:53:39] [INFO] [Additionalmshookl] [INFO] 设置物品 战术手电-校准 描述键: 1008402_Desc
[15:53:39] [INFO] [Additionalmshookl] [INFO] [CreateCustomItem] 完成设置本地化文本 for 战术手电-校准
[15:53:39] [INFO] [Additionalmshookl] [INFO] [CreateCustomItem] 开始设置图标 for 战术手电-校准
[15:53:39] [INFO] [Additionalmshookl] [INFO] 从模块文件夹加载图标: D:\SteamLibrary\steamapps\workshop\content\3167020\3661816441\icons\战术手电-校准.png
[15:53:39] [INFO] [Additionalmshookl] [INFO] 加载UI图标成功: 战术手电-校准.png
[15:53:39] [INFO] [Additionalmshookl] [INFO] [CreateCustomItem] 完成设置图标 for 战术手电-校准
[15:53:39] [INFO] [Additionalmshookl] [INFO] [CreateCustomItem] 完成设置世界模型贴图 for 战术手电-校准
[15:53:39] [INFO] [Additionalmshookl] [INFO] [CreateCustomItem] 开始注册物品 for 战术手电-校准
[15:53:39] [INFO] [Additionalmshookl] [INFO] 物品注册成功: 1008402 (ID: 1008402)
[15:53:39] [INFO] [Additionalmshookl] [INFO] [CreateCustomItem] 完成注册物品 for 战术手电-校准
[15:53:39] [INFO] [Additionalmshookl] [INFO] [CreateCustomItem] 准备调用SetupAdditionalSlots for 战术手电-校准
[15:53:39] [INFO] [Additionalmshookl] [INFO] [SetupAdditionalSlots] 开始处理物品 战术手电-校准 的配件槽配置
[15:53:39] [INFO] [Additionalmshookl] [INFO] [SetupAdditionalSlots] AdditionalSlotTags: 
[15:53:39] [INFO] [Additionalmshookl] [INFO] [SetupAdditionalSlots] AdditionalSlotCount: 0
[15:53:39] [INFO] [Additionalmshookl] [INFO] [SetupAdditionalSlots] ReplaceExistingSlots: False
[15:53:39] [INFO] [Additionalmshookl] [INFO] 物品 战术手电-校准 配件槽配置无效或未设置，跳过配件槽添加
[15:53:39] [INFO] [Additionalmshookl] [INFO] [CreateCustomItem] 准备调用SetupDecomposeFormula for 战术手电-校准
[15:53:39] [INFO] [Additionalmshookl] [INFO] [SetupDecomposeFormula] 开始处理物品 战术手电-校准 的分解配方，EnableDecompose: False
[15:53:39] [INFO] [Additionalmshookl] [INFO] [CreateCustomItem] 完成所有方法调用 for 战术手电-校准
[15:53:39] [INFO] [Additionalmshookl] [INFO] [CreateCustomItem] CreateCustomItem方法成功完成 for 战术手电-校准
[15:53:39] [INFO] [Additionalmshookl] [INFO] [MShook-DEBUG] CreateCustomItem方法调用完成
[15:53:39] [INFO] [Additionalmshookl] [INFO] 成功处理配置: 战术手电-校准 (ID: 1008402) 来自 1008402_战术手电-校准.json
[15:53:39] [INFO] [Additionalmshookl] [INFO] 配置文件 1008403_战术手电-暴击.json 中设置的NewItemId: 1008403
[15:53:39] [INFO] [Additionalmshookl] [INFO] [MShook-DEBUG] 正在处理配置: 1008403_战术手电-暴击.json 中的物品 战术手电-暴击
[15:53:39] [INFO] [Additionalmshookl] [INFO] [MShook-DEBUG] 即将调用CreateCustomItem方法
[15:53:39] [INFO] [Additionalmshookl] [INFO] ========== CreateCustomItem 开始处理物品: 战术手电-暴击 ==========
[15:53:39] [INFO] [Additionalmshookl] [INFO] 配置原始ID: 580, 新ID: 1008403
[15:53:39] [INFO] [Additionalmshookl] [INFO] 开始处理物品: 战术手电-暴击，原始ID: 580，配置的新ID: 1008403
[15:53:39] [INFO] [Additionalmshookl] [INFO] 为物品 战术手电-暴击 生成的唯一键: 426970662
[15:53:39] [INFO] [Additionalmshookl] [INFO] 为物品 战术手电-暴击 使用已保存的ID: 1008403
[15:53:39] [INFO] [Additionalmshookl] [INFO] 将ID 1008403 添加到已使用列表
[15:53:39] [INFO] [Additionalmshookl] [INFO] [CreateCustomItem] 开始设置物品属性 for 战术手电-暴击
[15:53:39] [INFO] [Additionalmshookl] [INFO] [SetItemProperties] 开始设置物品 战术手电-暴击 的基本属性
[15:53:39] [INFO] [Additionalmshookl] [INFO] 成功设置字段 typeID = 1008403 (类型: Item)
[15:53:39] [INFO] [Additionalmshookl] [INFO] 成功设置字段 weight = 0.1 (类型: Item)
[15:53:39] [INFO] [Additionalmshookl] [INFO] 成功设置字段 value = 2400 (类型: Item)
[15:53:39] [INFO] [Additionalmshookl] [INFO] 成功设置字段 displayName = 1008403 (类型: Item)
[15:53:39] [INFO] [Additionalmshookl] [INFO] 成功设置字段 quality = 4 (类型: Item)
[15:53:39] [INFO] [Additionalmshookl] [INFO] 成功设置字段 order = 0 (类型: Item)
[15:53:39] [INFO] [Additionalmshookl] [INFO] [SetItemProperties] 完成基本属性设置，开始处理Tags
[15:53:39] [INFO] [Additionalmshookl] [INFO] [SetItemProperties] 检测到Tags配置，数量: 2
[15:53:39] [INFO] [Additionalmshookl] [INFO] 物品 战术手电-暴击 的所有标签: Accessory, TecEquip
[15:53:39] [INFO] [Additionalmshookl] [INFO] [TagUtils-DEBUG] 开始处理标签: Accessory
[15:53:39] [INFO] [TagUtils] ===== GetOrCreateTag方法被调用 =====
[15:53:39] [INFO] [TagUtils] 参数: tagName='Accessory', displayName=''
[15:53:39] [INFO] [TagUtils] FindExistingTag 查找: Accessory
[15:53:39] [INFO] [TagUtils] 找到 134 个Tag对象，开始查找: Accessory
[15:53:39] [INFO] [TagUtils] 通过属性找到匹配的Tag: Accessory
[15:53:39] [INFO] [TagUtils] 找到现有Tag: Accessory
[15:53:39] [INFO] [Additionalmshookl] [INFO] [TagUtils-DEBUG] 标签 Accessory 创建成功: Tag
[15:53:39] [INFO] [Additionalmshookl] [ERROR] 无法获取Tags列表
[15:53:39] [INFO] [Additionalmshookl] [INFO] [TagUtils-DEBUG] 开始处理标签: TecEquip
[15:53:39] [INFO] [TagUtils] ===== GetOrCreateTag方法被调用 =====
[15:53:39] [INFO] [TagUtils] 参数: tagName='TecEquip', displayName=''
[15:53:39] [INFO] [TagUtils] FindExistingTag 查找: TecEquip
[15:53:39] [INFO] [TagUtils] 找到 134 个Tag对象，开始查找: TecEquip
[15:53:39] [INFO] [TagUtils] 通过属性找到匹配的Tag: TecEquip
[15:53:39] [INFO] [TagUtils] 找到现有Tag: TecEquip
[15:53:39] [INFO] [Additionalmshookl] [INFO] [TagUtils-DEBUG] 标签 TecEquip 创建成功: Tag
[15:53:39] [INFO] [Additionalmshookl] [ERROR] 无法获取Tags列表
[15:53:39] [INFO] [Additionalmshookl] [INFO] 为物品 战术手电-暴击 添加FoodDrink组件
[15:53:39] [INFO] [Additionalmshookl] [INFO] 物品 战术手电-暴击 能量值: 0, 口渴值: 0
[15:53:39] [INFO] [Additionalmshookl] [INFO] 正在为 CustomItem_1008403 配置 Modifiers...
[15:53:39] [INFO] [Additionalmshookl] [INFO] 成功设置字段 value = 1 (类型: ModifierDescription)
[15:53:39] [INFO] [Additionalmshookl] [INFO]   - 闪光灯-FlashLight 修改成功: 1 -> 1
[15:53:39] [INFO] [Additionalmshookl] [INFO] CustomItem_1008403: 共修改/移除了 1 个现有 Modifier，添加了 0 个新的 Modifier。
[15:53:39] [INFO] [Additionalmshookl] [INFO] 开始应用防具属性配置
[15:53:39] [INFO] [Additionalmshookl] [INFO] 防具属性配置应用完成
[15:53:39] [INFO] [Additionalmshookl] [INFO] 物品 战术手电-暴击 没有配置插槽设置，跳过插槽设置
[15:53:39] [INFO] [Additionalmshookl] [INFO] [原物品Buff分析] 开始分析物品 战术手电-暴击 (原始ID: 580) 的原生Buff效果
[15:53:39] [INFO] [Additionalmshookl] [INFO] [原物品Buff分析] 物品上有 1 个UsageBehavior组件:
[15:53:39] [INFO] [Additionalmshookl] [INFO]   [0] FoodDrink
[15:53:39] [INFO] [Additionalmshookl] [INFO]       -> 类型: FoodDrink (非AddBuff)
[15:53:39] [INFO] [Additionalmshookl] [INFO] 物品 战术手电-暴击 没有配置Buff持续时间，跳过修改
[15:53:39] [INFO] [Additionalmshookl] [INFO] [CreateCustomItem] 完成设置物品属性 for 战术手电-暴击
[15:53:39] [INFO] [Additionalmshookl] [INFO] [CreateCustomItem] 开始设置本地化文本 for 战术手电-暴击
[15:53:39] [INFO] [Additionalmshookl] [INFO] 设置物品 战术手电-暴击 描述键: 1008403_Desc
[15:53:39] [INFO] [Additionalmshookl] [INFO] [CreateCustomItem] 完成设置本地化文本 for 战术手电-暴击
[15:53:39] [INFO] [Additionalmshookl] [INFO] [CreateCustomItem] 开始设置图标 for 战术手电-暴击
[15:53:39] [INFO] [Additionalmshookl] [INFO] 从模块文件夹加载图标: D:\SteamLibrary\steamapps\workshop\content\3167020\3661816441\icons\战术手电-暴击.png
[15:53:39] [INFO] [Additionalmshookl] [INFO] 加载UI图标成功: 战术手电-暴击.png
[15:53:39] [INFO] [Additionalmshookl] [INFO] [CreateCustomItem] 完成设置图标 for 战术手电-暴击
[15:53:39] [INFO] [Additionalmshookl] [INFO] [CreateCustomItem] 完成设置世界模型贴图 for 战术手电-暴击
[15:53:39] [INFO] [Additionalmshookl] [INFO] [CreateCustomItem] 开始注册物品 for 战术手电-暴击
[15:53:39] [INFO] [Additionalmshookl] [INFO] 物品注册成功: 1008403 (ID: 1008403)
[15:53:39] [INFO] [Additionalmshookl] [INFO] [CreateCustomItem] 完成注册物品 for 战术手电-暴击
[15:53:39] [INFO] [Additionalmshookl] [INFO] [CreateCustomItem] 准备调用SetupAdditionalSlots for 战术手电-暴击
[15:53:39] [INFO] [Additionalmshookl] [INFO] [SetupAdditionalSlots] 开始处理物品 战术手电-暴击 的配件槽配置
[15:53:39] [INFO] [Additionalmshookl] [INFO] [SetupAdditionalSlots] AdditionalSlotTags: 
[15:53:39] [INFO] [Additionalmshookl] [INFO] [SetupAdditionalSlots] AdditionalSlotCount: 0
[15:53:39] [INFO] [Additionalmshookl] [INFO] [SetupAdditionalSlots] ReplaceExistingSlots: False
[15:53:39] [INFO] [Additionalmshookl] [INFO] 物品 战术手电-暴击 配件槽配置无效或未设置，跳过配件槽添加
[15:53:39] [INFO] [Additionalmshookl] [INFO] [CreateCustomItem] 准备调用SetupDecomposeFormula for 战术手电-暴击
[15:53:39] [INFO] [Additionalmshookl] [INFO] [SetupDecomposeFormula] 开始处理物品 战术手电-暴击 的分解配方，EnableDecompose: False
[15:53:39] [INFO] [Additionalmshookl] [INFO] [CreateCustomItem] 完成所有方法调用 for 战术手电-暴击
[15:53:39] [INFO] [Additionalmshookl] [INFO] [CreateCustomItem] CreateCustomItem方法成功完成 for 战术手电-暴击
[15:53:39] [INFO] [Additionalmshookl] [INFO] [MShook-DEBUG] CreateCustomItem方法调用完成
[15:53:39] [INFO] [Additionalmshookl] [INFO] 成功处理配置: 战术手电-暴击 (ID: 1008403) 来自 1008403_战术手电-暴击.json
[15:53:39] [INFO] [Additionalmshookl] [INFO] 配置文件 1008404_手枪扩容弹匣III.json 中设置的NewItemId: 1008404
[15:53:39] [INFO] [Additionalmshookl] [INFO] [MShook-DEBUG] 正在处理配置: 1008404_手枪扩容弹匣III.json 中的物品 手枪扩容弹匣III
[15:53:39] [INFO] [Additionalmshookl] [INFO] [MShook-DEBUG] 即将调用CreateCustomItem方法
[15:53:39] [INFO] [Additionalmshookl] [INFO] ========== CreateCustomItem 开始处理物品: 手枪扩容弹匣III ==========
[15:53:39] [INFO] [Additionalmshookl] [INFO] 配置原始ID: 534, 新ID: 1008404
[15:53:39] [INFO] [Additionalmshookl] [INFO] 开始处理物品: 手枪扩容弹匣III，原始ID: 534，配置的新ID: 1008404
[15:53:39] [INFO] [Additionalmshookl] [INFO] 为物品 手枪扩容弹匣III 生成的唯一键: 1413791151
[15:53:39] [INFO] [Additionalmshookl] [INFO] 为物品 手枪扩容弹匣III 使用已保存的ID: 1008404
[15:53:39] [INFO] [Additionalmshookl] [INFO] 将ID 1008404 添加到已使用列表
[15:53:39] [INFO] [Additionalmshookl] [INFO] [CreateCustomItem] 开始设置物品属性 for 手枪扩容弹匣III
[15:53:39] [INFO] [Additionalmshookl] [INFO] [SetItemProperties] 开始设置物品 手枪扩容弹匣III 的基本属性
[15:53:39] [INFO] [Additionalmshookl] [INFO] 成功设置字段 typeID = 1008404 (类型: Item)
[15:53:39] [INFO] [Additionalmshookl] [INFO] 成功设置字段 weight = 0.4 (类型: Item)
[15:53:39] [INFO] [Additionalmshookl] [INFO] 成功设置字段 value = 2440 (类型: Item)
[15:53:39] [INFO] [Additionalmshookl] [INFO] 成功设置字段 displayName = 1008404 (类型: Item)
[15:53:39] [INFO] [Additionalmshookl] [INFO] 成功设置字段 quality = 4 (类型: Item)
[15:53:39] [INFO] [Additionalmshookl] [INFO] 成功设置字段 order = 0 (类型: Item)
[15:53:39] [INFO] [Additionalmshookl] [INFO] [SetItemProperties] 完成基本属性设置，开始处理Tags
[15:53:39] [INFO] [Additionalmshookl] [INFO] [SetItemProperties] 检测到Tags配置，数量: 3
[15:53:39] [INFO] [Additionalmshookl] [INFO] 物品 手枪扩容弹匣III 的所有标签: Accessory, Magazine, GunType_PST
[15:53:39] [INFO] [Additionalmshookl] [INFO] [TagUtils-DEBUG] 开始处理标签: Accessory
[15:53:39] [INFO] [TagUtils] ===== GetOrCreateTag方法被调用 =====
[15:53:39] [INFO] [TagUtils] 参数: tagName='Accessory', displayName=''
[15:53:39] [INFO] [TagUtils] FindExistingTag 查找: Accessory
[15:53:39] [INFO] [TagUtils] 找到 134 个Tag对象，开始查找: Accessory
[15:53:39] [INFO] [TagUtils] 通过属性找到匹配的Tag: Accessory
[15:53:39] [INFO] [TagUtils] 找到现有Tag: Accessory
[15:53:39] [INFO] [Additionalmshookl] [INFO] [TagUtils-DEBUG] 标签 Accessory 创建成功: Tag
[15:53:39] [INFO] [Additionalmshookl] [ERROR] 无法获取Tags列表
[15:53:39] [INFO] [Additionalmshookl] [INFO] [TagUtils-DEBUG] 开始处理标签: Magazine
[15:53:39] [INFO] [TagUtils] ===== GetOrCreateTag方法被调用 =====
[15:53:39] [INFO] [TagUtils] 参数: tagName='Magazine', displayName=''
[15:53:39] [INFO] [TagUtils] FindExistingTag 查找: Magazine
[15:53:39] [INFO] [TagUtils] 找到 134 个Tag对象，开始查找: Magazine
[15:53:39] [INFO] [TagUtils] 通过属性找到匹配的Tag: Magazine
[15:53:39] [INFO] [TagUtils] 找到现有Tag: Magazine
[15:53:39] [INFO] [Additionalmshookl] [INFO] [TagUtils-DEBUG] 标签 Magazine 创建成功: Tag
[15:53:39] [INFO] [Additionalmshookl] [ERROR] 无法获取Tags列表
[15:53:39] [INFO] [Additionalmshookl] [INFO] [TagUtils-DEBUG] 开始处理标签: GunType_PST
[15:53:39] [INFO] [TagUtils] ===== GetOrCreateTag方法被调用 =====
[15:53:39] [INFO] [TagUtils] 参数: tagName='GunType_PST', displayName=''
[15:53:39] [INFO] [TagUtils] FindExistingTag 查找: GunType_PST
[15:53:40] [INFO] [TagUtils] 找到 134 个Tag对象，开始查找: GunType_PST
[15:53:40] [INFO] [TagUtils] 通过属性找到匹配的Tag: GunType_PST
[15:53:40] [INFO] [TagUtils] 找到现有Tag: GunType_PST
[15:53:40] [INFO] [Additionalmshookl] [INFO] [TagUtils-DEBUG] 标签 GunType_PST 创建成功: Tag
[15:53:40] [INFO] [Additionalmshookl] [ERROR] 无法获取Tags列表
[15:53:40] [INFO] [Additionalmshookl] [INFO] 为物品 手枪扩容弹匣III 添加FoodDrink组件
[15:53:40] [INFO] [Additionalmshookl] [INFO] 物品 手枪扩容弹匣III 能量值: 0, 口渴值: 0
[15:53:40] [INFO] [Additionalmshookl] [INFO] 正在为 CustomItem_1008404 配置 Modifiers...
[15:53:40] [INFO] [Additionalmshookl] [INFO] 成功设置字段 value = 0 (类型: ModifierDescription)
[15:53:40] [INFO] [Additionalmshookl] [INFO] 成功设置字段 display = False (类型: ModifierDescription)
[15:53:40] [INFO] [Additionalmshookl] [INFO]   - Modifier 'Capacity' (原值: 1) 已被移除 (未在配置中指定)。
[15:53:40] [INFO] [Additionalmshookl] [INFO] 成功设置字段 value = 0 (类型: ModifierDescription)
[15:53:40] [INFO] [Additionalmshookl] [INFO] 成功设置字段 display = False (类型: ModifierDescription)
[15:53:40] [INFO] [Additionalmshookl] [INFO]   - Modifier 'ADSTime' (原值: 0.1) 已被移除 (未在配置中指定)。
[15:53:40] [INFO] [Additionalmshookl] [INFO] CustomItem_1008404: 共修改/移除了 0 个现有 Modifier，添加了 0 个新的 Modifier。
[15:53:40] [INFO] [Additionalmshookl] [INFO] 开始应用防具属性配置
[15:53:40] [INFO] [Additionalmshookl] [INFO] 防具属性配置应用完成
[15:53:40] [INFO] [Additionalmshookl] [INFO] 物品 手枪扩容弹匣III 没有配置插槽设置，跳过插槽设置
[15:53:40] [INFO] [Additionalmshookl] [INFO] [原物品Buff分析] 开始分析物品 手枪扩容弹匣III (原始ID: 534) 的原生Buff效果
[15:53:40] [INFO] [Additionalmshookl] [INFO] [原物品Buff分析] 物品上有 1 个UsageBehavior组件:
[15:53:40] [INFO] [Additionalmshookl] [INFO]   [0] FoodDrink
[15:53:40] [INFO] [Additionalmshookl] [INFO]       -> 类型: FoodDrink (非AddBuff)
[15:53:40] [INFO] [Additionalmshookl] [INFO] 物品 手枪扩容弹匣III 没有配置Buff持续时间，跳过修改
[15:53:40] [INFO] [Additionalmshookl] [INFO] [CreateCustomItem] 完成设置物品属性 for 手枪扩容弹匣III
[15:53:40] [INFO] [Additionalmshookl] [INFO] [CreateCustomItem] 开始设置本地化文本 for 手枪扩容弹匣III
[15:53:40] [INFO] [Additionalmshookl] [INFO] 设置物品 手枪扩容弹匣III 描述键: 1008404_Desc
[15:53:40] [INFO] [Additionalmshookl] [INFO] [CreateCustomItem] 完成设置本地化文本 for 手枪扩容弹匣III
[15:53:40] [INFO] [Additionalmshookl] [INFO] [CreateCustomItem] 开始设置图标 for 手枪扩容弹匣III
[15:53:40] [INFO] [Additionalmshookl] [INFO] 从模块文件夹加载图标: D:\SteamLibrary\steamapps\workshop\content\3167020\3661816441\icons\手枪扩容弹匣III.png
[15:53:40] [INFO] [Additionalmshookl] [INFO] 加载UI图标成功: 手枪扩容弹匣III.png
[15:53:40] [INFO] [Additionalmshookl] [INFO] [CreateCustomItem] 完成设置图标 for 手枪扩容弹匣III
[15:53:40] [INFO] [Additionalmshookl] [INFO] [CreateCustomItem] 完成设置世界模型贴图 for 手枪扩容弹匣III
[15:53:40] [INFO] [Additionalmshookl] [INFO] [CreateCustomItem] 开始注册物品 for 手枪扩容弹匣III
[15:53:40] [INFO] [Additionalmshookl] [INFO] 物品注册成功: 1008404 (ID: 1008404)
[15:53:40] [INFO] [Additionalmshookl] [INFO] [CreateCustomItem] 完成注册物品 for 手枪扩容弹匣III
[15:53:40] [INFO] [Additionalmshookl] [INFO] [CreateCustomItem] 准备调用SetupAdditionalSlots for 手枪扩容弹匣III
[15:53:40] [INFO] [Additionalmshookl] [INFO] [SetupAdditionalSlots] 开始处理物品 手枪扩容弹匣III 的配件槽配置
[15:53:40] [INFO] [Additionalmshookl] [INFO] [SetupAdditionalSlots] AdditionalSlotTags: 
[15:53:40] [INFO] [Additionalmshookl] [INFO] [SetupAdditionalSlots] AdditionalSlotCount: 0
[15:53:40] [INFO] [Additionalmshookl] [INFO] [SetupAdditionalSlots] ReplaceExistingSlots: False
[15:53:40] [INFO] [Additionalmshookl] [INFO] 物品 手枪扩容弹匣III 配件槽配置无效或未设置，跳过配件槽添加
[15:53:40] [INFO] [Additionalmshookl] [INFO] [CreateCustomItem] 准备调用SetupDecomposeFormula for 手枪扩容弹匣III
[15:53:40] [INFO] [Additionalmshookl] [INFO] [SetupDecomposeFormula] 开始处理物品 手枪扩容弹匣III 的分解配方，EnableDecompose: False
[15:53:40] [INFO] [Additionalmshookl] [INFO] [CreateCustomItem] 完成所有方法调用 for 手枪扩容弹匣III
[15:53:40] [INFO] [Additionalmshookl] [INFO] [CreateCustomItem] CreateCustomItem方法成功完成 for 手枪扩容弹匣III
[15:53:40] [INFO] [Additionalmshookl] [INFO] [MShook-DEBUG] CreateCustomItem方法调用完成
[15:53:40] [INFO] [Additionalmshookl] [INFO] 成功处理配置: 手枪扩容弹匣III (ID: 1008404) 来自 1008404_手枪扩容弹匣III.json
[15:53:40] [INFO] [Additionalmshookl] [INFO] 配置文件 1008405_复合式瞄具.json 中设置的NewItemId: 1008405
[15:53:40] [INFO] [Additionalmshookl] [INFO] [MShook-DEBUG] 正在处理配置: 1008405_复合式瞄具.json 中的物品 复合式瞄具
[15:53:40] [INFO] [Additionalmshookl] [INFO] [MShook-DEBUG] 即将调用CreateCustomItem方法
[15:53:40] [INFO] [Additionalmshookl] [INFO] ========== CreateCustomItem 开始处理物品: 复合式瞄具 ==========
[15:53:40] [INFO] [Additionalmshookl] [INFO] 配置原始ID: 570, 新ID: 1008405
[15:53:40] [INFO] [Additionalmshookl] [INFO] 开始处理物品: 复合式瞄具，原始ID: 570，配置的新ID: 1008405
[15:53:40] [INFO] [Additionalmshookl] [INFO] 为物品 复合式瞄具 生成的唯一键: 1673572499
[15:53:40] [INFO] [Additionalmshookl] [INFO] 为物品 复合式瞄具 使用已保存的ID: 1008405
[15:53:40] [INFO] [Additionalmshookl] [INFO] 将ID 1008405 添加到已使用列表
[15:53:40] [INFO] [Additionalmshookl] [INFO] [CreateCustomItem] 开始设置物品属性 for 复合式瞄具
[15:53:40] [INFO] [Additionalmshookl] [INFO] [SetItemProperties] 开始设置物品 复合式瞄具 的基本属性
[15:53:40] [INFO] [Additionalmshookl] [INFO] 成功设置字段 typeID = 1008405 (类型: Item)
[15:53:40] [INFO] [Additionalmshookl] [INFO] 成功设置字段 weight = 0.3 (类型: Item)
[15:53:40] [INFO] [Additionalmshookl] [INFO] 成功设置字段 value = 1400 (类型: Item)
[15:53:40] [INFO] [Additionalmshookl] [INFO] 成功设置字段 displayName = 1008405 (类型: Item)
[15:53:40] [INFO] [Additionalmshookl] [INFO] 成功设置字段 quality = 3 (类型: Item)
[15:53:40] [INFO] [Additionalmshookl] [INFO] 成功设置字段 order = 0 (类型: Item)
[15:53:40] [INFO] [Additionalmshookl] [INFO] [SetItemProperties] 完成基本属性设置，开始处理Tags
[15:53:40] [INFO] [Additionalmshookl] [INFO] [SetItemProperties] 检测到Tags配置，数量: 2
[15:53:40] [INFO] [Additionalmshookl] [INFO] 物品 复合式瞄具 的所有标签: Accessory, Scope
[15:53:40] [INFO] [Additionalmshookl] [INFO] [TagUtils-DEBUG] 开始处理标签: Accessory
[15:53:40] [INFO] [TagUtils] ===== GetOrCreateTag方法被调用 =====
[15:53:40] [INFO] [TagUtils] 参数: tagName='Accessory', displayName=''
[15:53:40] [INFO] [TagUtils] FindExistingTag 查找: Accessory
[15:53:40] [INFO] [TagUtils] 找到 134 个Tag对象，开始查找: Accessory
[15:53:40] [INFO] [TagUtils] 通过属性找到匹配的Tag: Accessory
[15:53:40] [INFO] [TagUtils] 找到现有Tag: Accessory
[15:53:40] [INFO] [Additionalmshookl] [INFO] [TagUtils-DEBUG] 标签 Accessory 创建成功: Tag
[15:53:40] [INFO] [Additionalmshookl] [ERROR] 无法获取Tags列表
[15:53:40] [INFO] [Additionalmshookl] [INFO] [TagUtils-DEBUG] 开始处理标签: Scope
[15:53:40] [INFO] [TagUtils] ===== GetOrCreateTag方法被调用 =====
[15:53:40] [INFO] [TagUtils] 参数: tagName='Scope', displayName=''
[15:53:40] [INFO] [TagUtils] FindExistingTag 查找: Scope
[15:53:40] [INFO] [TagUtils] 找到 134 个Tag对象，开始查找: Scope
[15:53:40] [INFO] [TagUtils] 通过属性找到匹配的Tag: Scope
[15:53:40] [INFO] [TagUtils] 找到现有Tag: Scope
[15:53:40] [INFO] [Additionalmshookl] [INFO] [TagUtils-DEBUG] 标签 Scope 创建成功: Tag
[15:53:40] [INFO] [Additionalmshookl] [ERROR] 无法获取Tags列表
[15:53:40] [INFO] [Additionalmshookl] [INFO] 为物品 复合式瞄具 添加FoodDrink组件
[15:53:40] [INFO] [Additionalmshookl] [INFO] 物品 复合式瞄具 能量值: 0, 口渴值: 0
[15:53:40] [INFO] [Additionalmshookl] [INFO] 正在为 CustomItem_1008405 配置 Modifiers...
[15:53:40] [INFO] [Additionalmshookl] [INFO] 成功设置字段 value = 0 (类型: ModifierDescription)
[15:53:40] [INFO] [Additionalmshookl] [INFO] 成功设置字段 display = False (类型: ModifierDescription)
[15:53:40] [INFO] [Additionalmshookl] [INFO]   - Modifier 'ADSAimDistanceFactor' (原值: 0.16) 已被移除 (未在配置中指定)。
[15:53:40] [INFO] [Additionalmshookl] [INFO] 成功设置字段 value = 0 (类型: ModifierDescription)
[15:53:40] [INFO] [Additionalmshookl] [INFO] 成功设置字段 display = False (类型: ModifierDescription)
[15:53:40] [INFO] [Additionalmshookl] [INFO]   - Modifier 'CritDamageFactor' (原值: 0.1) 已被移除 (未在配置中指定)。
[15:53:40] [INFO] [Additionalmshookl] [INFO] CustomItem_1008405: 共修改/移除了 0 个现有 Modifier，添加了 0 个新的 Modifier。
[15:53:40] [INFO] [Additionalmshookl] [INFO] 开始应用防具属性配置
[15:53:40] [INFO] [Additionalmshookl] [INFO] 防具属性配置应用完成
[15:53:40] [INFO] [Additionalmshookl] [INFO] 开始处理物品 复合式瞄具 的自定义插槽设置
[15:53:40] [INFO] [Additionalmshookl] [INFO] 插槽标签数量: 1, 插槽名称数量: 0
[15:53:40] [INFO] [Additionalmshookl] [INFO] 处理插槽 0: 标签='TecEquip', 名称='TecEquip'
[15:53:40] [INFO] [TagUtils] ===== GetOrCreateTag方法被调用 =====
[15:53:40] [INFO] [TagUtils] 参数: tagName='TecEquip', displayName='TecEquip'
[15:53:40] [INFO] [TagUtils] FindExistingTag 查找: TecEquip
[15:53:40] [INFO] [TagUtils] 找到 134 个Tag对象，开始查找: TecEquip
[15:53:40] [INFO] [TagUtils] 通过属性找到匹配的Tag: TecEquip
[15:53:40] [INFO] [TagUtils] 找到现有Tag: TecEquip
[15:53:40] [INFO] [Additionalmshookl] [INFO] 成功创建/获取插槽Tag: TecEquip
[15:53:40] [INFO] [Additionalmshookl] [ERROR] 无法获取物品的Tags列表
[15:53:40] [INFO] [Additionalmshookl] [INFO] 物品 复合式瞄具 自定义插槽设置完成
[15:53:40] [INFO] [Additionalmshookl] [INFO] [原物品Buff分析] 开始分析物品 复合式瞄具 (原始ID: 570) 的原生Buff效果
[15:53:40] [INFO] [Additionalmshookl] [INFO] [原物品Buff分析] 物品上有 1 个UsageBehavior组件:
[15:53:40] [INFO] [Additionalmshookl] [INFO]   [0] FoodDrink
[15:53:40] [INFO] [Additionalmshookl] [INFO]       -> 类型: FoodDrink (非AddBuff)
[15:53:40] [INFO] [Additionalmshookl] [INFO] 物品 复合式瞄具 没有配置Buff持续时间，跳过修改
[15:53:40] [INFO] [Additionalmshookl] [INFO] [CreateCustomItem] 完成设置物品属性 for 复合式瞄具
[15:53:40] [INFO] [Additionalmshookl] [INFO] [CreateCustomItem] 开始设置本地化文本 for 复合式瞄具
[15:53:40] [INFO] [Additionalmshookl] [INFO] 设置物品 复合式瞄具 描述键: 1008405_Desc
[15:53:40] [INFO] [Additionalmshookl] [INFO] [CreateCustomItem] 完成设置本地化文本 for 复合式瞄具
[15:53:40] [INFO] [Additionalmshookl] [INFO] [CreateCustomItem] 开始设置图标 for 复合式瞄具
[15:53:40] [INFO] [Additionalmshookl] [INFO] 从模块文件夹加载图标: D:\SteamLibrary\steamapps\workshop\content\3167020\3661816441\icons\复合式瞄具.png
[15:53:40] [INFO] [Additionalmshookl] [INFO] 加载UI图标成功: 复合式瞄具.png
[15:53:40] [INFO] [Additionalmshookl] [INFO] [CreateCustomItem] 完成设置图标 for 复合式瞄具
[15:53:40] [INFO] [Additionalmshookl] [INFO] [CreateCustomItem] 完成设置世界模型贴图 for 复合式瞄具
[15:53:40] [INFO] [Additionalmshookl] [INFO] [CreateCustomItem] 开始注册物品 for 复合式瞄具
[15:53:40] [INFO] [Additionalmshookl] [INFO] 物品注册成功: 1008405 (ID: 1008405)
[15:53:40] [INFO] [Additionalmshookl] [INFO] [CreateCustomItem] 完成注册物品 for 复合式瞄具
[15:53:40] [INFO] [Additionalmshookl] [INFO] [CreateCustomItem] 准备调用SetupAdditionalSlots for 复合式瞄具
[15:53:40] [INFO] [Additionalmshookl] [INFO] [SetupAdditionalSlots] 开始处理物品 复合式瞄具 的配件槽配置
[15:53:40] [INFO] [Additionalmshookl] [INFO] [SetupAdditionalSlots] AdditionalSlotTags: TecEquip
[15:53:40] [INFO] [Additionalmshookl] [INFO] [SetupAdditionalSlots] AdditionalSlotCount: 0
[15:53:40] [INFO] [Additionalmshookl] [INFO] [SetupAdditionalSlots] ReplaceExistingSlots: False
[15:53:40] [INFO] [Additionalmshookl] [INFO] 物品 复合式瞄具 配件槽配置无效或未设置，跳过配件槽添加
[15:53:40] [INFO] [Additionalmshookl] [INFO] [CreateCustomItem] 准备调用SetupDecomposeFormula for 复合式瞄具
[15:53:40] [INFO] [Additionalmshookl] [INFO] [SetupDecomposeFormula] 开始处理物品 复合式瞄具 的分解配方，EnableDecompose: False
[15:53:40] [INFO] [Additionalmshookl] [INFO] [CreateCustomItem] 完成所有方法调用 for 复合式瞄具
[15:53:40] [INFO] [Additionalmshookl] [INFO] [CreateCustomItem] CreateCustomItem方法成功完成 for 复合式瞄具
[15:53:40] [INFO] [Additionalmshookl] [INFO] [MShook-DEBUG] CreateCustomItem方法调用完成
[15:53:40] [INFO] [Additionalmshookl] [INFO] 成功处理配置: 复合式瞄具 (ID: 1008405) 来自 1008405_复合式瞄具.json
[15:53:40] [INFO] [Additionalmshookl] [INFO] 配置文件 1008406_单倍数字化威胁.json 中设置的NewItemId: 1008406
[15:53:40] [INFO] [Additionalmshookl] [INFO] [MShook-DEBUG] 正在处理配置: 1008406_单倍数字化威胁.json 中的物品 单倍数字化威胁
[15:53:40] [INFO] [Additionalmshookl] [INFO] [MShook-DEBUG] 即将调用CreateCustomItem方法
[15:53:40] [INFO] [Additionalmshookl] [INFO] ========== CreateCustomItem 开始处理物品: 单倍数字化威胁 ==========
[15:53:40] [INFO] [Additionalmshookl] [INFO] 配置原始ID: 570, 新ID: 1008406
[15:53:40] [INFO] [Additionalmshookl] [INFO] 开始处理物品: 单倍数字化威胁，原始ID: 570，配置的新ID: 1008406
[15:53:40] [INFO] [Additionalmshookl] [INFO] 为物品 单倍数字化威胁 生成的唯一键: 1320262266
[15:53:40] [INFO] [Additionalmshookl] [INFO] 为物品 单倍数字化威胁 使用已保存的ID: 1008406
[15:53:40] [INFO] [Additionalmshookl] [INFO] 将ID 1008406 添加到已使用列表
[15:53:40] [INFO] [Additionalmshookl] [INFO] [CreateCustomItem] 开始设置物品属性 for 单倍数字化威胁
[15:53:40] [INFO] [Additionalmshookl] [INFO] [SetItemProperties] 开始设置物品 单倍数字化威胁 的基本属性
[15:53:40] [INFO] [Additionalmshookl] [INFO] 成功设置字段 typeID = 1008406 (类型: Item)
[15:53:40] [INFO] [Additionalmshookl] [INFO] 成功设置字段 weight = 0.4 (类型: Item)
[15:53:40] [INFO] [Additionalmshookl] [INFO] 成功设置字段 value = 10000 (类型: Item)
[15:53:40] [INFO] [Additionalmshookl] [INFO] 成功设置字段 displayName = 1008406 (类型: Item)
[15:53:40] [INFO] [Additionalmshookl] [INFO] 成功设置字段 quality = 5 (类型: Item)
[15:53:40] [INFO] [Additionalmshookl] [INFO] 成功设置字段 order = 0 (类型: Item)
[15:53:40] [INFO] [Additionalmshookl] [INFO] [SetItemProperties] 完成基本属性设置，开始处理Tags
[15:53:40] [INFO] [Additionalmshookl] [INFO] [SetItemProperties] 检测到Tags配置，数量: 2
[15:53:40] [INFO] [Additionalmshookl] [INFO] 物品 单倍数字化威胁 的所有标签: Accessory, Scope
[15:53:40] [INFO] [Additionalmshookl] [INFO] [TagUtils-DEBUG] 开始处理标签: Accessory
[15:53:40] [INFO] [TagUtils] ===== GetOrCreateTag方法被调用 =====
[15:53:40] [INFO] [TagUtils] 参数: tagName='Accessory', displayName=''
[15:53:40] [INFO] [TagUtils] FindExistingTag 查找: Accessory
[15:53:40] [INFO] [TagUtils] 找到 134 个Tag对象，开始查找: Accessory
[15:53:40] [INFO] [TagUtils] 通过属性找到匹配的Tag: Accessory
[15:53:40] [INFO] [TagUtils] 找到现有Tag: Accessory
[15:53:40] [INFO] [Additionalmshookl] [INFO] [TagUtils-DEBUG] 标签 Accessory 创建成功: Tag
[15:53:40] [INFO] [Additionalmshookl] [ERROR] 无法获取Tags列表
[15:53:40] [INFO] [Additionalmshookl] [INFO] [TagUtils-DEBUG] 开始处理标签: Scope
[15:53:40] [INFO] [TagUtils] ===== GetOrCreateTag方法被调用 =====
[15:53:40] [INFO] [TagUtils] 参数: tagName='Scope', displayName=''
[15:53:40] [INFO] [TagUtils] FindExistingTag 查找: Scope
[15:53:40] [INFO] [TagUtils] 找到 134 个Tag对象，开始查找: Scope
[15:53:40] [INFO] [TagUtils] 通过属性找到匹配的Tag: Scope
[15:53:40] [INFO] [TagUtils] 找到现有Tag: Scope
[15:53:40] [INFO] [Additionalmshookl] [INFO] [TagUtils-DEBUG] 标签 Scope 创建成功: Tag
[15:53:40] [INFO] [Additionalmshookl] [ERROR] 无法获取Tags列表
[15:53:40] [INFO] [Additionalmshookl] [INFO] 为物品 单倍数字化威胁 添加FoodDrink组件
[15:53:40] [INFO] [Additionalmshookl] [INFO] 物品 单倍数字化威胁 能量值: 0, 口渴值: 0
[15:53:40] [INFO] [Additionalmshookl] [INFO] 正在为 CustomItem_1008406 配置 Modifiers...
[15:53:40] [INFO] [Additionalmshookl] [INFO] 成功设置字段 value = 0 (类型: ModifierDescription)
[15:53:40] [INFO] [Additionalmshookl] [INFO] 成功设置字段 display = False (类型: ModifierDescription)
[15:53:40] [INFO] [Additionalmshookl] [INFO]   - Modifier 'ADSAimDistanceFactor' (原值: 0.16) 已被移除 (未在配置中指定)。
[15:53:40] [INFO] [Additionalmshookl] [INFO] 成功设置字段 value = 0 (类型: ModifierDescription)
[15:53:40] [INFO] [Additionalmshookl] [INFO] 成功设置字段 display = False (类型: ModifierDescription)
[15:53:40] [INFO] [Additionalmshookl] [INFO]   - Modifier 'CritDamageFactor' (原值: 0.1) 已被移除 (未在配置中指定)。
[15:53:40] [INFO] [Additionalmshookl] [INFO] CustomItem_1008406: 共修改/移除了 0 个现有 Modifier，添加了 0 个新的 Modifier。
[15:53:40] [INFO] [Additionalmshookl] [INFO] 开始应用防具属性配置
[15:53:40] [INFO] [Additionalmshookl] [INFO] 防具属性配置应用完成
[15:53:40] [INFO] [Additionalmshookl] [INFO] 物品 单倍数字化威胁 没有配置插槽设置，跳过插槽设置
[15:53:40] [INFO] [Additionalmshookl] [INFO] [原物品Buff分析] 开始分析物品 单倍数字化威胁 (原始ID: 570) 的原生Buff效果
[15:53:40] [INFO] [Additionalmshookl] [INFO] [原物品Buff分析] 物品上有 1 个UsageBehavior组件:
[15:53:40] [INFO] [Additionalmshookl] [INFO]   [0] FoodDrink
[15:53:40] [INFO] [Additionalmshookl] [INFO]       -> 类型: FoodDrink (非AddBuff)
[15:53:40] [INFO] [Additionalmshookl] [INFO] 物品 单倍数字化威胁 没有配置Buff持续时间，跳过修改
[15:53:40] [INFO] [Additionalmshookl] [INFO] [CreateCustomItem] 完成设置物品属性 for 单倍数字化威胁
[15:53:40] [INFO] [Additionalmshookl] [INFO] [CreateCustomItem] 开始设置本地化文本 for 单倍数字化威胁
[15:53:40] [INFO] [Additionalmshookl] [INFO] 设置物品 单倍数字化威胁 描述键: 1008406_Desc
[15:53:40] [INFO] [Additionalmshookl] [INFO] [CreateCustomItem] 完成设置本地化文本 for 单倍数字化威胁
[15:53:40] [INFO] [Additionalmshookl] [INFO] [CreateCustomItem] 开始设置图标 for 单倍数字化威胁
[15:53:40] [INFO] [Additionalmshookl] [INFO] 从模块文件夹加载图标: D:\SteamLibrary\steamapps\workshop\content\3167020\3661816441\icons\单倍数字化威胁.png
[15:53:40] [INFO] [Additionalmshookl] [INFO] 加载UI图标成功: 单倍数字化威胁.png
[15:53:40] [INFO] [Additionalmshookl] [INFO] [CreateCustomItem] 完成设置图标 for 单倍数字化威胁
[15:53:40] [INFO] [Additionalmshookl] [INFO] [CreateCustomItem] 完成设置世界模型贴图 for 单倍数字化威胁
[15:53:40] [INFO] [Additionalmshookl] [INFO] [CreateCustomItem] 开始注册物品 for 单倍数字化威胁
[15:53:40] [INFO] [Additionalmshookl] [INFO] 物品注册成功: 1008406 (ID: 1008406)
[15:53:40] [INFO] [Additionalmshookl] [INFO] [CreateCustomItem] 完成注册物品 for 单倍数字化威胁
[15:53:40] [INFO] [Additionalmshookl] [INFO] [CreateCustomItem] 准备调用SetupAdditionalSlots for 单倍数字化威胁
[15:53:40] [INFO] [Additionalmshookl] [INFO] [SetupAdditionalSlots] 开始处理物品 单倍数字化威胁 的配件槽配置
[15:53:40] [INFO] [Additionalmshookl] [INFO] [SetupAdditionalSlots] AdditionalSlotTags: 
[15:53:40] [INFO] [Additionalmshookl] [INFO] [SetupAdditionalSlots] AdditionalSlotCount: 0
[15:53:40] [INFO] [Additionalmshookl] [INFO] [SetupAdditionalSlots] ReplaceExistingSlots: False
[15:53:40] [INFO] [Additionalmshookl] [INFO] 物品 单倍数字化威胁 配件槽配置无效或未设置，跳过配件槽添加
[15:53:40] [INFO] [Additionalmshookl] [INFO] [CreateCustomItem] 准备调用SetupDecomposeFormula for 单倍数字化威胁
[15:53:40] [INFO] [Additionalmshookl] [INFO] [SetupDecomposeFormula] 开始处理物品 单倍数字化威胁 的分解配方，EnableDecompose: False
[15:53:40] [INFO] [Additionalmshookl] [INFO] [CreateCustomItem] 完成所有方法调用 for 单倍数字化威胁
[15:53:40] [INFO] [Additionalmshookl] [INFO] [CreateCustomItem] CreateCustomItem方法成功完成 for 单倍数字化威胁
[15:53:40] [INFO] [Additionalmshookl] [INFO] [MShook-DEBUG] CreateCustomItem方法调用完成
[15:53:40] [INFO] [Additionalmshookl] [INFO] 成功处理配置: 单倍数字化威胁 (ID: 1008406) 来自 1008406_单倍数字化威胁.json
[15:53:40] [INFO] [Additionalmshookl] [INFO] 配置文件 1008407_8倍数字化威胁.json 中设置的NewItemId: 1008407
[15:53:40] [INFO] [Additionalmshookl] [INFO] [MShook-DEBUG] 正在处理配置: 1008407_8倍数字化威胁.json 中的物品 8倍数字化威胁
[15:53:40] [INFO] [Additionalmshookl] [INFO] [MShook-DEBUG] 即将调用CreateCustomItem方法
[15:53:40] [INFO] [Additionalmshookl] [INFO] ========== CreateCustomItem 开始处理物品: 8倍数字化威胁 ==========
[15:53:40] [INFO] [Additionalmshookl] [INFO] 配置原始ID: 569, 新ID: 1008407
[15:53:40] [INFO] [Additionalmshookl] [INFO] 开始处理物品: 8倍数字化威胁，原始ID: 569，配置的新ID: 1008407
[15:53:40] [INFO] [Additionalmshookl] [INFO] 为物品 8倍数字化威胁 生成的唯一键: 1411896732
[15:53:40] [INFO] [Additionalmshookl] [INFO] 为物品 8倍数字化威胁 使用已保存的ID: 1008407
[15:53:40] [INFO] [Additionalmshookl] [INFO] 将ID 1008407 添加到已使用列表
[15:53:40] [INFO] [Additionalmshookl] [INFO] [CreateCustomItem] 开始设置物品属性 for 8倍数字化威胁
[15:53:40] [INFO] [Additionalmshookl] [INFO] [SetItemProperties] 开始设置物品 8倍数字化威胁 的基本属性
[15:53:40] [INFO] [Additionalmshookl] [INFO] 成功设置字段 typeID = 1008407 (类型: Item)
[15:53:40] [INFO] [Additionalmshookl] [INFO] 成功设置字段 weight = 0.8 (类型: Item)
[15:53:40] [INFO] [Additionalmshookl] [INFO] 成功设置字段 value = 24000 (类型: Item)
[15:53:40] [INFO] [Additionalmshookl] [INFO] 成功设置字段 displayName = 1008407 (类型: Item)
[15:53:40] [INFO] [Additionalmshookl] [INFO] 成功设置字段 quality = 6 (类型: Item)
[15:53:40] [INFO] [Additionalmshookl] [INFO] 成功设置字段 order = 0 (类型: Item)
[15:53:40] [INFO] [Additionalmshookl] [INFO] [SetItemProperties] 完成基本属性设置，开始处理Tags
[15:53:40] [INFO] [Additionalmshookl] [INFO] [SetItemProperties] 检测到Tags配置，数量: 2
[15:53:40] [INFO] [Additionalmshookl] [INFO] 物品 8倍数字化威胁 的所有标签: Accessory, Scope
[15:53:40] [INFO] [Additionalmshookl] [INFO] [TagUtils-DEBUG] 开始处理标签: Accessory
[15:53:40] [INFO] [TagUtils] ===== GetOrCreateTag方法被调用 =====
[15:53:40] [INFO] [TagUtils] 参数: tagName='Accessory', displayName=''
[15:53:40] [INFO] [TagUtils] FindExistingTag 查找: Accessory
[15:53:40] [INFO] [TagUtils] 找到 134 个Tag对象，开始查找: Accessory
[15:53:40] [INFO] [TagUtils] 通过属性找到匹配的Tag: Accessory
[15:53:40] [INFO] [TagUtils] 找到现有Tag: Accessory
[15:53:40] [INFO] [Additionalmshookl] [INFO] [TagUtils-DEBUG] 标签 Accessory 创建成功: Tag
[15:53:40] [INFO] [Additionalmshookl] [ERROR] 无法获取Tags列表
[15:53:40] [INFO] [Additionalmshookl] [INFO] [TagUtils-DEBUG] 开始处理标签: Scope
[15:53:40] [INFO] [TagUtils] ===== GetOrCreateTag方法被调用 =====
[15:53:40] [INFO] [TagUtils] 参数: tagName='Scope', displayName=''
[15:53:40] [INFO] [TagUtils] FindExistingTag 查找: Scope
[15:53:40] [INFO] [TagUtils] 找到 134 个Tag对象，开始查找: Scope
[15:53:40] [INFO] [TagUtils] 通过属性找到匹配的Tag: Scope
[15:53:40] [INFO] [TagUtils] 找到现有Tag: Scope
[15:53:40] [INFO] [Additionalmshookl] [INFO] [TagUtils-DEBUG] 标签 Scope 创建成功: Tag
[15:53:40] [INFO] [Additionalmshookl] [ERROR] 无法获取Tags列表
[15:53:40] [INFO] [Additionalmshookl] [INFO] 为物品 8倍数字化威胁 添加FoodDrink组件
[15:53:40] [INFO] [Additionalmshookl] [INFO] 物品 8倍数字化威胁 能量值: 0, 口渴值: 0
[15:53:40] [INFO] [Additionalmshookl] [INFO] 正在为 CustomItem_1008407 配置 Modifiers...
[15:53:40] [INFO] [Additionalmshookl] [INFO] 成功设置字段 value = 0 (类型: ModifierDescription)
[15:53:40] [INFO] [Additionalmshookl] [INFO] 成功设置字段 display = False (类型: ModifierDescription)
[15:53:40] [INFO] [Additionalmshookl] [INFO]   - Modifier 'ADSAimDistanceFactor' (原值: 2.4) 已被移除 (未在配置中指定)。
[15:53:40] [INFO] [Additionalmshookl] [INFO] 成功设置字段 value = 0 (类型: ModifierDescription)
[15:53:40] [INFO] [Additionalmshookl] [INFO] 成功设置字段 display = False (类型: ModifierDescription)
[15:53:40] [INFO] [Additionalmshookl] [INFO]   - Modifier 'BulletDistance' (原值: 0.1) 已被移除 (未在配置中指定)。
[15:53:40] [INFO] [Additionalmshookl] [INFO] 成功设置字段 value = 0 (类型: ModifierDescription)
[15:53:40] [INFO] [Additionalmshookl] [INFO] 成功设置字段 display = False (类型: ModifierDescription)
[15:53:40] [INFO] [Additionalmshookl] [INFO]   - Modifier 'MaxScatter' (原值: 0.25) 已被移除 (未在配置中指定)。
[15:53:40] [INFO] [Additionalmshookl] [INFO] 成功设置字段 value = 0 (类型: ModifierDescription)
[15:53:40] [INFO] [Additionalmshookl] [INFO] 成功设置字段 display = False (类型: ModifierDescription)
[15:53:40] [INFO] [Additionalmshookl] [INFO]   - Modifier 'ADSTime' (原值: 0.6) 已被移除 (未在配置中指定)。
[15:53:40] [INFO] [Additionalmshookl] [INFO] 成功设置字段 value = 0 (类型: ModifierDescription)
[15:53:40] [INFO] [Additionalmshookl] [INFO] 成功设置字段 display = False (类型: ModifierDescription)
[15:53:40] [INFO] [Additionalmshookl] [INFO]   - Modifier 'RecoilScaleV' (原值: 1) 已被移除 (未在配置中指定)。
[15:53:40] [INFO] [Additionalmshookl] [INFO] 成功设置字段 value = 0 (类型: ModifierDescription)
[15:53:40] [INFO] [Additionalmshookl] [INFO] 成功设置字段 display = False (类型: ModifierDescription)
[15:53:40] [INFO] [Additionalmshookl] [INFO]   - Modifier 'RecoilScaleH' (原值: 0.3) 已被移除 (未在配置中指定)。
[15:53:40] [INFO] [Additionalmshookl] [INFO] CustomItem_1008407: 共修改/移除了 0 个现有 Modifier，添加了 0 个新的 Modifier。
[15:53:40] [INFO] [Additionalmshookl] [INFO] 开始应用防具属性配置
[15:53:40] [INFO] [Additionalmshookl] [INFO] 防具属性配置应用完成
[15:53:40] [INFO] [Additionalmshookl] [INFO] 物品 8倍数字化威胁 没有配置插槽设置，跳过插槽设置
[15:53:40] [INFO] [Additionalmshookl] [INFO] [原物品Buff分析] 开始分析物品 8倍数字化威胁 (原始ID: 569) 的原生Buff效果
[15:53:40] [INFO] [Additionalmshookl] [INFO] [原物品Buff分析] 物品上有 1 个UsageBehavior组件:
[15:53:40] [INFO] [Additionalmshookl] [INFO]   [0] FoodDrink
[15:53:40] [INFO] [Additionalmshookl] [INFO]       -> 类型: FoodDrink (非AddBuff)
[15:53:40] [INFO] [Additionalmshookl] [INFO] 物品 8倍数字化威胁 没有配置Buff持续时间，跳过修改
[15:53:40] [INFO] [Additionalmshookl] [INFO] [CreateCustomItem] 完成设置物品属性 for 8倍数字化威胁
[15:53:40] [INFO] [Additionalmshookl] [INFO] [CreateCustomItem] 开始设置本地化文本 for 8倍数字化威胁
[15:53:40] [INFO] [Additionalmshookl] [INFO] 设置物品 8倍数字化威胁 描述键: 1008407_Desc
[15:53:40] [INFO] [Additionalmshookl] [INFO] [CreateCustomItem] 完成设置本地化文本 for 8倍数字化威胁
[15:53:40] [INFO] [Additionalmshookl] [INFO] [CreateCustomItem] 开始设置图标 for 8倍数字化威胁
[15:53:40] [INFO] [Additionalmshookl] [INFO] 从模块文件夹加载图标: D:\SteamLibrary\steamapps\workshop\content\3167020\3661816441\icons\数字化威胁.png
[15:53:40] [INFO] [Additionalmshookl] [INFO] 加载UI图标成功: 数字化威胁.png
[15:53:40] [INFO] [Additionalmshookl] [INFO] [CreateCustomItem] 完成设置图标 for 8倍数字化威胁
[15:53:40] [INFO] [Additionalmshookl] [INFO] [CreateCustomItem] 完成设置世界模型贴图 for 8倍数字化威胁
[15:53:40] [INFO] [Additionalmshookl] [INFO] [CreateCustomItem] 开始注册物品 for 8倍数字化威胁
[15:53:40] [INFO] [Additionalmshookl] [INFO] 物品注册成功: 1008407 (ID: 1008407)
[15:53:40] [INFO] [Additionalmshookl] [INFO] [CreateCustomItem] 完成注册物品 for 8倍数字化威胁
[15:53:40] [INFO] [Additionalmshookl] [INFO] [CreateCustomItem] 准备调用SetupAdditionalSlots for 8倍数字化威胁
[15:53:40] [INFO] [Additionalmshookl] [INFO] [SetupAdditionalSlots] 开始处理物品 8倍数字化威胁 的配件槽配置
[15:53:40] [INFO] [Additionalmshookl] [INFO] [SetupAdditionalSlots] AdditionalSlotTags: 
[15:53:40] [INFO] [Additionalmshookl] [INFO] [SetupAdditionalSlots] AdditionalSlotCount: 0
[15:53:40] [INFO] [Additionalmshookl] [INFO] [SetupAdditionalSlots] ReplaceExistingSlots: False
[15:53:40] [INFO] [Additionalmshookl] [INFO] 物品 8倍数字化威胁 配件槽配置无效或未设置，跳过配件槽添加
[15:53:40] [INFO] [Additionalmshookl] [INFO] [CreateCustomItem] 准备调用SetupDecomposeFormula for 8倍数字化威胁
[15:53:40] [INFO] [Additionalmshookl] [INFO] [SetupDecomposeFormula] 开始处理物品 8倍数字化威胁 的分解配方，EnableDecompose: False
[15:53:40] [INFO] [Additionalmshookl] [INFO] [CreateCustomItem] 完成所有方法调用 for 8倍数字化威胁
[15:53:40] [INFO] [Additionalmshookl] [INFO] [CreateCustomItem] CreateCustomItem方法成功完成 for 8倍数字化威胁
[15:53:40] [INFO] [Additionalmshookl] [INFO] [MShook-DEBUG] CreateCustomItem方法调用完成
[15:53:40] [INFO] [Additionalmshookl] [INFO] 成功处理配置: 8倍数字化威胁 (ID: 1008407) 来自 1008407_8倍数字化威胁.json
[15:53:40] [INFO] [Additionalmshookl] [INFO] 配置文件 1008408_冲锋枪快速扩容弹匣I.json 中设置的NewItemId: 1008408
[15:53:40] [INFO] [Additionalmshookl] [INFO] [MShook-DEBUG] 正在处理配置: 1008408_冲锋枪快速扩容弹匣I.json 中的物品 冲锋枪快速扩容弹匣I
[15:53:40] [INFO] [Additionalmshookl] [INFO] [MShook-DEBUG] 即将调用CreateCustomItem方法
[15:53:40] [INFO] [Additionalmshookl] [INFO] ========== CreateCustomItem 开始处理物品: 冲锋枪快速扩容弹匣I ==========
[15:53:40] [INFO] [Additionalmshookl] [INFO] 配置原始ID: 536, 新ID: 1008408
[15:53:40] [INFO] [Additionalmshookl] [INFO] 开始处理物品: 冲锋枪快速扩容弹匣I，原始ID: 536，配置的新ID: 1008408
[15:53:40] [INFO] [Additionalmshookl] [INFO] 为物品 冲锋枪快速扩容弹匣I 生成的唯一键: 1545254739
[15:53:40] [INFO] [Additionalmshookl] [INFO] 为物品 冲锋枪快速扩容弹匣I 使用已保存的ID: 1008408
[15:53:40] [INFO] [Additionalmshookl] [INFO] 将ID 1008408 添加到已使用列表
[15:53:40] [INFO] [Additionalmshookl] [INFO] [CreateCustomItem] 开始设置物品属性 for 冲锋枪快速扩容弹匣I
[15:53:40] [INFO] [Additionalmshookl] [INFO] [SetItemProperties] 开始设置物品 冲锋枪快速扩容弹匣I 的基本属性
[15:53:40] [INFO] [Additionalmshookl] [INFO] 成功设置字段 typeID = 1008408 (类型: Item)
[15:53:40] [INFO] [Additionalmshookl] [INFO] 成功设置字段 weight = 0.4 (类型: Item)
[15:53:40] [INFO] [Additionalmshookl] [INFO] 成功设置字段 value = 3000 (类型: Item)
[15:53:40] [INFO] [Additionalmshookl] [INFO] 成功设置字段 displayName = 1008408 (类型: Item)
[15:53:40] [INFO] [Additionalmshookl] [INFO] 成功设置字段 quality = 4 (类型: Item)
[15:53:40] [INFO] [Additionalmshookl] [INFO] 成功设置字段 order = 0 (类型: Item)
[15:53:40] [INFO] [Additionalmshookl] [INFO] [SetItemProperties] 完成基本属性设置，开始处理Tags
[15:53:40] [INFO] [Additionalmshookl] [INFO] [SetItemProperties] 检测到Tags配置，数量: 3
[15:53:40] [INFO] [Additionalmshookl] [INFO] 物品 冲锋枪快速扩容弹匣I 的所有标签: Accessory, Magazine, GunType_SMG
[15:53:40] [INFO] [Additionalmshookl] [INFO] [TagUtils-DEBUG] 开始处理标签: Accessory
[15:53:40] [INFO] [TagUtils] ===== GetOrCreateTag方法被调用 =====
[15:53:40] [INFO] [TagUtils] 参数: tagName='Accessory', displayName=''
[15:53:40] [INFO] [TagUtils] FindExistingTag 查找: Accessory
[15:53:40] [INFO] [TagUtils] 找到 134 个Tag对象，开始查找: Accessory
[15:53:40] [INFO] [TagUtils] 通过属性找到匹配的Tag: Accessory
[15:53:40] [INFO] [TagUtils] 找到现有Tag: Accessory
[15:53:40] [INFO] [Additionalmshookl] [INFO] [TagUtils-DEBUG] 标签 Accessory 创建成功: Tag
[15:53:40] [INFO] [Additionalmshookl] [ERROR] 无法获取Tags列表
[15:53:40] [INFO] [Additionalmshookl] [INFO] [TagUtils-DEBUG] 开始处理标签: Magazine
[15:53:40] [INFO] [TagUtils] ===== GetOrCreateTag方法被调用 =====
[15:53:40] [INFO] [TagUtils] 参数: tagName='Magazine', displayName=''
[15:53:40] [INFO] [TagUtils] FindExistingTag 查找: Magazine
[15:53:40] [INFO] [TagUtils] 找到 134 个Tag对象，开始查找: Magazine
[15:53:40] [INFO] [TagUtils] 通过属性找到匹配的Tag: Magazine
[15:53:40] [INFO] [TagUtils] 找到现有Tag: Magazine
[15:53:40] [INFO] [Additionalmshookl] [INFO] [TagUtils-DEBUG] 标签 Magazine 创建成功: Tag
[15:53:40] [INFO] [Additionalmshookl] [ERROR] 无法获取Tags列表
[15:53:40] [INFO] [Additionalmshookl] [INFO] [TagUtils-DEBUG] 开始处理标签: GunType_SMG
[15:53:40] [INFO] [TagUtils] ===== GetOrCreateTag方法被调用 =====
[15:53:40] [INFO] [TagUtils] 参数: tagName='GunType_SMG', displayName=''
[15:53:40] [INFO] [TagUtils] FindExistingTag 查找: GunType_SMG
[15:53:40] [INFO] [TagUtils] 找到 134 个Tag对象，开始查找: GunType_SMG
[15:53:40] [INFO] [TagUtils] 通过属性找到匹配的Tag: GunType_SMG
[15:53:40] [INFO] [TagUtils] 找到现有Tag: GunType_SMG
[15:53:40] [INFO] [Additionalmshookl] [INFO] [TagUtils-DEBUG] 标签 GunType_SMG 创建成功: Tag
[15:53:40] [INFO] [Additionalmshookl] [ERROR] 无法获取Tags列表
[15:53:40] [INFO] [Additionalmshookl] [INFO] 为物品 冲锋枪快速扩容弹匣I 添加FoodDrink组件
[15:53:40] [INFO] [Additionalmshookl] [INFO] 物品 冲锋枪快速扩容弹匣I 能量值: 0, 口渴值: 0
[15:53:40] [INFO] [Additionalmshookl] [INFO] 正在为 CustomItem_1008408 配置 Modifiers...
[15:53:40] [INFO] [Additionalmshookl] [INFO] 成功设置字段 value = 0 (类型: ModifierDescription)
[15:53:40] [INFO] [Additionalmshookl] [INFO] 成功设置字段 display = False (类型: ModifierDescription)
[15:53:40] [INFO] [Additionalmshookl] [INFO]   - Modifier 'ADSTime' (原值: -0.12) 已被移除 (未在配置中指定)。
[15:53:40] [INFO] [Additionalmshookl] [INFO] 成功设置字段 value = 0 (类型: ModifierDescription)
[15:53:40] [INFO] [Additionalmshookl] [INFO] 成功设置字段 display = False (类型: ModifierDescription)
[15:53:40] [INFO] [Additionalmshookl] [INFO]   - Modifier 'ReloadTime' (原值: -0.2) 已被移除 (未在配置中指定)。
[15:53:40] [INFO] [Additionalmshookl] [INFO] 成功设置字段 value = 0 (类型: ModifierDescription)
[15:53:40] [INFO] [Additionalmshookl] [INFO] 成功设置字段 display = False (类型: ModifierDescription)
[15:53:40] [INFO] [Additionalmshookl] [INFO]   - Modifier 'MoveSpeedMultiplier' (原值: 0.05) 已被移除 (未在配置中指定)。
[15:53:40] [INFO] [Additionalmshookl] [INFO] 成功设置字段 value = 0 (类型: ModifierDescription)
[15:53:40] [INFO] [Additionalmshookl] [INFO] 成功设置字段 display = False (类型: ModifierDescription)
[15:53:40] [INFO] [Additionalmshookl] [INFO]   - Modifier 'ScatterRecoverADS' (原值: 0.12) 已被移除 (未在配置中指定)。
[15:53:40] [INFO] [Additionalmshookl] [INFO] CustomItem_1008408: 共修改/移除了 0 个现有 Modifier，添加了 0 个新的 Modifier。
[15:53:40] [INFO] [Additionalmshookl] [INFO] 开始应用防具属性配置
[15:53:40] [INFO] [Additionalmshookl] [INFO] 防具属性配置应用完成
[15:53:40] [INFO] [Additionalmshookl] [INFO] 物品 冲锋枪快速扩容弹匣I 没有配置插槽设置，跳过插槽设置
[15:53:40] [INFO] [Additionalmshookl] [INFO] [原物品Buff分析] 开始分析物品 冲锋枪快速扩容弹匣I (原始ID: 536) 的原生Buff效果
[15:53:40] [INFO] [Additionalmshookl] [INFO] [原物品Buff分析] 物品上有 1 个UsageBehavior组件:
[15:53:40] [INFO] [Additionalmshookl] [INFO]   [0] FoodDrink
[15:53:40] [INFO] [Additionalmshookl] [INFO]       -> 类型: FoodDrink (非AddBuff)
[15:53:40] [INFO] [Additionalmshookl] [INFO] 物品 冲锋枪快速扩容弹匣I 没有配置Buff持续时间，跳过修改
[15:53:40] [INFO] [Additionalmshookl] [INFO] [CreateCustomItem] 完成设置物品属性 for 冲锋枪快速扩容弹匣I
[15:53:40] [INFO] [Additionalmshookl] [INFO] [CreateCustomItem] 开始设置本地化文本 for 冲锋枪快速扩容弹匣I
[15:53:40] [INFO] [Additionalmshookl] [INFO] 设置物品 冲锋枪快速扩容弹匣I 描述键: 1008408_Desc
[15:53:40] [INFO] [Additionalmshookl] [INFO] [CreateCustomItem] 完成设置本地化文本 for 冲锋枪快速扩容弹匣I
[15:53:40] [INFO] [Additionalmshookl] [INFO] [CreateCustomItem] 开始设置图标 for 冲锋枪快速扩容弹匣I
[15:53:40] [INFO] [Additionalmshookl] [INFO] 从模块文件夹加载图标: D:\SteamLibrary\steamapps\workshop\content\3167020\3661816441\icons\冲锋枪快速扩容弹匣.png
[15:53:40] [INFO] [Additionalmshookl] [INFO] 加载UI图标成功: 冲锋枪快速扩容弹匣.png
[15:53:40] [INFO] [Additionalmshookl] [INFO] [CreateCustomItem] 完成设置图标 for 冲锋枪快速扩容弹匣I
[15:53:40] [INFO] [Additionalmshookl] [INFO] [CreateCustomItem] 完成设置世界模型贴图 for 冲锋枪快速扩容弹匣I
[15:53:40] [INFO] [Additionalmshookl] [INFO] [CreateCustomItem] 开始注册物品 for 冲锋枪快速扩容弹匣I
[15:53:40] [INFO] [Additionalmshookl] [INFO] 物品注册成功: 1008408 (ID: 1008408)
[15:53:40] [INFO] [Additionalmshookl] [INFO] [CreateCustomItem] 完成注册物品 for 冲锋枪快速扩容弹匣I
[15:53:40] [INFO] [Additionalmshookl] [INFO] [CreateCustomItem] 准备调用SetupAdditionalSlots for 冲锋枪快速扩容弹匣I
[15:53:40] [INFO] [Additionalmshookl] [INFO] [SetupAdditionalSlots] 开始处理物品 冲锋枪快速扩容弹匣I 的配件槽配置
[15:53:40] [INFO] [Additionalmshookl] [INFO] [SetupAdditionalSlots] AdditionalSlotTags: 
[15:53:40] [INFO] [Additionalmshookl] [INFO] [SetupAdditionalSlots] AdditionalSlotCount: 0
[15:53:40] [INFO] [Additionalmshookl] [INFO] [SetupAdditionalSlots] ReplaceExistingSlots: False
[15:53:40] [INFO] [Additionalmshookl] [INFO] 物品 冲锋枪快速扩容弹匣I 配件槽配置无效或未设置，跳过配件槽添加
[15:53:40] [INFO] [Additionalmshookl] [INFO] [CreateCustomItem] 准备调用SetupDecomposeFormula for 冲锋枪快速扩容弹匣I
[15:53:40] [INFO] [Additionalmshookl] [INFO] [SetupDecomposeFormula] 开始处理物品 冲锋枪快速扩容弹匣I 的分解配方，EnableDecompose: False
[15:53:40] [INFO] [Additionalmshookl] [INFO] [CreateCustomItem] 完成所有方法调用 for 冲锋枪快速扩容弹匣I
[15:53:40] [INFO] [Additionalmshookl] [INFO] [CreateCustomItem] CreateCustomItem方法成功完成 for 冲锋枪快速扩容弹匣I
[15:53:40] [INFO] [Additionalmshookl] [INFO] [MShook-DEBUG] CreateCustomItem方法调用完成
[15:53:40] [INFO] [Additionalmshookl] [INFO] 成功处理配置: 冲锋枪快速扩容弹匣I (ID: 1008408) 来自 1008408_冲锋枪快速扩容弹匣I.json
[15:53:40] [INFO] [Additionalmshookl] [INFO] 配置文件 1008409_步枪快速扩容弹匣I.json 中设置的NewItemId: 1008409
[15:53:40] [INFO] [Additionalmshookl] [INFO] [MShook-DEBUG] 正在处理配置: 1008409_步枪快速扩容弹匣I.json 中的物品 步枪快速扩容弹匣I
[15:53:40] [INFO] [Additionalmshookl] [INFO] [MShook-DEBUG] 即将调用CreateCustomItem方法
[15:53:40] [INFO] [Additionalmshookl] [INFO] ========== CreateCustomItem 开始处理物品: 步枪快速扩容弹匣I ==========
[15:53:40] [INFO] [Additionalmshookl] [INFO] 配置原始ID: 544, 新ID: 1008409
[15:53:40] [INFO] [Additionalmshookl] [INFO] 开始处理物品: 步枪快速扩容弹匣I，原始ID: 544，配置的新ID: 1008409
[15:53:40] [INFO] [Additionalmshookl] [INFO] 为物品 步枪快速扩容弹匣I 生成的唯一键: 444939427
[15:53:40] [INFO] [Additionalmshookl] [INFO] 为物品 步枪快速扩容弹匣I 使用已保存的ID: 1008409
[15:53:40] [INFO] [Additionalmshookl] [INFO] 将ID 1008409 添加到已使用列表
[15:53:40] [INFO] [Additionalmshookl] [INFO] [CreateCustomItem] 开始设置物品属性 for 步枪快速扩容弹匣I
[15:53:40] [INFO] [Additionalmshookl] [INFO] [SetItemProperties] 开始设置物品 步枪快速扩容弹匣I 的基本属性
[15:53:40] [INFO] [Additionalmshookl] [INFO] 成功设置字段 typeID = 1008409 (类型: Item)
[15:53:40] [INFO] [Additionalmshookl] [INFO] 成功设置字段 weight = 0.4 (类型: Item)
[15:53:40] [INFO] [Additionalmshookl] [INFO] 成功设置字段 value = 3000 (类型: Item)
[15:53:40] [INFO] [Additionalmshookl] [INFO] 成功设置字段 displayName = 1008409 (类型: Item)
[15:53:40] [INFO] [Additionalmshookl] [INFO] 成功设置字段 quality = 4 (类型: Item)
[15:53:40] [INFO] [Additionalmshookl] [INFO] 成功设置字段 order = 0 (类型: Item)
[15:53:40] [INFO] [Additionalmshookl] [INFO] [SetItemProperties] 完成基本属性设置，开始处理Tags
[15:53:40] [INFO] [Additionalmshookl] [INFO] [SetItemProperties] 检测到Tags配置，数量: 3
[15:53:40] [INFO] [Additionalmshookl] [INFO] 物品 步枪快速扩容弹匣I 的所有标签: Accessory, Magazine, GunType_AR
[15:53:40] [INFO] [Additionalmshookl] [INFO] [TagUtils-DEBUG] 开始处理标签: Accessory
[15:53:40] [INFO] [TagUtils] ===== GetOrCreateTag方法被调用 =====
[15:53:40] [INFO] [TagUtils] 参数: tagName='Accessory', displayName=''
[15:53:40] [INFO] [TagUtils] FindExistingTag 查找: Accessory
[15:53:40] [INFO] [TagUtils] 找到 134 个Tag对象，开始查找: Accessory
[15:53:40] [INFO] [TagUtils] 通过属性找到匹配的Tag: Accessory
[15:53:40] [INFO] [TagUtils] 找到现有Tag: Accessory
[15:53:40] [INFO] [Additionalmshookl] [INFO] [TagUtils-DEBUG] 标签 Accessory 创建成功: Tag
[15:53:40] [INFO] [Additionalmshookl] [ERROR] 无法获取Tags列表
[15:53:40] [INFO] [Additionalmshookl] [INFO] [TagUtils-DEBUG] 开始处理标签: Magazine
[15:53:40] [INFO] [TagUtils] ===== GetOrCreateTag方法被调用 =====
[15:53:40] [INFO] [TagUtils] 参数: tagName='Magazine', displayName=''
[15:53:40] [INFO] [TagUtils] FindExistingTag 查找: Magazine
[15:53:40] [INFO] [TagUtils] 找到 134 个Tag对象，开始查找: Magazine
[15:53:40] [INFO] [TagUtils] 通过属性找到匹配的Tag: Magazine
[15:53:40] [INFO] [TagUtils] 找到现有Tag: Magazine
[15:53:40] [INFO] [Additionalmshookl] [INFO] [TagUtils-DEBUG] 标签 Magazine 创建成功: Tag
[15:53:40] [INFO] [Additionalmshookl] [ERROR] 无法获取Tags列表
[15:53:40] [INFO] [Additionalmshookl] [INFO] [TagUtils-DEBUG] 开始处理标签: GunType_AR
[15:53:40] [INFO] [TagUtils] ===== GetOrCreateTag方法被调用 =====
[15:53:40] [INFO] [TagUtils] 参数: tagName='GunType_AR', displayName=''
[15:53:40] [INFO] [TagUtils] FindExistingTag 查找: GunType_AR
[15:53:40] [INFO] [TagUtils] 找到 134 个Tag对象，开始查找: GunType_AR
[15:53:40] [INFO] [TagUtils] 通过属性找到匹配的Tag: GunType_AR
[15:53:40] [INFO] [TagUtils] 找到现有Tag: GunType_AR
[15:53:40] [INFO] [Additionalmshookl] [INFO] [TagUtils-DEBUG] 标签 GunType_AR 创建成功: Tag
[15:53:40] [INFO] [Additionalmshookl] [ERROR] 无法获取Tags列表
[15:53:40] [INFO] [Additionalmshookl] [INFO] 为物品 步枪快速扩容弹匣I 添加FoodDrink组件
[15:53:40] [INFO] [Additionalmshookl] [INFO] 物品 步枪快速扩容弹匣I 能量值: 0, 口渴值: 0
[15:53:40] [INFO] [Additionalmshookl] [INFO] 正在为 CustomItem_1008409 配置 Modifiers...
[15:53:40] [INFO] [Additionalmshookl] [INFO] 成功设置字段 value = 0 (类型: ModifierDescription)
[15:53:40] [INFO] [Additionalmshookl] [INFO] 成功设置字段 display = False (类型: ModifierDescription)
[15:53:40] [INFO] [Additionalmshookl] [INFO]   - Modifier 'ADSTime' (原值: -0.2) 已被移除 (未在配置中指定)。
[15:53:40] [INFO] [Additionalmshookl] [INFO] 成功设置字段 value = 0 (类型: ModifierDescription)
[15:53:40] [INFO] [Additionalmshookl] [INFO] 成功设置字段 display = False (类型: ModifierDescription)
[15:53:40] [INFO] [Additionalmshookl] [INFO]   - Modifier 'ReloadTime' (原值: -0.3) 已被移除 (未在配置中指定)。
[15:53:40] [INFO] [Additionalmshookl] [INFO] 成功设置字段 value = 0 (类型: ModifierDescription)
[15:53:40] [INFO] [Additionalmshookl] [INFO] 成功设置字段 display = False (类型: ModifierDescription)
[15:53:40] [INFO] [Additionalmshookl] [INFO]   - Modifier 'MoveSpeedMultiplier' (原值: 0.05) 已被移除 (未在配置中指定)。
[15:53:40] [INFO] [Additionalmshookl] [INFO] 成功设置字段 value = 0 (类型: ModifierDescription)
[15:53:40] [INFO] [Additionalmshookl] [INFO] 成功设置字段 display = False (类型: ModifierDescription)
[15:53:40] [INFO] [Additionalmshookl] [INFO]   - Modifier 'ScatterRecoverADS' (原值: 0.08) 已被移除 (未在配置中指定)。
[15:53:40] [INFO] [Additionalmshookl] [INFO] CustomItem_1008409: 共修改/移除了 0 个现有 Modifier，添加了 0 个新的 Modifier。
[15:53:40] [INFO] [Additionalmshookl] [INFO] 开始应用防具属性配置
[15:53:40] [INFO] [Additionalmshookl] [INFO] 防具属性配置应用完成
[15:53:40] [INFO] [Additionalmshookl] [INFO] 物品 步枪快速扩容弹匣I 没有配置插槽设置，跳过插槽设置
[15:53:40] [INFO] [Additionalmshookl] [INFO] [原物品Buff分析] 开始分析物品 步枪快速扩容弹匣I (原始ID: 544) 的原生Buff效果
[15:53:40] [INFO] [Additionalmshookl] [INFO] [原物品Buff分析] 物品上有 1 个UsageBehavior组件:
[15:53:40] [INFO] [Additionalmshookl] [INFO]   [0] FoodDrink
[15:53:40] [INFO] [Additionalmshookl] [INFO]       -> 类型: FoodDrink (非AddBuff)
[15:53:40] [INFO] [Additionalmshookl] [INFO] 物品 步枪快速扩容弹匣I 没有配置Buff持续时间，跳过修改
[15:53:40] [INFO] [Additionalmshookl] [INFO] [CreateCustomItem] 完成设置物品属性 for 步枪快速扩容弹匣I
[15:53:40] [INFO] [Additionalmshookl] [INFO] [CreateCustomItem] 开始设置本地化文本 for 步枪快速扩容弹匣I
[15:53:40] [INFO] [Additionalmshookl] [INFO] 设置物品 步枪快速扩容弹匣I 描述键: 1008409_Desc
[15:53:40] [INFO] [Additionalmshookl] [INFO] [CreateCustomItem] 完成设置本地化文本 for 步枪快速扩容弹匣I
[15:53:40] [INFO] [Additionalmshookl] [INFO] [CreateCustomItem] 开始设置图标 for 步枪快速扩容弹匣I
[15:53:40] [INFO] [Additionalmshookl] [INFO] 从模块文件夹加载图标: D:\SteamLibrary\steamapps\workshop\content\3167020\3661816441\icons\步枪快速扩容弹匣.png
[15:53:40] [INFO] [Additionalmshookl] [INFO] 加载UI图标成功: 步枪快速扩容弹匣.png
[15:53:40] [INFO] [Additionalmshookl] [INFO] [CreateCustomItem] 完成设置图标 for 步枪快速扩容弹匣I
[15:53:40] [INFO] [Additionalmshookl] [INFO] [CreateCustomItem] 完成设置世界模型贴图 for 步枪快速扩容弹匣I
[15:53:40] [INFO] [Additionalmshookl] [INFO] [CreateCustomItem] 开始注册物品 for 步枪快速扩容弹匣I
[15:53:40] [INFO] [Additionalmshookl] [INFO] 物品注册成功: 1008409 (ID: 1008409)
[15:53:40] [INFO] [Additionalmshookl] [INFO] [CreateCustomItem] 完成注册物品 for 步枪快速扩容弹匣I
[15:53:40] [INFO] [Additionalmshookl] [INFO] [CreateCustomItem] 准备调用SetupAdditionalSlots for 步枪快速扩容弹匣I
[15:53:40] [INFO] [Additionalmshookl] [INFO] [SetupAdditionalSlots] 开始处理物品 步枪快速扩容弹匣I 的配件槽配置
[15:53:40] [INFO] [Additionalmshookl] [INFO] [SetupAdditionalSlots] AdditionalSlotTags: 
[15:53:40] [INFO] [Additionalmshookl] [INFO] [SetupAdditionalSlots] AdditionalSlotCount: 0
[15:53:40] [INFO] [Additionalmshookl] [INFO] [SetupAdditionalSlots] ReplaceExistingSlots: False
[15:53:40] [INFO] [Additionalmshookl] [INFO] 物品 步枪快速扩容弹匣I 配件槽配置无效或未设置，跳过配件槽添加
[15:53:40] [INFO] [Additionalmshookl] [INFO] [CreateCustomItem] 准备调用SetupDecomposeFormula for 步枪快速扩容弹匣I
[15:53:40] [INFO] [Additionalmshookl] [INFO] [SetupDecomposeFormula] 开始处理物品 步枪快速扩容弹匣I 的分解配方，EnableDecompose: False
[15:53:40] [INFO] [Additionalmshookl] [INFO] [CreateCustomItem] 完成所有方法调用 for 步枪快速扩容弹匣I
[15:53:40] [INFO] [Additionalmshookl] [INFO] [CreateCustomItem] CreateCustomItem方法成功完成 for 步枪快速扩容弹匣I
[15:53:40] [INFO] [Additionalmshookl] [INFO] [MShook-DEBUG] CreateCustomItem方法调用完成
[15:53:40] [INFO] [Additionalmshookl] [INFO] 成功处理配置: 步枪快速扩容弹匣I (ID: 1008409) 来自 1008409_步枪快速扩容弹匣I.json
[15:53:40] [INFO] [Additionalmshookl] [INFO] 配置文件 1008410_霰弹枪扩容弹匣III.json 中设置的NewItemId: 1008410
[15:53:40] [INFO] [Additionalmshookl] [INFO] [MShook-DEBUG] 正在处理配置: 1008410_霰弹枪扩容弹匣III.json 中的物品 霰弹枪扩容弹匣III
[15:53:40] [INFO] [Additionalmshookl] [INFO] [MShook-DEBUG] 即将调用CreateCustomItem方法
[15:53:40] [INFO] [Additionalmshookl] [INFO] ========== CreateCustomItem 开始处理物品: 霰弹枪扩容弹匣III ==========
[15:53:40] [INFO] [Additionalmshookl] [INFO] 配置原始ID: 562, 新ID: 1008410
[15:53:40] [INFO] [Additionalmshookl] [INFO] 开始处理物品: 霰弹枪扩容弹匣III，原始ID: 562，配置的新ID: 1008410
[15:53:40] [INFO] [Additionalmshookl] [INFO] 为物品 霰弹枪扩容弹匣III 生成的唯一键: 1199247543
[15:53:40] [INFO] [Additionalmshookl] [INFO] 为物品 霰弹枪扩容弹匣III 使用已保存的ID: 1008410
[15:53:40] [INFO] [Additionalmshookl] [INFO] 将ID 1008410 添加到已使用列表
[15:53:40] [INFO] [Additionalmshookl] [INFO] [CreateCustomItem] 开始设置物品属性 for 霰弹枪扩容弹匣III
[15:53:40] [INFO] [Additionalmshookl] [INFO] [SetItemProperties] 开始设置物品 霰弹枪扩容弹匣III 的基本属性
[15:53:40] [INFO] [Additionalmshookl] [INFO] 成功设置字段 typeID = 1008410 (类型: Item)
[15:53:40] [INFO] [Additionalmshookl] [INFO] 成功设置字段 weight = 0.7 (类型: Item)
[15:53:40] [INFO] [Additionalmshookl] [INFO] 成功设置字段 value = 2400 (类型: Item)
[15:53:40] [INFO] [Additionalmshookl] [INFO] 成功设置字段 displayName = 1008410 (类型: Item)
[15:53:40] [INFO] [Additionalmshookl] [INFO] 成功设置字段 quality = 4 (类型: Item)
[15:53:40] [INFO] [Additionalmshookl] [INFO] 成功设置字段 order = 0 (类型: Item)
[15:53:40] [INFO] [Additionalmshookl] [INFO] [SetItemProperties] 完成基本属性设置，开始处理Tags
[15:53:40] [INFO] [Additionalmshookl] [INFO] [SetItemProperties] 检测到Tags配置，数量: 3
[15:53:40] [INFO] [Additionalmshookl] [INFO] 物品 霰弹枪扩容弹匣III 的所有标签: Accessory, Magazine, GunType_SHT
[15:53:40] [INFO] [Additionalmshookl] [INFO] [TagUtils-DEBUG] 开始处理标签: Accessory
[15:53:40] [INFO] [TagUtils] ===== GetOrCreateTag方法被调用 =====
[15:53:40] [INFO] [TagUtils] 参数: tagName='Accessory', displayName=''
[15:53:40] [INFO] [TagUtils] FindExistingTag 查找: Accessory
[15:53:40] [INFO] [TagUtils] 找到 134 个Tag对象，开始查找: Accessory
[15:53:40] [INFO] [TagUtils] 通过属性找到匹配的Tag: Accessory
[15:53:40] [INFO] [TagUtils] 找到现有Tag: Accessory
[15:53:40] [INFO] [Additionalmshookl] [INFO] [TagUtils-DEBUG] 标签 Accessory 创建成功: Tag
[15:53:40] [INFO] [Additionalmshookl] [ERROR] 无法获取Tags列表
[15:53:40] [INFO] [Additionalmshookl] [INFO] [TagUtils-DEBUG] 开始处理标签: Magazine
[15:53:40] [INFO] [TagUtils] ===== GetOrCreateTag方法被调用 =====
[15:53:40] [INFO] [TagUtils] 参数: tagName='Magazine', displayName=''
[15:53:40] [INFO] [TagUtils] FindExistingTag 查找: Magazine
[15:53:40] [INFO] [TagUtils] 找到 134 个Tag对象，开始查找: Magazine
[15:53:40] [INFO] [TagUtils] 通过属性找到匹配的Tag: Magazine
[15:53:40] [INFO] [TagUtils] 找到现有Tag: Magazine
[15:53:40] [INFO] [Additionalmshookl] [INFO] [TagUtils-DEBUG] 标签 Magazine 创建成功: Tag
[15:53:40] [INFO] [Additionalmshookl] [ERROR] 无法获取Tags列表
[15:53:40] [INFO] [Additionalmshookl] [INFO] [TagUtils-DEBUG] 开始处理标签: GunType_SHT
[15:53:40] [INFO] [TagUtils] ===== GetOrCreateTag方法被调用 =====
[15:53:40] [INFO] [TagUtils] 参数: tagName='GunType_SHT', displayName=''
[15:53:40] [INFO] [TagUtils] FindExistingTag 查找: GunType_SHT
[15:53:40] [INFO] [TagUtils] 找到 134 个Tag对象，开始查找: GunType_SHT
[15:53:40] [INFO] [TagUtils] 通过属性找到匹配的Tag: GunType_SHT
[15:53:40] [INFO] [TagUtils] 找到现有Tag: GunType_SHT
[15:53:40] [INFO] [Additionalmshookl] [INFO] [TagUtils-DEBUG] 标签 GunType_SHT 创建成功: Tag
[15:53:40] [INFO] [Additionalmshookl] [ERROR] 无法获取Tags列表
[15:53:40] [INFO] [Additionalmshookl] [INFO] 为物品 霰弹枪扩容弹匣III 添加FoodDrink组件
[15:53:40] [INFO] [Additionalmshookl] [INFO] 物品 霰弹枪扩容弹匣III 能量值: 0, 口渴值: 0
[15:53:40] [INFO] [Additionalmshookl] [INFO] 正在为 CustomItem_1008410 配置 Modifiers...
[15:53:40] [INFO] [Additionalmshookl] [INFO] 成功设置字段 value = 0 (类型: ModifierDescription)
[15:53:40] [INFO] [Additionalmshookl] [INFO] 成功设置字段 display = False (类型: ModifierDescription)
[15:53:40] [INFO] [Additionalmshookl] [INFO]   - Modifier 'Capacity' (原值: 1) 已被移除 (未在配置中指定)。
[15:53:40] [INFO] [Additionalmshookl] [INFO] 成功设置字段 value = 0 (类型: ModifierDescription)
[15:53:40] [INFO] [Additionalmshookl] [INFO] 成功设置字段 display = False (类型: ModifierDescription)
[15:53:40] [INFO] [Additionalmshookl] [INFO]   - Modifier 'ADSTime' (原值: 0.1) 已被移除 (未在配置中指定)。
[15:53:40] [INFO] [Additionalmshookl] [INFO] CustomItem_1008410: 共修改/移除了 0 个现有 Modifier，添加了 0 个新的 Modifier。
[15:53:40] [INFO] [Additionalmshookl] [INFO] 开始应用防具属性配置
[15:53:40] [INFO] [Additionalmshookl] [INFO] 防具属性配置应用完成
[15:53:40] [INFO] [Additionalmshookl] [INFO] 物品 霰弹枪扩容弹匣III 没有配置插槽设置，跳过插槽设置
[15:53:40] [INFO] [Additionalmshookl] [INFO] [原物品Buff分析] 开始分析物品 霰弹枪扩容弹匣III (原始ID: 562) 的原生Buff效果
[15:53:40] [INFO] [Additionalmshookl] [INFO] [原物品Buff分析] 物品上有 1 个UsageBehavior组件:
[15:53:40] [INFO] [Additionalmshookl] [INFO]   [0] FoodDrink
[15:53:40] [INFO] [Additionalmshookl] [INFO]       -> 类型: FoodDrink (非AddBuff)
[15:53:40] [INFO] [Additionalmshookl] [INFO] 物品 霰弹枪扩容弹匣III 没有配置Buff持续时间，跳过修改
[15:53:40] [INFO] [Additionalmshookl] [INFO] [CreateCustomItem] 完成设置物品属性 for 霰弹枪扩容弹匣III
[15:53:40] [INFO] [Additionalmshookl] [INFO] [CreateCustomItem] 开始设置本地化文本 for 霰弹枪扩容弹匣III
[15:53:40] [INFO] [Additionalmshookl] [INFO] 设置物品 霰弹枪扩容弹匣III 描述键: 1008410_Desc
[15:53:40] [INFO] [Additionalmshookl] [INFO] [CreateCustomItem] 完成设置本地化文本 for 霰弹枪扩容弹匣III
[15:53:40] [INFO] [Additionalmshookl] [INFO] [CreateCustomItem] 开始设置图标 for 霰弹枪扩容弹匣III
[15:53:40] [INFO] [Additionalmshookl] [INFO] 从模块文件夹加载图标: D:\SteamLibrary\steamapps\workshop\content\3167020\3661816441\icons\霰弹枪扩容弹匣III.png
[15:53:40] [INFO] [Additionalmshookl] [INFO] 加载UI图标成功: 霰弹枪扩容弹匣III.png
[15:53:40] [INFO] [Additionalmshookl] [INFO] [CreateCustomItem] 完成设置图标 for 霰弹枪扩容弹匣III
[15:53:40] [INFO] [Additionalmshookl] [INFO] [CreateCustomItem] 完成设置世界模型贴图 for 霰弹枪扩容弹匣III
[15:53:40] [INFO] [Additionalmshookl] [INFO] [CreateCustomItem] 开始注册物品 for 霰弹枪扩容弹匣III
[15:53:40] [INFO] [Additionalmshookl] [INFO] 物品注册成功: 1008410 (ID: 1008410)
[15:53:40] [INFO] [Additionalmshookl] [INFO] [CreateCustomItem] 完成注册物品 for 霰弹枪扩容弹匣III
[15:53:40] [INFO] [Additionalmshookl] [INFO] [CreateCustomItem] 准备调用SetupAdditionalSlots for 霰弹枪扩容弹匣III
[15:53:40] [INFO] [Additionalmshookl] [INFO] [SetupAdditionalSlots] 开始处理物品 霰弹枪扩容弹匣III 的配件槽配置
[15:53:40] [INFO] [Additionalmshookl] [INFO] [SetupAdditionalSlots] AdditionalSlotTags: 
[15:53:40] [INFO] [Additionalmshookl] [INFO] [SetupAdditionalSlots] AdditionalSlotCount: 0
[15:53:40] [INFO] [Additionalmshookl] [INFO] [SetupAdditionalSlots] ReplaceExistingSlots: False
[15:53:40] [INFO] [Additionalmshookl] [INFO] 物品 霰弹枪扩容弹匣III 配件槽配置无效或未设置，跳过配件槽添加
[15:53:40] [INFO] [Additionalmshookl] [INFO] [CreateCustomItem] 准备调用SetupDecomposeFormula for 霰弹枪扩容弹匣III
[15:53:40] [INFO] [Additionalmshookl] [INFO] [SetupDecomposeFormula] 开始处理物品 霰弹枪扩容弹匣III 的分解配方，EnableDecompose: False
[15:53:40] [INFO] [Additionalmshookl] [INFO] [CreateCustomItem] 完成所有方法调用 for 霰弹枪扩容弹匣III
[15:53:40] [INFO] [Additionalmshookl] [INFO] [CreateCustomItem] CreateCustomItem方法成功完成 for 霰弹枪扩容弹匣III
[15:53:40] [INFO] [Additionalmshookl] [INFO] [MShook-DEBUG] CreateCustomItem方法调用完成
[15:53:40] [INFO] [Additionalmshookl] [INFO] 成功处理配置: 霰弹枪扩容弹匣III (ID: 1008410) 来自 1008410_霰弹枪扩容弹匣III.json
[15:53:40] [INFO] [Additionalmshookl] [INFO] 配置文件 1008411_霰弹枪扩容弹匣IV.json 中设置的NewItemId: 1008411
[15:53:40] [INFO] [Additionalmshookl] [INFO] [MShook-DEBUG] 正在处理配置: 1008411_霰弹枪扩容弹匣IV.json 中的物品 霰弹枪扩容弹匣IV
[15:53:40] [INFO] [Additionalmshookl] [INFO] [MShook-DEBUG] 即将调用CreateCustomItem方法
[15:53:40] [INFO] [Additionalmshookl] [INFO] ========== CreateCustomItem 开始处理物品: 霰弹枪扩容弹匣IV ==========
[15:53:40] [INFO] [Additionalmshookl] [INFO] 配置原始ID: 562, 新ID: 1008411
[15:53:40] [INFO] [Additionalmshookl] [INFO] 开始处理物品: 霰弹枪扩容弹匣IV，原始ID: 562，配置的新ID: 1008411
[15:53:40] [INFO] [Additionalmshookl] [INFO] 为物品 霰弹枪扩容弹匣IV 生成的唯一键: 2127507358
[15:53:40] [INFO] [Additionalmshookl] [INFO] 为物品 霰弹枪扩容弹匣IV 使用已保存的ID: 1008411
[15:53:40] [INFO] [Additionalmshookl] [INFO] 将ID 1008411 添加到已使用列表
[15:53:40] [INFO] [Additionalmshookl] [INFO] [CreateCustomItem] 开始设置物品属性 for 霰弹枪扩容弹匣IV
[15:53:40] [INFO] [Additionalmshookl] [INFO] [SetItemProperties] 开始设置物品 霰弹枪扩容弹匣IV 的基本属性
[15:53:40] [INFO] [Additionalmshookl] [INFO] 成功设置字段 typeID = 1008411 (类型: Item)
[15:53:40] [INFO] [Additionalmshookl] [INFO] 成功设置字段 weight = 1 (类型: Item)
[15:53:40] [INFO] [Additionalmshookl] [INFO] 成功设置字段 value = 4000 (类型: Item)
[15:53:40] [INFO] [Additionalmshookl] [INFO] 成功设置字段 displayName = 1008411 (类型: Item)
[15:53:40] [INFO] [Additionalmshookl] [INFO] 成功设置字段 quality = 5 (类型: Item)
[15:53:40] [INFO] [Additionalmshookl] [INFO] 成功设置字段 order = 0 (类型: Item)
[15:53:40] [INFO] [Additionalmshookl] [INFO] [SetItemProperties] 完成基本属性设置，开始处理Tags
[15:53:40] [INFO] [Additionalmshookl] [INFO] [SetItemProperties] 检测到Tags配置，数量: 3
[15:53:40] [INFO] [Additionalmshookl] [INFO] 物品 霰弹枪扩容弹匣IV 的所有标签: Accessory, Magazine, GunType_SHT
[15:53:40] [INFO] [Additionalmshookl] [INFO] [TagUtils-DEBUG] 开始处理标签: Accessory
[15:53:40] [INFO] [TagUtils] ===== GetOrCreateTag方法被调用 =====
[15:53:40] [INFO] [TagUtils] 参数: tagName='Accessory', displayName=''
[15:53:40] [INFO] [TagUtils] FindExistingTag 查找: Accessory
[15:53:40] [INFO] [TagUtils] 找到 134 个Tag对象，开始查找: Accessory
[15:53:40] [INFO] [TagUtils] 通过属性找到匹配的Tag: Accessory
[15:53:40] [INFO] [TagUtils] 找到现有Tag: Accessory
[15:53:40] [INFO] [Additionalmshookl] [INFO] [TagUtils-DEBUG] 标签 Accessory 创建成功: Tag
[15:53:40] [INFO] [Additionalmshookl] [ERROR] 无法获取Tags列表
[15:53:40] [INFO] [Additionalmshookl] [INFO] [TagUtils-DEBUG] 开始处理标签: Magazine
[15:53:40] [INFO] [TagUtils] ===== GetOrCreateTag方法被调用 =====
[15:53:40] [INFO] [TagUtils] 参数: tagName='Magazine', displayName=''
[15:53:40] [INFO] [TagUtils] FindExistingTag 查找: Magazine
[15:53:40] [INFO] [TagUtils] 找到 134 个Tag对象，开始查找: Magazine
[15:53:40] [INFO] [TagUtils] 通过属性找到匹配的Tag: Magazine
[15:53:40] [INFO] [TagUtils] 找到现有Tag: Magazine
[15:53:40] [INFO] [Additionalmshookl] [INFO] [TagUtils-DEBUG] 标签 Magazine 创建成功: Tag
[15:53:40] [INFO] [Additionalmshookl] [ERROR] 无法获取Tags列表
[15:53:40] [INFO] [Additionalmshookl] [INFO] [TagUtils-DEBUG] 开始处理标签: GunType_SHT
[15:53:40] [INFO] [TagUtils] ===== GetOrCreateTag方法被调用 =====
[15:53:40] [INFO] [TagUtils] 参数: tagName='GunType_SHT', displayName=''
[15:53:40] [INFO] [TagUtils] FindExistingTag 查找: GunType_SHT
[15:53:40] [INFO] [TagUtils] 找到 134 个Tag对象，开始查找: GunType_SHT
[15:53:40] [INFO] [TagUtils] 通过属性找到匹配的Tag: GunType_SHT
[15:53:40] [INFO] [TagUtils] 找到现有Tag: GunType_SHT
[15:53:40] [INFO] [Additionalmshookl] [INFO] [TagUtils-DEBUG] 标签 GunType_SHT 创建成功: Tag
[15:53:40] [INFO] [Additionalmshookl] [ERROR] 无法获取Tags列表
[15:53:40] [INFO] [Additionalmshookl] [INFO] 为物品 霰弹枪扩容弹匣IV 添加FoodDrink组件
[15:53:40] [INFO] [Additionalmshookl] [INFO] 物品 霰弹枪扩容弹匣IV 能量值: 0, 口渴值: 0
[15:53:40] [INFO] [Additionalmshookl] [INFO] 正在为 CustomItem_1008411 配置 Modifiers...
[15:53:40] [INFO] [Additionalmshookl] [INFO] 成功设置字段 value = 0 (类型: ModifierDescription)
[15:53:40] [INFO] [Additionalmshookl] [INFO] 成功设置字段 display = False (类型: ModifierDescription)
[15:53:40] [INFO] [Additionalmshookl] [INFO]   - Modifier 'Capacity' (原值: 1) 已被移除 (未在配置中指定)。
[15:53:40] [INFO] [Additionalmshookl] [INFO] 成功设置字段 value = 0 (类型: ModifierDescription)
[15:53:40] [INFO] [Additionalmshookl] [INFO] 成功设置字段 display = False (类型: ModifierDescription)
[15:53:40] [INFO] [Additionalmshookl] [INFO]   - Modifier 'ADSTime' (原值: 0.1) 已被移除 (未在配置中指定)。
[15:53:40] [INFO] [Additionalmshookl] [INFO] CustomItem_1008411: 共修改/移除了 0 个现有 Modifier，添加了 0 个新的 Modifier。
[15:53:40] [INFO] [Additionalmshookl] [INFO] 开始应用防具属性配置
[15:53:40] [INFO] [Additionalmshookl] [INFO] 防具属性配置应用完成
[15:53:40] [INFO] [Additionalmshookl] [INFO] 物品 霰弹枪扩容弹匣IV 没有配置插槽设置，跳过插槽设置
[15:53:40] [INFO] [Additionalmshookl] [INFO] [原物品Buff分析] 开始分析物品 霰弹枪扩容弹匣IV (原始ID: 562) 的原生Buff效果
[15:53:40] [INFO] [Additionalmshookl] [INFO] [原物品Buff分析] 物品上有 1 个UsageBehavior组件:
[15:53:40] [INFO] [Additionalmshookl] [INFO]   [0] FoodDrink
[15:53:40] [INFO] [Additionalmshookl] [INFO]       -> 类型: FoodDrink (非AddBuff)
[15:53:40] [INFO] [Additionalmshookl] [INFO] 物品 霰弹枪扩容弹匣IV 没有配置Buff持续时间，跳过修改
[15:53:40] [INFO] [Additionalmshookl] [INFO] [CreateCustomItem] 完成设置物品属性 for 霰弹枪扩容弹匣IV
[15:53:40] [INFO] [Additionalmshookl] [INFO] [CreateCustomItem] 开始设置本地化文本 for 霰弹枪扩容弹匣IV
[15:53:40] [INFO] [Additionalmshookl] [INFO] 设置物品 霰弹枪扩容弹匣IV 描述键: 1008411_Desc
[15:53:40] [INFO] [Additionalmshookl] [INFO] [CreateCustomItem] 完成设置本地化文本 for 霰弹枪扩容弹匣IV
[15:53:40] [INFO] [Additionalmshookl] [INFO] [CreateCustomItem] 开始设置图标 for 霰弹枪扩容弹匣IV
[15:53:40] [INFO] [Additionalmshookl] [INFO] 从模块文件夹加载图标: D:\SteamLibrary\steamapps\workshop\content\3167020\3661816441\icons\霰弹枪扩容弹匣IV.png
[15:53:40] [INFO] [Additionalmshookl] [INFO] 加载UI图标成功: 霰弹枪扩容弹匣IV.png
[15:53:40] [INFO] [Additionalmshookl] [INFO] [CreateCustomItem] 完成设置图标 for 霰弹枪扩容弹匣IV
[15:53:40] [INFO] [Additionalmshookl] [INFO] [CreateCustomItem] 完成设置世界模型贴图 for 霰弹枪扩容弹匣IV
[15:53:40] [INFO] [Additionalmshookl] [INFO] [CreateCustomItem] 开始注册物品 for 霰弹枪扩容弹匣IV
[15:53:40] [INFO] [Additionalmshookl] [INFO] 物品注册成功: 1008411 (ID: 1008411)
[15:53:40] [INFO] [Additionalmshookl] [INFO] [CreateCustomItem] 完成注册物品 for 霰弹枪扩容弹匣IV
[15:53:40] [INFO] [Additionalmshookl] [INFO] [CreateCustomItem] 准备调用SetupAdditionalSlots for 霰弹枪扩容弹匣IV
[15:53:40] [INFO] [Additionalmshookl] [INFO] [SetupAdditionalSlots] 开始处理物品 霰弹枪扩容弹匣IV 的配件槽配置
[15:53:40] [INFO] [Additionalmshookl] [INFO] [SetupAdditionalSlots] AdditionalSlotTags: 
[15:53:40] [INFO] [Additionalmshookl] [INFO] [SetupAdditionalSlots] AdditionalSlotCount: 0
[15:53:40] [INFO] [Additionalmshookl] [INFO] [SetupAdditionalSlots] ReplaceExistingSlots: False
[15:53:40] [INFO] [Additionalmshookl] [INFO] 物品 霰弹枪扩容弹匣IV 配件槽配置无效或未设置，跳过配件槽添加
[15:53:40] [INFO] [Additionalmshookl] [INFO] [CreateCustomItem] 准备调用SetupDecomposeFormula for 霰弹枪扩容弹匣IV
[15:53:40] [INFO] [Additionalmshookl] [INFO] [SetupDecomposeFormula] 开始处理物品 霰弹枪扩容弹匣IV 的分解配方，EnableDecompose: False
[15:53:40] [INFO] [Additionalmshookl] [INFO] [CreateCustomItem] 完成所有方法调用 for 霰弹枪扩容弹匣IV
[15:53:40] [INFO] [Additionalmshookl] [INFO] [CreateCustomItem] CreateCustomItem方法成功完成 for 霰弹枪扩容弹匣IV
[15:53:40] [INFO] [Additionalmshookl] [INFO] [MShook-DEBUG] CreateCustomItem方法调用完成
[15:53:40] [INFO] [Additionalmshookl] [INFO] 成功处理配置: 霰弹枪扩容弹匣IV (ID: 1008411) 来自 1008411_霰弹枪扩容弹匣IV.json
[15:53:40] [INFO] [Additionalmshookl] [INFO] 配置文件 1008412_步枪扩容弹匣IV.json 中设置的NewItemId: 1008412
[15:53:40] [INFO] [Additionalmshookl] [INFO] [MShook-DEBUG] 正在处理配置: 1008412_步枪扩容弹匣IV.json 中的物品 步枪扩容弹匣IV
[15:53:40] [INFO] [Additionalmshookl] [INFO] [MShook-DEBUG] 即将调用CreateCustomItem方法
[15:53:40] [INFO] [Additionalmshookl] [INFO] ========== CreateCustomItem 开始处理物品: 步枪扩容弹匣IV ==========
[15:53:40] [INFO] [Additionalmshookl] [INFO] 配置原始ID: 548, 新ID: 1008412
[15:53:40] [INFO] [Additionalmshookl] [INFO] 开始处理物品: 步枪扩容弹匣IV，原始ID: 548，配置的新ID: 1008412
[15:53:40] [INFO] [Additionalmshookl] [INFO] 为物品 步枪扩容弹匣IV 生成的唯一键: 1497244609
[15:53:40] [INFO] [Additionalmshookl] [INFO] 为物品 步枪扩容弹匣IV 使用已保存的ID: 1008412
[15:53:40] [INFO] [Additionalmshookl] [INFO] 将ID 1008412 添加到已使用列表
[15:53:40] [INFO] [Additionalmshookl] [INFO] [CreateCustomItem] 开始设置物品属性 for 步枪扩容弹匣IV
[15:53:40] [INFO] [Additionalmshookl] [INFO] [SetItemProperties] 开始设置物品 步枪扩容弹匣IV 的基本属性
[15:53:40] [INFO] [Additionalmshookl] [INFO] 成功设置字段 typeID = 1008412 (类型: Item)
[15:53:40] [INFO] [Additionalmshookl] [INFO] 成功设置字段 weight = 1 (类型: Item)
[15:53:40] [INFO] [Additionalmshookl] [INFO] 成功设置字段 value = 4000 (类型: Item)
[15:53:40] [INFO] [Additionalmshookl] [INFO] 成功设置字段 displayName = 1008412 (类型: Item)
[15:53:40] [INFO] [Additionalmshookl] [INFO] 成功设置字段 quality = 5 (类型: Item)
[15:53:40] [INFO] [Additionalmshookl] [INFO] 成功设置字段 order = 0 (类型: Item)
[15:53:40] [INFO] [Additionalmshookl] [INFO] [SetItemProperties] 完成基本属性设置，开始处理Tags
[15:53:40] [INFO] [Additionalmshookl] [INFO] [SetItemProperties] 检测到Tags配置，数量: 3
[15:53:40] [INFO] [Additionalmshookl] [INFO] 物品 步枪扩容弹匣IV 的所有标签: Accessory, Magazine, GunType_AR
[15:53:40] [INFO] [Additionalmshookl] [INFO] [TagUtils-DEBUG] 开始处理标签: Accessory
[15:53:40] [INFO] [TagUtils] ===== GetOrCreateTag方法被调用 =====
[15:53:40] [INFO] [TagUtils] 参数: tagName='Accessory', displayName=''
[15:53:40] [INFO] [TagUtils] FindExistingTag 查找: Accessory
[15:53:40] [INFO] [TagUtils] 找到 134 个Tag对象，开始查找: Accessory
[15:53:40] [INFO] [TagUtils] 通过属性找到匹配的Tag: Accessory
[15:53:40] [INFO] [TagUtils] 找到现有Tag: Accessory
[15:53:40] [INFO] [Additionalmshookl] [INFO] [TagUtils-DEBUG] 标签 Accessory 创建成功: Tag
[15:53:40] [INFO] [Additionalmshookl] [ERROR] 无法获取Tags列表
[15:53:40] [INFO] [Additionalmshookl] [INFO] [TagUtils-DEBUG] 开始处理标签: Magazine
[15:53:40] [INFO] [TagUtils] ===== GetOrCreateTag方法被调用 =====
[15:53:40] [INFO] [TagUtils] 参数: tagName='Magazine', displayName=''
[15:53:40] [INFO] [TagUtils] FindExistingTag 查找: Magazine
[15:53:40] [INFO] [TagUtils] 找到 134 个Tag对象，开始查找: Magazine
[15:53:40] [INFO] [TagUtils] 通过属性找到匹配的Tag: Magazine
[15:53:40] [INFO] [TagUtils] 找到现有Tag: Magazine
[15:53:40] [INFO] [Additionalmshookl] [INFO] [TagUtils-DEBUG] 标签 Magazine 创建成功: Tag
[15:53:40] [INFO] [Additionalmshookl] [ERROR] 无法获取Tags列表
[15:53:40] [INFO] [Additionalmshookl] [INFO] [TagUtils-DEBUG] 开始处理标签: GunType_AR
[15:53:40] [INFO] [TagUtils] ===== GetOrCreateTag方法被调用 =====
[15:53:40] [INFO] [TagUtils] 参数: tagName='GunType_AR', displayName=''
[15:53:40] [INFO] [TagUtils] FindExistingTag 查找: GunType_AR
[15:53:40] [INFO] [TagUtils] 找到 134 个Tag对象，开始查找: GunType_AR
[15:53:40] [INFO] [TagUtils] 通过属性找到匹配的Tag: GunType_AR
[15:53:40] [INFO] [TagUtils] 找到现有Tag: GunType_AR
[15:53:40] [INFO] [Additionalmshookl] [INFO] [TagUtils-DEBUG] 标签 GunType_AR 创建成功: Tag
[15:53:40] [INFO] [Additionalmshookl] [ERROR] 无法获取Tags列表
[15:53:40] [INFO] [Additionalmshookl] [INFO] 为物品 步枪扩容弹匣IV 添加FoodDrink组件
[15:53:40] [INFO] [Additionalmshookl] [INFO] 物品 步枪扩容弹匣IV 能量值: 0, 口渴值: 0
[15:53:40] [INFO] [Additionalmshookl] [INFO] 正在为 CustomItem_1008412 配置 Modifiers...
[15:53:40] [INFO] [Additionalmshookl] [INFO] 成功设置字段 value = 0 (类型: ModifierDescription)
[15:53:40] [INFO] [Additionalmshookl] [INFO] 成功设置字段 display = False (类型: ModifierDescription)
[15:53:40] [INFO] [Additionalmshookl] [INFO]   - Modifier 'Capacity' (原值: 1.5) 已被移除 (未在配置中指定)。
[15:53:40] [INFO] [Additionalmshookl] [INFO] 成功设置字段 value = 0 (类型: ModifierDescription)
[15:53:40] [INFO] [Additionalmshookl] [INFO] 成功设置字段 display = False (类型: ModifierDescription)
[15:53:40] [INFO] [Additionalmshookl] [INFO]   - Modifier 'ADSTime' (原值: 0.2) 已被移除 (未在配置中指定)。
[15:53:40] [INFO] [Additionalmshookl] [INFO] 成功设置字段 value = 0 (类型: ModifierDescription)
[15:53:40] [INFO] [Additionalmshookl] [INFO] 成功设置字段 display = False (类型: ModifierDescription)
[15:53:40] [INFO] [Additionalmshookl] [INFO]   - Modifier 'MoveSpeedMultiplier' (原值: -0.05) 已被移除 (未在配置中指定)。
[15:53:40] [INFO] [Additionalmshookl] [INFO] CustomItem_1008412: 共修改/移除了 0 个现有 Modifier，添加了 0 个新的 Modifier。
[15:53:40] [INFO] [Additionalmshookl] [INFO] 开始应用防具属性配置
[15:53:40] [INFO] [Additionalmshookl] [INFO] 防具属性配置应用完成
[15:53:40] [INFO] [Additionalmshookl] [INFO] 物品 步枪扩容弹匣IV 没有配置插槽设置，跳过插槽设置
[15:53:40] [INFO] [Additionalmshookl] [INFO] [原物品Buff分析] 开始分析物品 步枪扩容弹匣IV (原始ID: 548) 的原生Buff效果
[15:53:40] [INFO] [Additionalmshookl] [INFO] [原物品Buff分析] 物品上有 1 个UsageBehavior组件:
[15:53:40] [INFO] [Additionalmshookl] [INFO]   [0] FoodDrink
[15:53:40] [INFO] [Additionalmshookl] [INFO]       -> 类型: FoodDrink (非AddBuff)
[15:53:40] [INFO] [Additionalmshookl] [INFO] 物品 步枪扩容弹匣IV 没有配置Buff持续时间，跳过修改
[15:53:40] [INFO] [Additionalmshookl] [INFO] [CreateCustomItem] 完成设置物品属性 for 步枪扩容弹匣IV
[15:53:40] [INFO] [Additionalmshookl] [INFO] [CreateCustomItem] 开始设置本地化文本 for 步枪扩容弹匣IV
[15:53:40] [INFO] [Additionalmshookl] [INFO] 设置物品 步枪扩容弹匣IV 描述键: 1008412_Desc
[15:53:40] [INFO] [Additionalmshookl] [INFO] [CreateCustomItem] 完成设置本地化文本 for 步枪扩容弹匣IV
[15:53:40] [INFO] [Additionalmshookl] [INFO] [CreateCustomItem] 开始设置图标 for 步枪扩容弹匣IV
[15:53:40] [INFO] [Additionalmshookl] [INFO] 从模块文件夹加载图标: D:\SteamLibrary\steamapps\workshop\content\3167020\3661816441\icons\步枪扩容弹匣IV.png
[15:53:40] [INFO] [Additionalmshookl] [INFO] 加载UI图标成功: 步枪扩容弹匣IV.png
[15:53:40] [INFO] [Additionalmshookl] [INFO] [CreateCustomItem] 完成设置图标 for 步枪扩容弹匣IV
[15:53:40] [INFO] [Additionalmshookl] [INFO] [CreateCustomItem] 完成设置世界模型贴图 for 步枪扩容弹匣IV
[15:53:40] [INFO] [Additionalmshookl] [INFO] [CreateCustomItem] 开始注册物品 for 步枪扩容弹匣IV
[15:53:40] [INFO] [Additionalmshookl] [INFO] 物品注册成功: 1008412 (ID: 1008412)
[15:53:40] [INFO] [Additionalmshookl] [INFO] [CreateCustomItem] 完成注册物品 for 步枪扩容弹匣IV
[15:53:40] [INFO] [Additionalmshookl] [INFO] [CreateCustomItem] 准备调用SetupAdditionalSlots for 步枪扩容弹匣IV
[15:53:40] [INFO] [Additionalmshookl] [INFO] [SetupAdditionalSlots] 开始处理物品 步枪扩容弹匣IV 的配件槽配置
[15:53:40] [INFO] [Additionalmshookl] [INFO] [SetupAdditionalSlots] AdditionalSlotTags: 
[15:53:40] [INFO] [Additionalmshookl] [INFO] [SetupAdditionalSlots] AdditionalSlotCount: 0
[15:53:40] [INFO] [Additionalmshookl] [INFO] [SetupAdditionalSlots] ReplaceExistingSlots: False
[15:53:40] [INFO] [Additionalmshookl] [INFO] 物品 步枪扩容弹匣IV 配件槽配置无效或未设置，跳过配件槽添加
[15:53:40] [INFO] [Additionalmshookl] [INFO] [CreateCustomItem] 准备调用SetupDecomposeFormula for 步枪扩容弹匣IV
[15:53:40] [INFO] [Additionalmshookl] [INFO] [SetupDecomposeFormula] 开始处理物品 步枪扩容弹匣IV 的分解配方，EnableDecompose: False
[15:53:40] [INFO] [Additionalmshookl] [INFO] [CreateCustomItem] 完成所有方法调用 for 步枪扩容弹匣IV
[15:53:40] [INFO] [Additionalmshookl] [INFO] [CreateCustomItem] CreateCustomItem方法成功完成 for 步枪扩容弹匣IV
[15:53:40] [INFO] [Additionalmshookl] [INFO] [MShook-DEBUG] CreateCustomItem方法调用完成
[15:53:40] [INFO] [Additionalmshookl] [INFO] 成功处理配置: 步枪扩容弹匣IV (ID: 1008412) 来自 1008412_步枪扩容弹匣IV.json
[15:53:40] [INFO] [Additionalmshookl] [INFO] 配置文件 1008413_重型脚架.json 中设置的NewItemId: 1008413
[15:53:40] [INFO] [Additionalmshookl] [INFO] [MShook-DEBUG] 正在处理配置: 1008413_重型脚架.json 中的物品 重型脚架
[15:53:40] [INFO] [Additionalmshookl] [INFO] [MShook-DEBUG] 即将调用CreateCustomItem方法
[15:53:40] [INFO] [Additionalmshookl] [INFO] ========== CreateCustomItem 开始处理物品: 重型脚架 ==========
[15:53:40] [INFO] [Additionalmshookl] [INFO] 配置原始ID: 452, 新ID: 1008413
[15:53:40] [INFO] [Additionalmshookl] [INFO] 开始处理物品: 重型脚架，原始ID: 452，配置的新ID: 1008413
[15:53:40] [INFO] [Additionalmshookl] [INFO] 为物品 重型脚架 生成的唯一键: 410403862
[15:53:40] [INFO] [Additionalmshookl] [INFO] 为物品 重型脚架 使用已保存的ID: 1008413
[15:53:40] [INFO] [Additionalmshookl] [INFO] 将ID 1008413 添加到已使用列表
[15:53:40] [INFO] [Additionalmshookl] [INFO] [CreateCustomItem] 开始设置物品属性 for 重型脚架
[15:53:40] [INFO] [Additionalmshookl] [INFO] [SetItemProperties] 开始设置物品 重型脚架 的基本属性
[15:53:40] [INFO] [Additionalmshookl] [INFO] 成功设置字段 typeID = 1008413 (类型: Item)
[15:53:40] [INFO] [Additionalmshookl] [INFO] 成功设置字段 weight = 0.7 (类型: Item)
[15:53:40] [INFO] [Additionalmshookl] [INFO] 成功设置字段 value = 3200 (类型: Item)
[15:53:40] [INFO] [Additionalmshookl] [INFO] 成功设置字段 displayName = 1008413 (类型: Item)
[15:53:40] [INFO] [Additionalmshookl] [INFO] 成功设置字段 quality = 5 (类型: Item)
[15:53:40] [INFO] [Additionalmshookl] [INFO] 成功设置字段 order = 0 (类型: Item)
[15:53:40] [INFO] [Additionalmshookl] [INFO] [SetItemProperties] 完成基本属性设置，开始处理Tags
[15:53:40] [INFO] [Additionalmshookl] [INFO] [SetItemProperties] 检测到Tags配置，数量: 2
[15:53:40] [INFO] [Additionalmshookl] [INFO] 物品 重型脚架 的所有标签: Accessory, Grip
[15:53:40] [INFO] [Additionalmshookl] [INFO] [TagUtils-DEBUG] 开始处理标签: Accessory
[15:53:40] [INFO] [TagUtils] ===== GetOrCreateTag方法被调用 =====
[15:53:40] [INFO] [TagUtils] 参数: tagName='Accessory', displayName=''
[15:53:40] [INFO] [TagUtils] FindExistingTag 查找: Accessory
[15:53:40] [INFO] [TagUtils] 找到 134 个Tag对象，开始查找: Accessory
[15:53:40] [INFO] [TagUtils] 通过属性找到匹配的Tag: Accessory
[15:53:40] [INFO] [TagUtils] 找到现有Tag: Accessory
[15:53:40] [INFO] [Additionalmshookl] [INFO] [TagUtils-DEBUG] 标签 Accessory 创建成功: Tag
[15:53:40] [INFO] [Additionalmshookl] [ERROR] 无法获取Tags列表
[15:53:40] [INFO] [Additionalmshookl] [INFO] [TagUtils-DEBUG] 开始处理标签: Grip
[15:53:40] [INFO] [TagUtils] ===== GetOrCreateTag方法被调用 =====
[15:53:40] [INFO] [TagUtils] 参数: tagName='Grip', displayName=''
[15:53:40] [INFO] [TagUtils] FindExistingTag 查找: Grip
[15:53:40] [INFO] [TagUtils] 找到 134 个Tag对象，开始查找: Grip
[15:53:40] [INFO] [TagUtils] 通过属性找到匹配的Tag: Grip
[15:53:40] [INFO] [TagUtils] 找到现有Tag: Grip
[15:53:40] [INFO] [Additionalmshookl] [INFO] [TagUtils-DEBUG] 标签 Grip 创建成功: Tag
[15:53:40] [INFO] [Additionalmshookl] [ERROR] 无法获取Tags列表
[15:53:40] [INFO] [Additionalmshookl] [INFO] 为物品 重型脚架 添加FoodDrink组件
[15:53:40] [INFO] [Additionalmshookl] [INFO] 物品 重型脚架 能量值: 0, 口渴值: 0
[15:53:40] [INFO] [Additionalmshookl] [INFO] 正在为 CustomItem_1008413 配置 Modifiers...
[15:53:40] [INFO] [Additionalmshookl] [INFO] 成功设置字段 value = 0 (类型: ModifierDescription)
[15:53:40] [INFO] [Additionalmshookl] [INFO] 成功设置字段 display = False (类型: ModifierDescription)
[15:53:40] [INFO] [Additionalmshookl] [INFO]   - Modifier 'ADSTime' (原值: -0.12) 已被移除 (未在配置中指定)。
[15:53:40] [INFO] [Additionalmshookl] [INFO] 属性 BulletDistance 目标默认设置为 Character (默认)
[15:53:40] [INFO] [Additionalmshookl] [INFO] 成功设置字段 display = True (类型: ModifierDescription)
[15:53:40] [INFO] [Additionalmshookl] [INFO]   - 射程-BulletDistance 添加成功: 1
[15:53:40] [INFO] [Additionalmshookl] [INFO] CustomItem_1008413: 共修改/移除了 0 个现有 Modifier，添加了 1 个新的 Modifier。
[15:53:40] [INFO] [Additionalmshookl] [INFO] 开始应用防具属性配置
[15:53:40] [INFO] [Additionalmshookl] [INFO] 防具属性配置应用完成
[15:53:40] [INFO] [Additionalmshookl] [INFO] 物品 重型脚架 没有配置插槽设置，跳过插槽设置
[15:53:40] [INFO] [Additionalmshookl] [INFO] [原物品Buff分析] 开始分析物品 重型脚架 (原始ID: 452) 的原生Buff效果
[15:53:40] [INFO] [Additionalmshookl] [INFO] [原物品Buff分析] 物品上有 1 个UsageBehavior组件:
[15:53:40] [INFO] [Additionalmshookl] [INFO]   [0] FoodDrink
[15:53:40] [INFO] [Additionalmshookl] [INFO]       -> 类型: FoodDrink (非AddBuff)
[15:53:40] [INFO] [Additionalmshookl] [INFO] 物品 重型脚架 没有配置Buff持续时间，跳过修改
[15:53:40] [INFO] [Additionalmshookl] [INFO] [CreateCustomItem] 完成设置物品属性 for 重型脚架
[15:53:40] [INFO] [Additionalmshookl] [INFO] [CreateCustomItem] 开始设置本地化文本 for 重型脚架
[15:53:40] [INFO] [Additionalmshookl] [INFO] 设置物品 重型脚架 描述键: 1008413_Desc
[15:53:40] [INFO] [Additionalmshookl] [INFO] [CreateCustomItem] 完成设置本地化文本 for 重型脚架
[15:53:40] [INFO] [Additionalmshookl] [INFO] [CreateCustomItem] 开始设置图标 for 重型脚架
[15:53:40] [INFO] [Additionalmshookl] [INFO] 从模块文件夹加载图标: D:\SteamLibrary\steamapps\workshop\content\3167020\3661816441\icons\重型脚架.png
[15:53:40] [INFO] [Additionalmshookl] [INFO] 加载UI图标成功: 重型脚架.png
[15:53:40] [INFO] [Additionalmshookl] [INFO] [CreateCustomItem] 完成设置图标 for 重型脚架
[15:53:40] [INFO] [Additionalmshookl] [INFO] [CreateCustomItem] 完成设置世界模型贴图 for 重型脚架
[15:53:40] [INFO] [Additionalmshookl] [INFO] [CreateCustomItem] 开始注册物品 for 重型脚架
[15:53:40] [INFO] [Additionalmshookl] [INFO] 物品注册成功: 1008413 (ID: 1008413)
[15:53:40] [INFO] [Additionalmshookl] [INFO] [CreateCustomItem] 完成注册物品 for 重型脚架
[15:53:40] [INFO] [Additionalmshookl] [INFO] [CreateCustomItem] 准备调用SetupAdditionalSlots for 重型脚架
[15:53:40] [INFO] [Additionalmshookl] [INFO] [SetupAdditionalSlots] 开始处理物品 重型脚架 的配件槽配置
[15:53:40] [INFO] [Additionalmshookl] [INFO] [SetupAdditionalSlots] AdditionalSlotTags: 
[15:53:40] [INFO] [Additionalmshookl] [INFO] [SetupAdditionalSlots] AdditionalSlotCount: 0
[15:53:40] [INFO] [Additionalmshookl] [INFO] [SetupAdditionalSlots] ReplaceExistingSlots: False
[15:53:40] [INFO] [Additionalmshookl] [INFO] 物品 重型脚架 配件槽配置无效或未设置，跳过配件槽添加
[15:53:40] [INFO] [Additionalmshookl] [INFO] [CreateCustomItem] 准备调用SetupDecomposeFormula for 重型脚架
[15:53:40] [INFO] [Additionalmshookl] [INFO] [SetupDecomposeFormula] 开始处理物品 重型脚架 的分解配方，EnableDecompose: False
[15:53:40] [INFO] [Additionalmshookl] [INFO] [CreateCustomItem] 完成所有方法调用 for 重型脚架
[15:53:40] [INFO] [Additionalmshookl] [INFO] [CreateCustomItem] CreateCustomItem方法成功完成 for 重型脚架
[15:53:40] [INFO] [Additionalmshookl] [INFO] [MShook-DEBUG] CreateCustomItem方法调用完成
[15:53:40] [INFO] [Additionalmshookl] [INFO] 成功处理配置: 重型脚架 (ID: 1008413) 来自 1008413_重型脚架.json
[15:53:40] [INFO] [Additionalmshookl] [INFO] 配置文件 1008415_机动脚架.json 中设置的NewItemId: 1008415
[15:53:40] [INFO] [Additionalmshookl] [INFO] [MShook-DEBUG] 正在处理配置: 1008415_机动脚架.json 中的物品 机动脚架
[15:53:40] [INFO] [Additionalmshookl] [INFO] [MShook-DEBUG] 即将调用CreateCustomItem方法
[15:53:40] [INFO] [Additionalmshookl] [INFO] ========== CreateCustomItem 开始处理物品: 机动脚架 ==========
[15:53:40] [INFO] [Additionalmshookl] [INFO] 配置原始ID: 460, 新ID: 1008415
[15:53:40] [INFO] [Additionalmshookl] [INFO] 开始处理物品: 机动脚架，原始ID: 460，配置的新ID: 1008415
[15:53:40] [INFO] [Additionalmshookl] [INFO] 为物品 机动脚架 生成的唯一键: 224375365
[15:53:40] [INFO] [Additionalmshookl] [INFO] 为物品 机动脚架 使用已保存的ID: 1008415
[15:53:40] [INFO] [Additionalmshookl] [INFO] 将ID 1008415 添加到已使用列表
[15:53:40] [INFO] [Additionalmshookl] [INFO] [CreateCustomItem] 开始设置物品属性 for 机动脚架
[15:53:40] [INFO] [Additionalmshookl] [INFO] [SetItemProperties] 开始设置物品 机动脚架 的基本属性
[15:53:40] [INFO] [Additionalmshookl] [INFO] 成功设置字段 typeID = 1008415 (类型: Item)
[15:53:40] [INFO] [Additionalmshookl] [INFO] 成功设置字段 weight = 0.5 (类型: Item)
[15:53:40] [INFO] [Additionalmshookl] [INFO] 成功设置字段 value = 3200 (类型: Item)
[15:53:40] [INFO] [Additionalmshookl] [INFO] 成功设置字段 displayName = 1008415 (类型: Item)
[15:53:40] [INFO] [Additionalmshookl] [INFO] 成功设置字段 quality = 5 (类型: Item)
[15:53:40] [INFO] [Additionalmshookl] [INFO] 成功设置字段 order = 0 (类型: Item)
[15:53:40] [INFO] [Additionalmshookl] [INFO] [SetItemProperties] 完成基本属性设置，开始处理Tags
[15:53:40] [INFO] [Additionalmshookl] [INFO] [SetItemProperties] 检测到Tags配置，数量: 2
[15:53:40] [INFO] [Additionalmshookl] [INFO] 物品 机动脚架 的所有标签: Accessory, Grip
[15:53:40] [INFO] [Additionalmshookl] [INFO] [TagUtils-DEBUG] 开始处理标签: Accessory
[15:53:40] [INFO] [TagUtils] ===== GetOrCreateTag方法被调用 =====
[15:53:40] [INFO] [TagUtils] 参数: tagName='Accessory', displayName=''
[15:53:40] [INFO] [TagUtils] FindExistingTag 查找: Accessory
[15:53:40] [INFO] [TagUtils] 找到 134 个Tag对象，开始查找: Accessory
[15:53:40] [INFO] [TagUtils] 通过属性找到匹配的Tag: Accessory
[15:53:40] [INFO] [TagUtils] 找到现有Tag: Accessory
[15:53:40] [INFO] [Additionalmshookl] [INFO] [TagUtils-DEBUG] 标签 Accessory 创建成功: Tag
[15:53:40] [INFO] [Additionalmshookl] [ERROR] 无法获取Tags列表
[15:53:40] [INFO] [Additionalmshookl] [INFO] [TagUtils-DEBUG] 开始处理标签: Grip
[15:53:40] [INFO] [TagUtils] ===== GetOrCreateTag方法被调用 =====
[15:53:40] [INFO] [TagUtils] 参数: tagName='Grip', displayName=''
[15:53:40] [INFO] [TagUtils] FindExistingTag 查找: Grip
[15:53:40] [INFO] [TagUtils] 找到 134 个Tag对象，开始查找: Grip
[15:53:40] [INFO] [TagUtils] 通过属性找到匹配的Tag: Grip
[15:53:40] [INFO] [TagUtils] 找到现有Tag: Grip
[15:53:40] [INFO] [Additionalmshookl] [INFO] [TagUtils-DEBUG] 标签 Grip 创建成功: Tag
[15:53:40] [INFO] [Additionalmshookl] [ERROR] 无法获取Tags列表
[15:53:40] [INFO] [Additionalmshookl] [INFO] 为物品 机动脚架 添加FoodDrink组件
[15:53:40] [INFO] [Additionalmshookl] [INFO] 物品 机动脚架 能量值: 0, 口渴值: 0
[15:53:40] [INFO] [Additionalmshookl] [INFO] 正在为 CustomItem_1008415 配置 Modifiers...
[15:53:40] [INFO] [Additionalmshookl] [INFO] 成功设置字段 value = 0 (类型: ModifierDescription)
[15:53:40] [INFO] [Additionalmshookl] [INFO] 成功设置字段 display = False (类型: ModifierDescription)
[15:53:40] [INFO] [Additionalmshookl] [INFO]   - Modifier 'ScatterFactor' (原值: -0.23) 已被移除 (未在配置中指定)。
[15:53:40] [INFO] [Additionalmshookl] [INFO] 成功设置字段 value = 0 (类型: ModifierDescription)
[15:53:40] [INFO] [Additionalmshookl] [INFO] 成功设置字段 display = False (类型: ModifierDescription)
[15:53:40] [INFO] [Additionalmshookl] [INFO]   - Modifier 'MoveSpeedMultiplier' (原值: 0.05) 已被移除 (未在配置中指定)。
[15:53:40] [INFO] [Additionalmshookl] [INFO] 属性 BulletDistance 目标默认设置为 Character (默认)
[15:53:40] [INFO] [Additionalmshookl] [INFO] 成功设置字段 display = True (类型: ModifierDescription)
[15:53:40] [INFO] [Additionalmshookl] [INFO]   - 射程-BulletDistance 添加成功: 1
[15:53:40] [INFO] [Additionalmshookl] [INFO] CustomItem_1008415: 共修改/移除了 0 个现有 Modifier，添加了 1 个新的 Modifier。
[15:53:40] [INFO] [Additionalmshookl] [INFO] 开始应用防具属性配置
[15:53:40] [INFO] [Additionalmshookl] [INFO] 防具属性配置应用完成
[15:53:40] [INFO] [Additionalmshookl] [INFO] 物品 机动脚架 没有配置插槽设置，跳过插槽设置
[15:53:40] [INFO] [Additionalmshookl] [INFO] [原物品Buff分析] 开始分析物品 机动脚架 (原始ID: 460) 的原生Buff效果
[15:53:40] [INFO] [Additionalmshookl] [INFO] [原物品Buff分析] 物品上有 1 个UsageBehavior组件:
[15:53:40] [INFO] [Additionalmshookl] [INFO]   [0] FoodDrink
[15:53:40] [INFO] [Additionalmshookl] [INFO]       -> 类型: FoodDrink (非AddBuff)
[15:53:40] [INFO] [Additionalmshookl] [INFO] 物品 机动脚架 没有配置Buff持续时间，跳过修改
[15:53:40] [INFO] [Additionalmshookl] [INFO] [CreateCustomItem] 完成设置物品属性 for 机动脚架
[15:53:40] [INFO] [Additionalmshookl] [INFO] [CreateCustomItem] 开始设置本地化文本 for 机动脚架
[15:53:40] [INFO] [Additionalmshookl] [INFO] 设置物品 机动脚架 描述键: 1008415_Desc
[15:53:40] [INFO] [Additionalmshookl] [INFO] [CreateCustomItem] 完成设置本地化文本 for 机动脚架
[15:53:40] [INFO] [Additionalmshookl] [INFO] [CreateCustomItem] 开始设置图标 for 机动脚架
[15:53:40] [INFO] [Additionalmshookl] [INFO] 从模块文件夹加载图标: D:\SteamLibrary\steamapps\workshop\content\3167020\3661816441\icons\机动脚架.png
[15:53:40] [INFO] [Additionalmshookl] [INFO] 加载UI图标成功: 机动脚架.png
[15:53:40] [INFO] [Additionalmshookl] [INFO] [CreateCustomItem] 完成设置图标 for 机动脚架
[15:53:40] [INFO] [Additionalmshookl] [INFO] [CreateCustomItem] 完成设置世界模型贴图 for 机动脚架
[15:53:40] [INFO] [Additionalmshookl] [INFO] [CreateCustomItem] 开始注册物品 for 机动脚架
[15:53:40] [INFO] [Additionalmshookl] [INFO] 物品注册成功: 1008415 (ID: 1008415)
[15:53:40] [INFO] [Additionalmshookl] [INFO] [CreateCustomItem] 完成注册物品 for 机动脚架
[15:53:40] [INFO] [Additionalmshookl] [INFO] [CreateCustomItem] 准备调用SetupAdditionalSlots for 机动脚架
[15:53:40] [INFO] [Additionalmshookl] [INFO] [SetupAdditionalSlots] 开始处理物品 机动脚架 的配件槽配置
[15:53:40] [INFO] [Additionalmshookl] [INFO] [SetupAdditionalSlots] AdditionalSlotTags: 
[15:53:40] [INFO] [Additionalmshookl] [INFO] [SetupAdditionalSlots] AdditionalSlotCount: 0
[15:53:40] [INFO] [Additionalmshookl] [INFO] [SetupAdditionalSlots] ReplaceExistingSlots: False
[15:53:40] [INFO] [Additionalmshookl] [INFO] 物品 机动脚架 配件槽配置无效或未设置，跳过配件槽添加
[15:53:40] [INFO] [Additionalmshookl] [INFO] [CreateCustomItem] 准备调用SetupDecomposeFormula for 机动脚架
[15:53:40] [INFO] [Additionalmshookl] [INFO] [SetupDecomposeFormula] 开始处理物品 机动脚架 的分解配方，EnableDecompose: False
[15:53:40] [INFO] [Additionalmshookl] [INFO] [CreateCustomItem] 完成所有方法调用 for 机动脚架
[15:53:40] [INFO] [Additionalmshookl] [INFO] [CreateCustomItem] CreateCustomItem方法成功完成 for 机动脚架
[15:53:40] [INFO] [Additionalmshookl] [INFO] [MShook-DEBUG] CreateCustomItem方法调用完成
[15:53:40] [INFO] [Additionalmshookl] [INFO] 成功处理配置: 机动脚架 (ID: 1008415) 来自 1008415_机动脚架.json
[15:53:40] [INFO] [Additionalmshookl] [INFO] 配置文件 1008416_冲锋枪消音器-均衡.json 中设置的NewItemId: 1008416
[15:53:40] [INFO] [Additionalmshookl] [INFO] [MShook-DEBUG] 正在处理配置: 1008416_冲锋枪消音器-均衡.json 中的物品 冲锋枪消音器-均衡
[15:53:40] [INFO] [Additionalmshookl] [INFO] [MShook-DEBUG] 即将调用CreateCustomItem方法
[15:53:40] [INFO] [Additionalmshookl] [INFO] ========== CreateCustomItem 开始处理物品: 冲锋枪消音器-均衡 ==========
[15:53:40] [INFO] [Additionalmshookl] [INFO] 配置原始ID: 776, 新ID: 1008416
[15:53:40] [INFO] [Additionalmshookl] [INFO] 开始处理物品: 冲锋枪消音器-均衡，原始ID: 776，配置的新ID: 1008416
[15:53:40] [INFO] [Additionalmshookl] [INFO] 为物品 冲锋枪消音器-均衡 生成的唯一键: 340372835
[15:53:40] [INFO] [Additionalmshookl] [INFO] 为物品 冲锋枪消音器-均衡 使用已保存的ID: 1008416
[15:53:40] [INFO] [Additionalmshookl] [INFO] 将ID 1008416 添加到已使用列表
[15:53:40] [INFO] [Additionalmshookl] [INFO] [CreateCustomItem] 开始设置物品属性 for 冲锋枪消音器-均衡
[15:53:40] [INFO] [Additionalmshookl] [INFO] [SetItemProperties] 开始设置物品 冲锋枪消音器-均衡 的基本属性
[15:53:40] [INFO] [Additionalmshookl] [INFO] 成功设置字段 typeID = 1008416 (类型: Item)
[15:53:40] [INFO] [Additionalmshookl] [INFO] 成功设置字段 weight = 0.6 (类型: Item)
[15:53:40] [INFO] [Additionalmshookl] [INFO] 成功设置字段 value = 2600 (类型: Item)
[15:53:40] [INFO] [Additionalmshookl] [INFO] 成功设置字段 displayName = 1008416 (类型: Item)
[15:53:40] [INFO] [Additionalmshookl] [INFO] 成功设置字段 quality = 4 (类型: Item)
[15:53:40] [INFO] [Additionalmshookl] [INFO] 成功设置字段 order = 0 (类型: Item)
[15:53:40] [INFO] [Additionalmshookl] [INFO] [SetItemProperties] 完成基本属性设置，开始处理Tags
[15:53:40] [INFO] [Additionalmshookl] [INFO] [SetItemProperties] 检测到Tags配置，数量: 3
[15:53:40] [INFO] [Additionalmshookl] [INFO] 物品 冲锋枪消音器-均衡 的所有标签: Accessory, Muzzle, GunType_SMG
[15:53:40] [INFO] [Additionalmshookl] [INFO] [TagUtils-DEBUG] 开始处理标签: Accessory
[15:53:40] [INFO] [TagUtils] ===== GetOrCreateTag方法被调用 =====
[15:53:40] [INFO] [TagUtils] 参数: tagName='Accessory', displayName=''
[15:53:40] [INFO] [TagUtils] FindExistingTag 查找: Accessory
[15:53:40] [INFO] [TagUtils] 找到 134 个Tag对象，开始查找: Accessory
[15:53:40] [INFO] [TagUtils] 通过属性找到匹配的Tag: Accessory
[15:53:40] [INFO] [TagUtils] 找到现有Tag: Accessory
[15:53:40] [INFO] [Additionalmshookl] [INFO] [TagUtils-DEBUG] 标签 Accessory 创建成功: Tag
[15:53:40] [INFO] [Additionalmshookl] [ERROR] 无法获取Tags列表
[15:53:40] [INFO] [Additionalmshookl] [INFO] [TagUtils-DEBUG] 开始处理标签: Muzzle
[15:53:40] [INFO] [TagUtils] ===== GetOrCreateTag方法被调用 =====
[15:53:40] [INFO] [TagUtils] 参数: tagName='Muzzle', displayName=''
[15:53:40] [INFO] [TagUtils] FindExistingTag 查找: Muzzle
[15:53:40] [INFO] [TagUtils] 找到 134 个Tag对象，开始查找: Muzzle
[15:53:40] [INFO] [TagUtils] 通过属性找到匹配的Tag: Muzzle
[15:53:40] [INFO] [TagUtils] 找到现有Tag: Muzzle
[15:53:40] [INFO] [Additionalmshookl] [INFO] [TagUtils-DEBUG] 标签 Muzzle 创建成功: Tag
[15:53:40] [INFO] [Additionalmshookl] [ERROR] 无法获取Tags列表
[15:53:40] [INFO] [Additionalmshookl] [INFO] [TagUtils-DEBUG] 开始处理标签: GunType_SMG
[15:53:40] [INFO] [TagUtils] ===== GetOrCreateTag方法被调用 =====
[15:53:40] [INFO] [TagUtils] 参数: tagName='GunType_SMG', displayName=''
[15:53:40] [INFO] [TagUtils] FindExistingTag 查找: GunType_SMG
[15:53:40] [INFO] [TagUtils] 找到 134 个Tag对象，开始查找: GunType_SMG
[15:53:40] [INFO] [TagUtils] 通过属性找到匹配的Tag: GunType_SMG
[15:53:40] [INFO] [TagUtils] 找到现有Tag: GunType_SMG
[15:53:40] [INFO] [Additionalmshookl] [INFO] [TagUtils-DEBUG] 标签 GunType_SMG 创建成功: Tag
[15:53:40] [INFO] [Additionalmshookl] [ERROR] 无法获取Tags列表
[15:53:40] [INFO] [Additionalmshookl] [INFO] 为物品 冲锋枪消音器-均衡 添加FoodDrink组件
[15:53:40] [INFO] [Additionalmshookl] [INFO] 物品 冲锋枪消音器-均衡 能量值: 0, 口渴值: 0
[15:53:40] [INFO] [Additionalmshookl] [INFO] 正在为 CustomItem_1008416 配置 Modifiers...
[15:53:40] [INFO] [Additionalmshookl] [INFO] 成功设置字段 value = 0 (类型: ModifierDescription)
[15:53:40] [INFO] [Additionalmshookl] [INFO] 成功设置字段 display = False (类型: ModifierDescription)
[15:53:40] [INFO] [Additionalmshookl] [INFO]   - Modifier 'SoundRange' (原值: -0.5) 已被移除 (未在配置中指定)。
[15:53:40] [INFO] [Additionalmshookl] [INFO] 成功设置字段 value = 0 (类型: ModifierDescription)
[15:53:40] [INFO] [Additionalmshookl] [INFO] 成功设置字段 display = False (类型: ModifierDescription)
[15:53:40] [INFO] [Additionalmshookl] [INFO]   - Modifier 'ScatterFactor' (原值: -0.13) 已被移除 (未在配置中指定)。
[15:53:40] [INFO] [Additionalmshookl] [INFO] 成功设置字段 value = 0 (类型: ModifierDescription)
[15:53:40] [INFO] [Additionalmshookl] [INFO] 成功设置字段 display = False (类型: ModifierDescription)
[15:53:40] [INFO] [Additionalmshookl] [INFO]   - Modifier 'ScatterFactorADS' (原值: -0.13) 已被移除 (未在配置中指定)。
[15:53:40] [INFO] [Additionalmshookl] [INFO] 成功设置字段 value = 0 (类型: ModifierDescription)
[15:53:40] [INFO] [Additionalmshookl] [INFO] 成功设置字段 display = False (类型: ModifierDescription)
[15:53:40] [INFO] [Additionalmshookl] [INFO]   - Modifier 'MoveSpeedMultiplier' (原值: -0.08) 已被移除 (未在配置中指定)。
[15:53:40] [INFO] [Additionalmshookl] [INFO] CustomItem_1008416: 共修改/移除了 0 个现有 Modifier，添加了 0 个新的 Modifier。
[15:53:40] [INFO] [Additionalmshookl] [INFO] 开始应用防具属性配置
[15:53:40] [INFO] [Additionalmshookl] [INFO] 防具属性配置应用完成
[15:53:40] [INFO] [Additionalmshookl] [INFO] 物品 冲锋枪消音器-均衡 没有配置插槽设置，跳过插槽设置
[15:53:40] [INFO] [Additionalmshookl] [INFO] [原物品Buff分析] 开始分析物品 冲锋枪消音器-均衡 (原始ID: 776) 的原生Buff效果
[15:53:40] [INFO] [Additionalmshookl] [INFO] [原物品Buff分析] 物品上有 1 个UsageBehavior组件:
[15:53:40] [INFO] [Additionalmshookl] [INFO]   [0] FoodDrink
[15:53:40] [INFO] [Additionalmshookl] [INFO]       -> 类型: FoodDrink (非AddBuff)
[15:53:40] [INFO] [Additionalmshookl] [INFO] 物品 冲锋枪消音器-均衡 没有配置Buff持续时间，跳过修改
[15:53:40] [INFO] [Additionalmshookl] [INFO] [CreateCustomItem] 完成设置物品属性 for 冲锋枪消音器-均衡
[15:53:40] [INFO] [Additionalmshookl] [INFO] [CreateCustomItem] 开始设置本地化文本 for 冲锋枪消音器-均衡
[15:53:40] [INFO] [Additionalmshookl] [INFO] 设置物品 冲锋枪消音器-均衡 描述键: 1008416_Desc
[15:53:40] [INFO] [Additionalmshookl] [INFO] [CreateCustomItem] 完成设置本地化文本 for 冲锋枪消音器-均衡
[15:53:40] [INFO] [Additionalmshookl] [INFO] [CreateCustomItem] 开始设置图标 for 冲锋枪消音器-均衡
[15:53:40] [INFO] [Additionalmshookl] [INFO] 从模块文件夹加载图标: D:\SteamLibrary\steamapps\workshop\content\3167020\3661816441\icons\冲锋枪消音器-均衡.png
[15:53:40] [INFO] [Additionalmshookl] [INFO] 加载UI图标成功: 冲锋枪消音器-均衡.png
[15:53:40] [INFO] [Additionalmshookl] [INFO] [CreateCustomItem] 完成设置图标 for 冲锋枪消音器-均衡
[15:53:40] [INFO] [Additionalmshookl] [INFO] [CreateCustomItem] 完成设置世界模型贴图 for 冲锋枪消音器-均衡
[15:53:40] [INFO] [Additionalmshookl] [INFO] [CreateCustomItem] 开始注册物品 for 冲锋枪消音器-均衡
[15:53:40] [INFO] [Additionalmshookl] [INFO] 物品注册成功: 1008416 (ID: 1008416)
[15:53:40] [INFO] [Additionalmshookl] [INFO] [CreateCustomItem] 完成注册物品 for 冲锋枪消音器-均衡
[15:53:40] [INFO] [Additionalmshookl] [INFO] [CreateCustomItem] 准备调用SetupAdditionalSlots for 冲锋枪消音器-均衡
[15:53:40] [INFO] [Additionalmshookl] [INFO] [SetupAdditionalSlots] 开始处理物品 冲锋枪消音器-均衡 的配件槽配置
[15:53:40] [INFO] [Additionalmshookl] [INFO] [SetupAdditionalSlots] AdditionalSlotTags: 
[15:53:40] [INFO] [Additionalmshookl] [INFO] [SetupAdditionalSlots] AdditionalSlotCount: 0
[15:53:40] [INFO] [Additionalmshookl] [INFO] [SetupAdditionalSlots] ReplaceExistingSlots: False
[15:53:40] [INFO] [Additionalmshookl] [INFO] 物品 冲锋枪消音器-均衡 配件槽配置无效或未设置，跳过配件槽添加
[15:53:40] [INFO] [Additionalmshookl] [INFO] [CreateCustomItem] 准备调用SetupDecomposeFormula for 冲锋枪消音器-均衡
[15:53:40] [INFO] [Additionalmshookl] [INFO] [SetupDecomposeFormula] 开始处理物品 冲锋枪消音器-均衡 的分解配方，EnableDecompose: False
[15:53:40] [INFO] [Additionalmshookl] [INFO] [CreateCustomItem] 完成所有方法调用 for 冲锋枪消音器-均衡
[15:53:40] [INFO] [Additionalmshookl] [INFO] [CreateCustomItem] CreateCustomItem方法成功完成 for 冲锋枪消音器-均衡
[15:53:40] [INFO] [Additionalmshookl] [INFO] [MShook-DEBUG] CreateCustomItem方法调用完成
[15:53:40] [INFO] [Additionalmshookl] [INFO] 成功处理配置: 冲锋枪消音器-均衡 (ID: 1008416) 来自 1008416_冲锋枪消音器-均衡.json
[15:53:40] [INFO] [Additionalmshookl] [INFO] 配置文件 1008417_手枪消音器-均衡.json 中设置的NewItemId: 1008417
[15:53:40] [INFO] [Additionalmshookl] [INFO] [MShook-DEBUG] 正在处理配置: 1008417_手枪消音器-均衡.json 中的物品 手枪消音器-均衡
[15:53:40] [INFO] [Additionalmshookl] [INFO] [MShook-DEBUG] 即将调用CreateCustomItem方法
[15:53:40] [INFO] [Additionalmshookl] [INFO] ========== CreateCustomItem 开始处理物品: 手枪消音器-均衡 ==========
[15:53:40] [INFO] [Additionalmshookl] [INFO] 配置原始ID: 776, 新ID: 1008417
[15:53:40] [INFO] [Additionalmshookl] [INFO] 开始处理物品: 手枪消音器-均衡，原始ID: 776，配置的新ID: 1008417
[15:53:40] [INFO] [Additionalmshookl] [INFO] 为物品 手枪消音器-均衡 生成的唯一键: 580276326
[15:53:40] [INFO] [Additionalmshookl] [INFO] 为物品 手枪消音器-均衡 使用已保存的ID: 1008417
[15:53:40] [INFO] [Additionalmshookl] [INFO] 将ID 1008417 添加到已使用列表
[15:53:40] [INFO] [Additionalmshookl] [INFO] [CreateCustomItem] 开始设置物品属性 for 手枪消音器-均衡
[15:53:40] [INFO] [Additionalmshookl] [INFO] [SetItemProperties] 开始设置物品 手枪消音器-均衡 的基本属性
[15:53:40] [INFO] [Additionalmshookl] [INFO] 成功设置字段 typeID = 1008417 (类型: Item)
[15:53:40] [INFO] [Additionalmshookl] [INFO] 成功设置字段 weight = 0.5 (类型: Item)
[15:53:40] [INFO] [Additionalmshookl] [INFO] 成功设置字段 value = 2200 (类型: Item)
[15:53:40] [INFO] [Additionalmshookl] [INFO] 成功设置字段 displayName = 1008417 (类型: Item)
[15:53:40] [INFO] [Additionalmshookl] [INFO] 成功设置字段 quality = 4 (类型: Item)
[15:53:40] [INFO] [Additionalmshookl] [INFO] 成功设置字段 order = 0 (类型: Item)
[15:53:40] [INFO] [Additionalmshookl] [INFO] [SetItemProperties] 完成基本属性设置，开始处理Tags
[15:53:40] [INFO] [Additionalmshookl] [INFO] [SetItemProperties] 检测到Tags配置，数量: 3
[15:53:40] [INFO] [Additionalmshookl] [INFO] 物品 手枪消音器-均衡 的所有标签: Accessory, Muzzle, GunType_PST
[15:53:40] [INFO] [Additionalmshookl] [INFO] [TagUtils-DEBUG] 开始处理标签: Accessory
[15:53:40] [INFO] [TagUtils] ===== GetOrCreateTag方法被调用 =====
[15:53:40] [INFO] [TagUtils] 参数: tagName='Accessory', displayName=''
[15:53:40] [INFO] [TagUtils] FindExistingTag 查找: Accessory
[15:53:40] [INFO] [TagUtils] 找到 134 个Tag对象，开始查找: Accessory
[15:53:40] [INFO] [TagUtils] 通过属性找到匹配的Tag: Accessory
[15:53:40] [INFO] [TagUtils] 找到现有Tag: Accessory
[15:53:40] [INFO] [Additionalmshookl] [INFO] [TagUtils-DEBUG] 标签 Accessory 创建成功: Tag
[15:53:40] [INFO] [Additionalmshookl] [ERROR] 无法获取Tags列表
[15:53:40] [INFO] [Additionalmshookl] [INFO] [TagUtils-DEBUG] 开始处理标签: Muzzle
[15:53:40] [INFO] [TagUtils] ===== GetOrCreateTag方法被调用 =====
[15:53:40] [INFO] [TagUtils] 参数: tagName='Muzzle', displayName=''
[15:53:40] [INFO] [TagUtils] FindExistingTag 查找: Muzzle
[15:53:40] [INFO] [TagUtils] 找到 134 个Tag对象，开始查找: Muzzle
[15:53:40] [INFO] [TagUtils] 通过属性找到匹配的Tag: Muzzle
[15:53:40] [INFO] [TagUtils] 找到现有Tag: Muzzle
[15:53:40] [INFO] [Additionalmshookl] [INFO] [TagUtils-DEBUG] 标签 Muzzle 创建成功: Tag
[15:53:40] [INFO] [Additionalmshookl] [ERROR] 无法获取Tags列表
[15:53:40] [INFO] [Additionalmshookl] [INFO] [TagUtils-DEBUG] 开始处理标签: GunType_PST
[15:53:40] [INFO] [TagUtils] ===== GetOrCreateTag方法被调用 =====
[15:53:40] [INFO] [TagUtils] 参数: tagName='GunType_PST', displayName=''
[15:53:40] [INFO] [TagUtils] FindExistingTag 查找: GunType_PST
[15:53:40] [INFO] [TagUtils] 找到 134 个Tag对象，开始查找: GunType_PST
[15:53:40] [INFO] [TagUtils] 通过属性找到匹配的Tag: GunType_PST
[15:53:40] [INFO] [TagUtils] 找到现有Tag: GunType_PST
[15:53:40] [INFO] [Additionalmshookl] [INFO] [TagUtils-DEBUG] 标签 GunType_PST 创建成功: Tag
[15:53:40] [INFO] [Additionalmshookl] [ERROR] 无法获取Tags列表
[15:53:40] [INFO] [Additionalmshookl] [INFO] 为物品 手枪消音器-均衡 添加FoodDrink组件
[15:53:40] [INFO] [Additionalmshookl] [INFO] 物品 手枪消音器-均衡 能量值: 0, 口渴值: 0
[15:53:40] [INFO] [Additionalmshookl] [INFO] 正在为 CustomItem_1008417 配置 Modifiers...
[15:53:40] [INFO] [Additionalmshookl] [INFO] 成功设置字段 value = 0 (类型: ModifierDescription)
[15:53:40] [INFO] [Additionalmshookl] [INFO] 成功设置字段 display = False (类型: ModifierDescription)
[15:53:40] [INFO] [Additionalmshookl] [INFO]   - Modifier 'SoundRange' (原值: -0.5) 已被移除 (未在配置中指定)。
[15:53:40] [INFO] [Additionalmshookl] [INFO] 成功设置字段 value = 0 (类型: ModifierDescription)
[15:53:40] [INFO] [Additionalmshookl] [INFO] 成功设置字段 display = False (类型: ModifierDescription)
[15:53:40] [INFO] [Additionalmshookl] [INFO]   - Modifier 'ScatterFactor' (原值: -0.13) 已被移除 (未在配置中指定)。
[15:53:40] [INFO] [Additionalmshookl] [INFO] 成功设置字段 value = 0 (类型: ModifierDescription)
[15:53:40] [INFO] [Additionalmshookl] [INFO] 成功设置字段 display = False (类型: ModifierDescription)
[15:53:40] [INFO] [Additionalmshookl] [INFO]   - Modifier 'ScatterFactorADS' (原值: -0.13) 已被移除 (未在配置中指定)。
[15:53:40] [INFO] [Additionalmshookl] [INFO] 成功设置字段 value = 0 (类型: ModifierDescription)
[15:53:40] [INFO] [Additionalmshookl] [INFO] 成功设置字段 display = False (类型: ModifierDescription)
[15:53:40] [INFO] [Additionalmshookl] [INFO]   - Modifier 'MoveSpeedMultiplier' (原值: -0.08) 已被移除 (未在配置中指定)。
[15:53:40] [INFO] [Additionalmshookl] [INFO] CustomItem_1008417: 共修改/移除了 0 个现有 Modifier，添加了 0 个新的 Modifier。
[15:53:40] [INFO] [Additionalmshookl] [INFO] 开始应用防具属性配置
[15:53:40] [INFO] [Additionalmshookl] [INFO] 防具属性配置应用完成
[15:53:40] [INFO] [Additionalmshookl] [INFO] 物品 手枪消音器-均衡 没有配置插槽设置，跳过插槽设置
[15:53:40] [INFO] [Additionalmshookl] [INFO] [原物品Buff分析] 开始分析物品 手枪消音器-均衡 (原始ID: 776) 的原生Buff效果
[15:53:40] [INFO] [Additionalmshookl] [INFO] [原物品Buff分析] 物品上有 1 个UsageBehavior组件:
[15:53:40] [INFO] [Additionalmshookl] [INFO]   [0] FoodDrink
[15:53:40] [INFO] [Additionalmshookl] [INFO]       -> 类型: FoodDrink (非AddBuff)
[15:53:40] [INFO] [Additionalmshookl] [INFO] 物品 手枪消音器-均衡 没有配置Buff持续时间，跳过修改
[15:53:40] [INFO] [Additionalmshookl] [INFO] [CreateCustomItem] 完成设置物品属性 for 手枪消音器-均衡
[15:53:40] [INFO] [Additionalmshookl] [INFO] [CreateCustomItem] 开始设置本地化文本 for 手枪消音器-均衡
[15:53:40] [INFO] [Additionalmshookl] [INFO] 设置物品 手枪消音器-均衡 描述键: 1008417_Desc
[15:53:40] [INFO] [Additionalmshookl] [INFO] [CreateCustomItem] 完成设置本地化文本 for 手枪消音器-均衡
[15:53:40] [INFO] [Additionalmshookl] [INFO] [CreateCustomItem] 开始设置图标 for 手枪消音器-均衡
[15:53:40] [INFO] [Additionalmshookl] [INFO] 从模块文件夹加载图标: D:\SteamLibrary\steamapps\workshop\content\3167020\3661816441\icons\手枪消音器-均衡.png
[15:53:40] [INFO] [Additionalmshookl] [INFO] 加载UI图标成功: 手枪消音器-均衡.png
[15:53:40] [INFO] [Additionalmshookl] [INFO] [CreateCustomItem] 完成设置图标 for 手枪消音器-均衡
[15:53:40] [INFO] [Additionalmshookl] [INFO] [CreateCustomItem] 完成设置世界模型贴图 for 手枪消音器-均衡
[15:53:40] [INFO] [Additionalmshookl] [INFO] [CreateCustomItem] 开始注册物品 for 手枪消音器-均衡
[15:53:40] [INFO] [Additionalmshookl] [INFO] 物品注册成功: 1008417 (ID: 1008417)
[15:53:40] [INFO] [Additionalmshookl] [INFO] [CreateCustomItem] 完成注册物品 for 手枪消音器-均衡
[15:53:40] [INFO] [Additionalmshookl] [INFO] [CreateCustomItem] 准备调用SetupAdditionalSlots for 手枪消音器-均衡
[15:53:40] [INFO] [Additionalmshookl] [INFO] [SetupAdditionalSlots] 开始处理物品 手枪消音器-均衡 的配件槽配置
[15:53:40] [INFO] [Additionalmshookl] [INFO] [SetupAdditionalSlots] AdditionalSlotTags: 
[15:53:40] [INFO] [Additionalmshookl] [INFO] [SetupAdditionalSlots] AdditionalSlotCount: 0
[15:53:40] [INFO] [Additionalmshookl] [INFO] [SetupAdditionalSlots] ReplaceExistingSlots: False
[15:53:40] [INFO] [Additionalmshookl] [INFO] 物品 手枪消音器-均衡 配件槽配置无效或未设置，跳过配件槽添加
[15:53:40] [INFO] [Additionalmshookl] [INFO] [CreateCustomItem] 准备调用SetupDecomposeFormula for 手枪消音器-均衡
[15:53:40] [INFO] [Additionalmshookl] [INFO] [SetupDecomposeFormula] 开始处理物品 手枪消音器-均衡 的分解配方，EnableDecompose: False
[15:53:40] [INFO] [Additionalmshookl] [INFO] [CreateCustomItem] 完成所有方法调用 for 手枪消音器-均衡
[15:53:40] [INFO] [Additionalmshookl] [INFO] [CreateCustomItem] CreateCustomItem方法成功完成 for 手枪消音器-均衡
[15:53:40] [INFO] [Additionalmshookl] [INFO] [MShook-DEBUG] CreateCustomItem方法调用完成
[15:53:40] [INFO] [Additionalmshookl] [INFO] 成功处理配置: 手枪消音器-均衡 (ID: 1008417) 来自 1008417_手枪消音器-均衡.json
[15:53:40] [INFO] [Additionalmshookl] [INFO] 配置文件 1008418_步枪消音器-均衡.json 中设置的NewItemId: 1008418
[15:53:40] [INFO] [Additionalmshookl] [INFO] [MShook-DEBUG] 正在处理配置: 1008418_步枪消音器-均衡.json 中的物品 步枪消音器-均衡
[15:53:40] [INFO] [Additionalmshookl] [INFO] [MShook-DEBUG] 即将调用CreateCustomItem方法
[15:53:40] [INFO] [Additionalmshookl] [INFO] ========== CreateCustomItem 开始处理物品: 步枪消音器-均衡 ==========
[15:53:40] [INFO] [Additionalmshookl] [INFO] 配置原始ID: 482, 新ID: 1008418
[15:53:40] [INFO] [Additionalmshookl] [INFO] 开始处理物品: 步枪消音器-均衡，原始ID: 482，配置的新ID: 1008418
[15:53:40] [INFO] [Additionalmshookl] [INFO] 为物品 步枪消音器-均衡 生成的唯一键: 1268574579
[15:53:40] [INFO] [Additionalmshookl] [INFO] 为物品 步枪消音器-均衡 使用已保存的ID: 1008418
[15:53:40] [INFO] [Additionalmshookl] [INFO] 将ID 1008418 添加到已使用列表
[15:53:40] [INFO] [Additionalmshookl] [INFO] [CreateCustomItem] 开始设置物品属性 for 步枪消音器-均衡
[15:53:40] [INFO] [Additionalmshookl] [INFO] [SetItemProperties] 开始设置物品 步枪消音器-均衡 的基本属性
[15:53:40] [INFO] [Additionalmshookl] [INFO] 成功设置字段 typeID = 1008418 (类型: Item)
[15:53:40] [INFO] [Additionalmshookl] [INFO] 成功设置字段 weight = 0.8 (类型: Item)
[15:53:40] [INFO] [Additionalmshookl] [INFO] 成功设置字段 value = 2800 (类型: Item)
[15:53:40] [INFO] [Additionalmshookl] [INFO] 成功设置字段 displayName = 1008418 (类型: Item)
[15:53:40] [INFO] [Additionalmshookl] [INFO] 成功设置字段 quality = 4 (类型: Item)
[15:53:40] [INFO] [Additionalmshookl] [INFO] 成功设置字段 order = 0 (类型: Item)
[15:53:40] [INFO] [Additionalmshookl] [INFO] [SetItemProperties] 完成基本属性设置，开始处理Tags
[15:53:40] [INFO] [Additionalmshookl] [INFO] [SetItemProperties] 检测到Tags配置，数量: 3
[15:53:40] [INFO] [Additionalmshookl] [INFO] 物品 步枪消音器-均衡 的所有标签: Accessory, Muzzle, GunType_AR
[15:53:40] [INFO] [Additionalmshookl] [INFO] [TagUtils-DEBUG] 开始处理标签: Accessory
[15:53:40] [INFO] [TagUtils] ===== GetOrCreateTag方法被调用 =====
[15:53:40] [INFO] [TagUtils] 参数: tagName='Accessory', displayName=''
[15:53:40] [INFO] [TagUtils] FindExistingTag 查找: Accessory
[15:53:40] [INFO] [TagUtils] 找到 134 个Tag对象，开始查找: Accessory
[15:53:40] [INFO] [TagUtils] 通过属性找到匹配的Tag: Accessory
[15:53:40] [INFO] [TagUtils] 找到现有Tag: Accessory
[15:53:40] [INFO] [Additionalmshookl] [INFO] [TagUtils-DEBUG] 标签 Accessory 创建成功: Tag
[15:53:40] [INFO] [Additionalmshookl] [ERROR] 无法获取Tags列表
[15:53:40] [INFO] [Additionalmshookl] [INFO] [TagUtils-DEBUG] 开始处理标签: Muzzle
[15:53:40] [INFO] [TagUtils] ===== GetOrCreateTag方法被调用 =====
[15:53:40] [INFO] [TagUtils] 参数: tagName='Muzzle', displayName=''
[15:53:40] [INFO] [TagUtils] FindExistingTag 查找: Muzzle
[15:53:40] [INFO] [TagUtils] 找到 134 个Tag对象，开始查找: Muzzle
[15:53:40] [INFO] [TagUtils] 通过属性找到匹配的Tag: Muzzle
[15:53:40] [INFO] [TagUtils] 找到现有Tag: Muzzle
[15:53:40] [INFO] [Additionalmshookl] [INFO] [TagUtils-DEBUG] 标签 Muzzle 创建成功: Tag
[15:53:40] [INFO] [Additionalmshookl] [ERROR] 无法获取Tags列表
[15:53:40] [INFO] [Additionalmshookl] [INFO] [TagUtils-DEBUG] 开始处理标签: GunType_AR
[15:53:40] [INFO] [TagUtils] ===== GetOrCreateTag方法被调用 =====
[15:53:40] [INFO] [TagUtils] 参数: tagName='GunType_AR', displayName=''
[15:53:40] [INFO] [TagUtils] FindExistingTag 查找: GunType_AR
[15:53:40] [INFO] [TagUtils] 找到 134 个Tag对象，开始查找: GunType_AR
[15:53:40] [INFO] [TagUtils] 通过属性找到匹配的Tag: GunType_AR
[15:53:40] [INFO] [TagUtils] 找到现有Tag: GunType_AR
[15:53:40] [INFO] [Additionalmshookl] [INFO] [TagUtils-DEBUG] 标签 GunType_AR 创建成功: Tag
[15:53:40] [INFO] [Additionalmshookl] [ERROR] 无法获取Tags列表
[15:53:40] [INFO] [Additionalmshookl] [INFO] 为物品 步枪消音器-均衡 添加FoodDrink组件
[15:53:40] [INFO] [Additionalmshookl] [INFO] 物品 步枪消音器-均衡 能量值: 0, 口渴值: 0
[15:53:40] [INFO] [Additionalmshookl] [INFO] 正在为 CustomItem_1008418 配置 Modifiers...
[15:53:40] [INFO] [Additionalmshookl] [INFO] 成功设置字段 value = 0 (类型: ModifierDescription)
[15:53:40] [INFO] [Additionalmshookl] [INFO] 成功设置字段 display = False (类型: ModifierDescription)
[15:53:40] [INFO] [Additionalmshookl] [INFO]   - Modifier 'SoundRange' (原值: -0.75) 已被移除 (未在配置中指定)。
[15:53:40] [INFO] [Additionalmshookl] [INFO] 成功设置字段 value = 0 (类型: ModifierDescription)
[15:53:40] [INFO] [Additionalmshookl] [INFO] 成功设置字段 display = False (类型: ModifierDescription)
[15:53:40] [INFO] [Additionalmshookl] [INFO]   - Modifier 'BulletDistance' (原值: -0.1) 已被移除 (未在配置中指定)。
[15:53:40] [INFO] [Additionalmshookl] [INFO] 成功设置字段 value = 0 (类型: ModifierDescription)
[15:53:40] [INFO] [Additionalmshookl] [INFO] 成功设置字段 display = False (类型: ModifierDescription)
[15:53:40] [INFO] [Additionalmshookl] [INFO]   - Modifier 'BulletSpeed' (原值: -0.1) 已被移除 (未在配置中指定)。
[15:53:40] [INFO] [Additionalmshookl] [INFO] CustomItem_1008418: 共修改/移除了 0 个现有 Modifier，添加了 0 个新的 Modifier。
[15:53:40] [INFO] [Additionalmshookl] [INFO] 开始应用防具属性配置
[15:53:40] [INFO] [Additionalmshookl] [INFO] 防具属性配置应用完成
[15:53:40] [INFO] [Additionalmshookl] [INFO] 物品 步枪消音器-均衡 没有配置插槽设置，跳过插槽设置
[15:53:40] [INFO] [Additionalmshookl] [INFO] [原物品Buff分析] 开始分析物品 步枪消音器-均衡 (原始ID: 482) 的原生Buff效果
[15:53:40] [INFO] [Additionalmshookl] [INFO] [原物品Buff分析] 物品上有 1 个UsageBehavior组件:
[15:53:40] [INFO] [Additionalmshookl] [INFO]   [0] FoodDrink
[15:53:40] [INFO] [Additionalmshookl] [INFO]       -> 类型: FoodDrink (非AddBuff)
[15:53:40] [INFO] [Additionalmshookl] [INFO] 物品 步枪消音器-均衡 没有配置Buff持续时间，跳过修改
[15:53:40] [INFO] [Additionalmshookl] [INFO] [CreateCustomItem] 完成设置物品属性 for 步枪消音器-均衡
[15:53:40] [INFO] [Additionalmshookl] [INFO] [CreateCustomItem] 开始设置本地化文本 for 步枪消音器-均衡
[15:53:40] [INFO] [Additionalmshookl] [INFO] 设置物品 步枪消音器-均衡 描述键: 1008418_Desc
[15:53:40] [INFO] [Additionalmshookl] [INFO] [CreateCustomItem] 完成设置本地化文本 for 步枪消音器-均衡
[15:53:40] [INFO] [Additionalmshookl] [INFO] [CreateCustomItem] 开始设置图标 for 步枪消音器-均衡
[15:53:40] [INFO] [Additionalmshookl] [INFO] 从模块文件夹加载图标: D:\SteamLibrary\steamapps\workshop\content\3167020\3661816441\icons\步枪消音器-均衡.png
[15:53:40] [INFO] [Additionalmshookl] [INFO] 加载UI图标成功: 步枪消音器-均衡.png
[15:53:40] [INFO] [Additionalmshookl] [INFO] [CreateCustomItem] 完成设置图标 for 步枪消音器-均衡
[15:53:40] [INFO] [Additionalmshookl] [INFO] [CreateCustomItem] 完成设置世界模型贴图 for 步枪消音器-均衡
[15:53:40] [INFO] [Additionalmshookl] [INFO] [CreateCustomItem] 开始注册物品 for 步枪消音器-均衡
[15:53:40] [INFO] [Additionalmshookl] [INFO] 物品注册成功: 1008418 (ID: 1008418)
[15:53:40] [INFO] [Additionalmshookl] [INFO] [CreateCustomItem] 完成注册物品 for 步枪消音器-均衡
[15:53:40] [INFO] [Additionalmshookl] [INFO] [CreateCustomItem] 准备调用SetupAdditionalSlots for 步枪消音器-均衡
[15:53:40] [INFO] [Additionalmshookl] [INFO] [SetupAdditionalSlots] 开始处理物品 步枪消音器-均衡 的配件槽配置
[15:53:40] [INFO] [Additionalmshookl] [INFO] [SetupAdditionalSlots] AdditionalSlotTags: 
[15:53:40] [INFO] [Additionalmshookl] [INFO] [SetupAdditionalSlots] AdditionalSlotCount: 0
[15:53:40] [INFO] [Additionalmshookl] [INFO] [SetupAdditionalSlots] ReplaceExistingSlots: False
[15:53:40] [INFO] [Additionalmshookl] [INFO] 物品 步枪消音器-均衡 配件槽配置无效或未设置，跳过配件槽添加
[15:53:40] [INFO] [Additionalmshookl] [INFO] [CreateCustomItem] 准备调用SetupDecomposeFormula for 步枪消音器-均衡
[15:53:40] [INFO] [Additionalmshookl] [INFO] [SetupDecomposeFormula] 开始处理物品 步枪消音器-均衡 的分解配方，EnableDecompose: False
[15:53:40] [INFO] [Additionalmshookl] [INFO] [CreateCustomItem] 完成所有方法调用 for 步枪消音器-均衡
[15:53:40] [INFO] [Additionalmshookl] [INFO] [CreateCustomItem] CreateCustomItem方法成功完成 for 步枪消音器-均衡
[15:53:40] [INFO] [Additionalmshookl] [INFO] [MShook-DEBUG] CreateCustomItem方法调用完成
[15:53:40] [INFO] [Additionalmshookl] [INFO] 成功处理配置: 步枪消音器-均衡 (ID: 1008418) 来自 1008418_步枪消音器-均衡.json
[15:53:40] [INFO] [Additionalmshookl] [INFO] 配置文件 1008419_狙击枪消音器-均衡.json 中设置的NewItemId: 1008418
[15:53:40] [INFO] [Additionalmshookl] [INFO] [MShook-DEBUG] 正在处理配置: 1008419_狙击枪消音器-均衡.json 中的物品 狙击枪消音器-均衡
[15:53:40] [INFO] [Additionalmshookl] [INFO] [MShook-DEBUG] 即将调用CreateCustomItem方法
[15:53:40] [INFO] [Additionalmshookl] [INFO] ========== CreateCustomItem 开始处理物品: 狙击枪消音器-均衡 ==========
[15:53:40] [INFO] [Additionalmshookl] [INFO] 配置原始ID: 490, 新ID: 1008418
[15:53:40] [INFO] [Additionalmshookl] [INFO] 开始处理物品: 狙击枪消音器-均衡，原始ID: 490，配置的新ID: 1008418
[15:53:40] [INFO] [Additionalmshookl] [INFO] 为物品 狙击枪消音器-均衡 生成的唯一键: 263774627
[15:53:40] [INFO] [Additionalmshookl] [INFO] 为物品 狙击枪消音器-均衡 使用已保存的ID: 1008419
[15:53:40] [INFO] [Additionalmshookl] [INFO] 将ID 1008419 添加到已使用列表
[15:53:40] [INFO] [Additionalmshookl] [INFO] [CreateCustomItem] 开始设置物品属性 for 狙击枪消音器-均衡
[15:53:40] [INFO] [Additionalmshookl] [INFO] [SetItemProperties] 开始设置物品 狙击枪消音器-均衡 的基本属性
[15:53:40] [INFO] [Additionalmshookl] [INFO] 成功设置字段 typeID = 1008419 (类型: Item)
[15:53:40] [INFO] [Additionalmshookl] [INFO] 成功设置字段 weight = 1.5 (类型: Item)
[15:53:40] [INFO] [Additionalmshookl] [INFO] 成功设置字段 value = 3000 (类型: Item)
[15:53:40] [INFO] [Additionalmshookl] [INFO] 成功设置字段 displayName = 1008419 (类型: Item)
[15:53:40] [INFO] [Additionalmshookl] [INFO] 成功设置字段 quality = 4 (类型: Item)
[15:53:40] [INFO] [Additionalmshookl] [INFO] 成功设置字段 order = 0 (类型: Item)
[15:53:40] [INFO] [Additionalmshookl] [INFO] [SetItemProperties] 完成基本属性设置，开始处理Tags
[15:53:40] [INFO] [Additionalmshookl] [INFO] [SetItemProperties] 检测到Tags配置，数量: 3
[15:53:40] [INFO] [Additionalmshookl] [INFO] 物品 狙击枪消音器-均衡 的所有标签: Accessory, Muzzle, GunType_SNP
[15:53:40] [INFO] [Additionalmshookl] [INFO] [TagUtils-DEBUG] 开始处理标签: Accessory
[15:53:40] [INFO] [TagUtils] ===== GetOrCreateTag方法被调用 =====
[15:53:40] [INFO] [TagUtils] 参数: tagName='Accessory', displayName=''
[15:53:40] [INFO] [TagUtils] FindExistingTag 查找: Accessory
[15:53:40] [INFO] [TagUtils] 找到 134 个Tag对象，开始查找: Accessory
[15:53:40] [INFO] [TagUtils] 通过属性找到匹配的Tag: Accessory
[15:53:40] [INFO] [TagUtils] 找到现有Tag: Accessory
[15:53:40] [INFO] [Additionalmshookl] [INFO] [TagUtils-DEBUG] 标签 Accessory 创建成功: Tag
[15:53:40] [INFO] [Additionalmshookl] [ERROR] 无法获取Tags列表
[15:53:40] [INFO] [Additionalmshookl] [INFO] [TagUtils-DEBUG] 开始处理标签: Muzzle
[15:53:40] [INFO] [TagUtils] ===== GetOrCreateTag方法被调用 =====
[15:53:40] [INFO] [TagUtils] 参数: tagName='Muzzle', displayName=''
[15:53:40] [INFO] [TagUtils] FindExistingTag 查找: Muzzle
[15:53:40] [INFO] [TagUtils] 找到 134 个Tag对象，开始查找: Muzzle
[15:53:40] [INFO] [TagUtils] 通过属性找到匹配的Tag: Muzzle
[15:53:40] [INFO] [TagUtils] 找到现有Tag: Muzzle
[15:53:40] [INFO] [Additionalmshookl] [INFO] [TagUtils-DEBUG] 标签 Muzzle 创建成功: Tag
[15:53:40] [INFO] [Additionalmshookl] [ERROR] 无法获取Tags列表
[15:53:40] [INFO] [Additionalmshookl] [INFO] [TagUtils-DEBUG] 开始处理标签: GunType_SNP
[15:53:40] [INFO] [TagUtils] ===== GetOrCreateTag方法被调用 =====
[15:53:40] [INFO] [TagUtils] 参数: tagName='GunType_SNP', displayName=''
[15:53:40] [INFO] [TagUtils] FindExistingTag 查找: GunType_SNP
[15:53:40] [INFO] [TagUtils] 找到 134 个Tag对象，开始查找: GunType_SNP
[15:53:40] [INFO] [TagUtils] 通过属性找到匹配的Tag: GunType_SNP
[15:53:40] [INFO] [TagUtils] 找到现有Tag: GunType_SNP
[15:53:40] [INFO] [Additionalmshookl] [INFO] [TagUtils-DEBUG] 标签 GunType_SNP 创建成功: Tag
[15:53:40] [INFO] [Additionalmshookl] [ERROR] 无法获取Tags列表
[15:53:40] [INFO] [Additionalmshookl] [INFO] 为物品 狙击枪消音器-均衡 添加FoodDrink组件
[15:53:40] [INFO] [Additionalmshookl] [INFO] 物品 狙击枪消音器-均衡 能量值: 0, 口渴值: 0
[15:53:40] [INFO] [Additionalmshookl] [INFO] 正在为 CustomItem_1008419 配置 Modifiers...
[15:53:40] [INFO] [Additionalmshookl] [INFO] 成功设置字段 value = 0 (类型: ModifierDescription)
[15:53:40] [INFO] [Additionalmshookl] [INFO] 成功设置字段 display = False (类型: ModifierDescription)
[15:53:40] [INFO] [Additionalmshookl] [INFO]   - Modifier 'SoundRange' (原值: -0.75) 已被移除 (未在配置中指定)。
[15:53:40] [INFO] [Additionalmshookl] [INFO] 成功设置字段 value = 0 (类型: ModifierDescription)
[15:53:40] [INFO] [Additionalmshookl] [INFO] 成功设置字段 display = False (类型: ModifierDescription)
[15:53:40] [INFO] [Additionalmshookl] [INFO]   - Modifier 'BulletDistance' (原值: -0.1) 已被移除 (未在配置中指定)。
[15:53:40] [INFO] [Additionalmshookl] [INFO] 成功设置字段 value = 0 (类型: ModifierDescription)
[15:53:40] [INFO] [Additionalmshookl] [INFO] 成功设置字段 display = False (类型: ModifierDescription)
[15:53:40] [INFO] [Additionalmshookl] [INFO]   - Modifier 'BulletSpeed' (原值: -0.1) 已被移除 (未在配置中指定)。
[15:53:40] [INFO] [Additionalmshookl] [INFO] CustomItem_1008419: 共修改/移除了 0 个现有 Modifier，添加了 0 个新的 Modifier。
[15:53:40] [INFO] [Additionalmshookl] [INFO] 开始应用防具属性配置
[15:53:40] [INFO] [Additionalmshookl] [INFO] 防具属性配置应用完成
[15:53:40] [INFO] [Additionalmshookl] [INFO] 物品 狙击枪消音器-均衡 没有配置插槽设置，跳过插槽设置
[15:53:40] [INFO] [Additionalmshookl] [INFO] [原物品Buff分析] 开始分析物品 狙击枪消音器-均衡 (原始ID: 490) 的原生Buff效果
[15:53:40] [INFO] [Additionalmshookl] [INFO] [原物品Buff分析] 物品上有 1 个UsageBehavior组件:
[15:53:40] [INFO] [Additionalmshookl] [INFO]   [0] FoodDrink
[15:53:40] [INFO] [Additionalmshookl] [INFO]       -> 类型: FoodDrink (非AddBuff)
[15:53:40] [INFO] [Additionalmshookl] [INFO] 物品 狙击枪消音器-均衡 没有配置Buff持续时间，跳过修改
[15:53:40] [INFO] [Additionalmshookl] [INFO] [CreateCustomItem] 完成设置物品属性 for 狙击枪消音器-均衡
[15:53:40] [INFO] [Additionalmshookl] [INFO] [CreateCustomItem] 开始设置本地化文本 for 狙击枪消音器-均衡
[15:53:40] [INFO] [Additionalmshookl] [INFO] 设置物品 狙击枪消音器-均衡 描述键: 1008419_Desc
[15:53:40] [INFO] [Additionalmshookl] [INFO] [CreateCustomItem] 完成设置本地化文本 for 狙击枪消音器-均衡
[15:53:40] [INFO] [Additionalmshookl] [INFO] [CreateCustomItem] 开始设置图标 for 狙击枪消音器-均衡
[15:53:40] [INFO] [Additionalmshookl] [INFO] 从模块文件夹加载图标: D:\SteamLibrary\steamapps\workshop\content\3167020\3661816441\icons\狙击枪消音器-均衡.png
[15:53:40] [INFO] [Additionalmshookl] [INFO] 加载UI图标成功: 狙击枪消音器-均衡.png
[15:53:40] [INFO] [Additionalmshookl] [INFO] [CreateCustomItem] 完成设置图标 for 狙击枪消音器-均衡
[15:53:40] [INFO] [Additionalmshookl] [INFO] [CreateCustomItem] 完成设置世界模型贴图 for 狙击枪消音器-均衡
[15:53:40] [INFO] [Additionalmshookl] [INFO] [CreateCustomItem] 开始注册物品 for 狙击枪消音器-均衡
[15:53:40] [INFO] [Additionalmshookl] [INFO] 物品注册成功: 1008419 (ID: 1008419)
[15:53:40] [INFO] [Additionalmshookl] [INFO] [CreateCustomItem] 完成注册物品 for 狙击枪消音器-均衡
[15:53:40] [INFO] [Additionalmshookl] [INFO] [CreateCustomItem] 准备调用SetupAdditionalSlots for 狙击枪消音器-均衡
[15:53:40] [INFO] [Additionalmshookl] [INFO] [SetupAdditionalSlots] 开始处理物品 狙击枪消音器-均衡 的配件槽配置
[15:53:40] [INFO] [Additionalmshookl] [INFO] [SetupAdditionalSlots] AdditionalSlotTags: 
[15:53:40] [INFO] [Additionalmshookl] [INFO] [SetupAdditionalSlots] AdditionalSlotCount: 0
[15:53:40] [INFO] [Additionalmshookl] [INFO] [SetupAdditionalSlots] ReplaceExistingSlots: False
[15:53:40] [INFO] [Additionalmshookl] [INFO] 物品 狙击枪消音器-均衡 配件槽配置无效或未设置，跳过配件槽添加
[15:53:40] [INFO] [Additionalmshookl] [INFO] [CreateCustomItem] 准备调用SetupDecomposeFormula for 狙击枪消音器-均衡
[15:53:40] [INFO] [Additionalmshookl] [INFO] [SetupDecomposeFormula] 开始处理物品 狙击枪消音器-均衡 的分解配方，EnableDecompose: False
[15:53:40] [INFO] [Additionalmshookl] [INFO] [CreateCustomItem] 完成所有方法调用 for 狙击枪消音器-均衡
[15:53:40] [INFO] [Additionalmshookl] [INFO] [CreateCustomItem] CreateCustomItem方法成功完成 for 狙击枪消音器-均衡
[15:53:40] [INFO] [Additionalmshookl] [INFO] [MShook-DEBUG] CreateCustomItem方法调用完成
[15:53:40] [INFO] [Additionalmshookl] [INFO] 成功处理配置: 狙击枪消音器-均衡 (ID: 1008418) 来自 1008419_狙击枪消音器-均衡.json
[15:53:40] [INFO] [Additionalmshookl] [INFO] 配置文件 1008420_平衡握把II.json 中设置的NewItemId: 1008420
[15:53:40] [INFO] [Additionalmshookl] [INFO] [MShook-DEBUG] 正在处理配置: 1008420_平衡握把II.json 中的物品 平衡握把II
[15:53:40] [INFO] [Additionalmshookl] [INFO] [MShook-DEBUG] 即将调用CreateCustomItem方法
[15:53:40] [INFO] [Additionalmshookl] [INFO] ========== CreateCustomItem 开始处理物品: 平衡握把II ==========
[15:53:40] [INFO] [Additionalmshookl] [INFO] 配置原始ID: 457, 新ID: 1008420
[15:53:40] [INFO] [Additionalmshookl] [INFO] 开始处理物品: 平衡握把II，原始ID: 457，配置的新ID: 1008420
[15:53:40] [INFO] [Additionalmshookl] [INFO] 为物品 平衡握把II 生成的唯一键: 2141985558
[15:53:40] [INFO] [Additionalmshookl] [INFO] 为物品 平衡握把II 使用已保存的ID: 1008420
[15:53:40] [INFO] [Additionalmshookl] [INFO] 将ID 1008420 添加到已使用列表
[15:53:40] [INFO] [Additionalmshookl] [INFO] [CreateCustomItem] 开始设置物品属性 for 平衡握把II
[15:53:40] [INFO] [Additionalmshookl] [INFO] [SetItemProperties] 开始设置物品 平衡握把II 的基本属性
[15:53:40] [INFO] [Additionalmshookl] [INFO] 成功设置字段 typeID = 1008420 (类型: Item)
[15:53:40] [INFO] [Additionalmshookl] [INFO] 成功设置字段 weight = 0.2 (类型: Item)
[15:53:40] [INFO] [Additionalmshookl] [INFO] 成功设置字段 value = 3600 (类型: Item)
[15:53:40] [INFO] [Additionalmshookl] [INFO] 成功设置字段 displayName = 1008420 (类型: Item)
[15:53:40] [INFO] [Additionalmshookl] [INFO] 成功设置字段 quality = 5 (类型: Item)
[15:53:40] [INFO] [Additionalmshookl] [INFO] 成功设置字段 order = 0 (类型: Item)
[15:53:40] [INFO] [Additionalmshookl] [INFO] [SetItemProperties] 完成基本属性设置，开始处理Tags
[15:53:40] [INFO] [Additionalmshookl] [INFO] [SetItemProperties] 检测到Tags配置，数量: 2
[15:53:40] [INFO] [Additionalmshookl] [INFO] 物品 平衡握把II 的所有标签: Accessory, Grip
[15:53:40] [INFO] [Additionalmshookl] [INFO] [TagUtils-DEBUG] 开始处理标签: Accessory
[15:53:40] [INFO] [TagUtils] ===== GetOrCreateTag方法被调用 =====
[15:53:40] [INFO] [TagUtils] 参数: tagName='Accessory', displayName=''
[15:53:40] [INFO] [TagUtils] FindExistingTag 查找: Accessory
[15:53:40] [INFO] [TagUtils] 找到 134 个Tag对象，开始查找: Accessory
[15:53:40] [INFO] [TagUtils] 通过属性找到匹配的Tag: Accessory
[15:53:40] [INFO] [TagUtils] 找到现有Tag: Accessory
[15:53:40] [INFO] [Additionalmshookl] [INFO] [TagUtils-DEBUG] 标签 Accessory 创建成功: Tag
[15:53:40] [INFO] [Additionalmshookl] [ERROR] 无法获取Tags列表
[15:53:40] [INFO] [Additionalmshookl] [INFO] [TagUtils-DEBUG] 开始处理标签: Grip
[15:53:40] [INFO] [TagUtils] ===== GetOrCreateTag方法被调用 =====
[15:53:40] [INFO] [TagUtils] 参数: tagName='Grip', displayName=''
[15:53:40] [INFO] [TagUtils] FindExistingTag 查找: Grip
[15:53:40] [INFO] [TagUtils] 找到 134 个Tag对象，开始查找: Grip
[15:53:40] [INFO] [TagUtils] 通过属性找到匹配的Tag: Grip
[15:53:40] [INFO] [TagUtils] 找到现有Tag: Grip
[15:53:40] [INFO] [Additionalmshookl] [INFO] [TagUtils-DEBUG] 标签 Grip 创建成功: Tag
[15:53:40] [INFO] [Additionalmshookl] [ERROR] 无法获取Tags列表
[15:53:40] [INFO] [Additionalmshookl] [INFO] 为物品 平衡握把II 添加FoodDrink组件
[15:53:40] [INFO] [Additionalmshookl] [INFO] 物品 平衡握把II 能量值: 0, 口渴值: 0
[15:53:40] [INFO] [Additionalmshookl] [INFO] 正在为 CustomItem_1008420 配置 Modifiers...
[15:53:40] [INFO] [Additionalmshookl] [INFO] 成功设置字段 value = 0 (类型: ModifierDescription)
[15:53:40] [INFO] [Additionalmshookl] [INFO] 成功设置字段 display = False (类型: ModifierDescription)
[15:53:40] [INFO] [Additionalmshookl] [INFO]   - Modifier 'RecoilScaleV' (原值: -0.23) 已被移除 (未在配置中指定)。
[15:53:40] [INFO] [Additionalmshookl] [INFO] 成功设置字段 value = 0 (类型: ModifierDescription)
[15:53:40] [INFO] [Additionalmshookl] [INFO] 成功设置字段 display = False (类型: ModifierDescription)
[15:53:40] [INFO] [Additionalmshookl] [INFO]   - Modifier 'RecoilScaleH' (原值: -0.23) 已被移除 (未在配置中指定)。
[15:53:40] [INFO] [Additionalmshookl] [INFO] CustomItem_1008420: 共修改/移除了 0 个现有 Modifier，添加了 0 个新的 Modifier。
[15:53:40] [INFO] [Additionalmshookl] [INFO] 开始应用防具属性配置
[15:53:40] [INFO] [Additionalmshookl] [INFO] 防具属性配置应用完成
[15:53:40] [INFO] [Additionalmshookl] [INFO] 物品 平衡握把II 没有配置插槽设置，跳过插槽设置
[15:53:40] [INFO] [Additionalmshookl] [INFO] [原物品Buff分析] 开始分析物品 平衡握把II (原始ID: 457) 的原生Buff效果
[15:53:40] [INFO] [Additionalmshookl] [INFO] [原物品Buff分析] 物品上有 1 个UsageBehavior组件:
[15:53:40] [INFO] [Additionalmshookl] [INFO]   [0] FoodDrink
[15:53:40] [INFO] [Additionalmshookl] [INFO]       -> 类型: FoodDrink (非AddBuff)
[15:53:40] [INFO] [Additionalmshookl] [INFO] 物品 平衡握把II 没有配置Buff持续时间，跳过修改
[15:53:40] [INFO] [Additionalmshookl] [INFO] [CreateCustomItem] 完成设置物品属性 for 平衡握把II
[15:53:40] [INFO] [Additionalmshookl] [INFO] [CreateCustomItem] 开始设置本地化文本 for 平衡握把II
[15:53:40] [INFO] [Additionalmshookl] [INFO] 设置物品 平衡握把II 描述键: 1008420_Desc
[15:53:40] [INFO] [Additionalmshookl] [INFO] [CreateCustomItem] 完成设置本地化文本 for 平衡握把II
[15:53:40] [INFO] [Additionalmshookl] [INFO] [CreateCustomItem] 开始设置图标 for 平衡握把II
[15:53:40] [INFO] [Additionalmshookl] [INFO] 从模块文件夹加载图标: D:\SteamLibrary\steamapps\workshop\content\3167020\3661816441\icons\平衡握把II.png
[15:53:40] [INFO] [Additionalmshookl] [INFO] 加载UI图标成功: 平衡握把II.png
[15:53:40] [INFO] [Additionalmshookl] [INFO] [CreateCustomItem] 完成设置图标 for 平衡握把II
[15:53:40] [INFO] [Additionalmshookl] [INFO] [CreateCustomItem] 完成设置世界模型贴图 for 平衡握把II
[15:53:40] [INFO] [Additionalmshookl] [INFO] [CreateCustomItem] 开始注册物品 for 平衡握把II
[15:53:40] [INFO] [Additionalmshookl] [INFO] 物品注册成功: 1008420 (ID: 1008420)
[15:53:40] [INFO] [Additionalmshookl] [INFO] [CreateCustomItem] 完成注册物品 for 平衡握把II
[15:53:40] [INFO] [Additionalmshookl] [INFO] [CreateCustomItem] 准备调用SetupAdditionalSlots for 平衡握把II
[15:53:40] [INFO] [Additionalmshookl] [INFO] [SetupAdditionalSlots] 开始处理物品 平衡握把II 的配件槽配置
[15:53:40] [INFO] [Additionalmshookl] [INFO] [SetupAdditionalSlots] AdditionalSlotTags: 
[15:53:40] [INFO] [Additionalmshookl] [INFO] [SetupAdditionalSlots] AdditionalSlotCount: 0
[15:53:40] [INFO] [Additionalmshookl] [INFO] [SetupAdditionalSlots] ReplaceExistingSlots: False
[15:53:40] [INFO] [Additionalmshookl] [INFO] 物品 平衡握把II 配件槽配置无效或未设置，跳过配件槽添加
[15:53:40] [INFO] [Additionalmshookl] [INFO] [CreateCustomItem] 准备调用SetupDecomposeFormula for 平衡握把II
[15:53:40] [INFO] [Additionalmshookl] [INFO] [SetupDecomposeFormula] 开始处理物品 平衡握把II 的分解配方，EnableDecompose: False
[15:53:40] [INFO] [Additionalmshookl] [INFO] [CreateCustomItem] 完成所有方法调用 for 平衡握把II
[15:53:40] [INFO] [Additionalmshookl] [INFO] [CreateCustomItem] CreateCustomItem方法成功完成 for 平衡握把II
[15:53:40] [INFO] [Additionalmshookl] [INFO] [MShook-DEBUG] CreateCustomItem方法调用完成
[15:53:40] [INFO] [Additionalmshookl] [INFO] 成功处理配置: 平衡握把II (ID: 1008420) 来自 1008420_平衡握把II.json
[15:53:40] [INFO] [Additionalmshookl] [INFO] 配置文件 1008421_手枪消音器-增伤.json 中设置的NewItemId: 1008421
[15:53:40] [INFO] [Additionalmshookl] [INFO] [MShook-DEBUG] 正在处理配置: 1008421_手枪消音器-增伤.json 中的物品 手枪消音器-增伤
[15:53:40] [INFO] [Additionalmshookl] [INFO] [MShook-DEBUG] 即将调用CreateCustomItem方法
[15:53:40] [INFO] [Additionalmshookl] [INFO] ========== CreateCustomItem 开始处理物品: 手枪消音器-增伤 ==========
[15:53:40] [INFO] [Additionalmshookl] [INFO] 配置原始ID: 465, 新ID: 1008421
[15:53:40] [INFO] [Additionalmshookl] [INFO] 开始处理物品: 手枪消音器-增伤，原始ID: 465，配置的新ID: 1008421
[15:53:40] [INFO] [Additionalmshookl] [INFO] 为物品 手枪消音器-增伤 生成的唯一键: 419236588
[15:53:40] [INFO] [Additionalmshookl] [INFO] 为物品 手枪消音器-增伤 使用已保存的ID: 1008421
[15:53:40] [INFO] [Additionalmshookl] [INFO] 将ID 1008421 添加到已使用列表
[15:53:40] [INFO] [Additionalmshookl] [INFO] [CreateCustomItem] 开始设置物品属性 for 手枪消音器-增伤
[15:53:40] [INFO] [Additionalmshookl] [INFO] [SetItemProperties] 开始设置物品 手枪消音器-增伤 的基本属性
[15:53:40] [INFO] [Additionalmshookl] [INFO] 成功设置字段 typeID = 1008421 (类型: Item)
[15:53:40] [INFO] [Additionalmshookl] [INFO] 成功设置字段 weight = 0.3 (类型: Item)
[15:53:40] [INFO] [Additionalmshookl] [INFO] 成功设置字段 value = 6000 (类型: Item)
[15:53:40] [INFO] [Additionalmshookl] [INFO] 成功设置字段 displayName = 1008421 (类型: Item)
[15:53:40] [INFO] [Additionalmshookl] [INFO] 成功设置字段 quality = 5 (类型: Item)
[15:53:40] [INFO] [Additionalmshookl] [INFO] 成功设置字段 order = 0 (类型: Item)
[15:53:40] [INFO] [Additionalmshookl] [INFO] [SetItemProperties] 完成基本属性设置，开始处理Tags
[15:53:40] [INFO] [Additionalmshookl] [INFO] [SetItemProperties] 检测到Tags配置，数量: 3
[15:53:40] [INFO] [Additionalmshookl] [INFO] 物品 手枪消音器-增伤 的所有标签: Accessory, Muzzle, GunType_PST
[15:53:40] [INFO] [Additionalmshookl] [INFO] [TagUtils-DEBUG] 开始处理标签: Accessory
[15:53:40] [INFO] [TagUtils] ===== GetOrCreateTag方法被调用 =====
[15:53:40] [INFO] [TagUtils] 参数: tagName='Accessory', displayName=''
[15:53:40] [INFO] [TagUtils] FindExistingTag 查找: Accessory
[15:53:40] [INFO] [TagUtils] 找到 134 个Tag对象，开始查找: Accessory
[15:53:40] [INFO] [TagUtils] 通过属性找到匹配的Tag: Accessory
[15:53:40] [INFO] [TagUtils] 找到现有Tag: Accessory
[15:53:40] [INFO] [Additionalmshookl] [INFO] [TagUtils-DEBUG] 标签 Accessory 创建成功: Tag
[15:53:40] [INFO] [Additionalmshookl] [ERROR] 无法获取Tags列表
[15:53:40] [INFO] [Additionalmshookl] [INFO] [TagUtils-DEBUG] 开始处理标签: Muzzle
[15:53:40] [INFO] [TagUtils] ===== GetOrCreateTag方法被调用 =====
[15:53:40] [INFO] [TagUtils] 参数: tagName='Muzzle', displayName=''
[15:53:40] [INFO] [TagUtils] FindExistingTag 查找: Muzzle
[15:53:40] [INFO] [TagUtils] 找到 134 个Tag对象，开始查找: Muzzle
[15:53:40] [INFO] [TagUtils] 通过属性找到匹配的Tag: Muzzle
[15:53:40] [INFO] [TagUtils] 找到现有Tag: Muzzle
[15:53:40] [INFO] [Additionalmshookl] [INFO] [TagUtils-DEBUG] 标签 Muzzle 创建成功: Tag
[15:53:40] [INFO] [Additionalmshookl] [ERROR] 无法获取Tags列表
[15:53:40] [INFO] [Additionalmshookl] [INFO] [TagUtils-DEBUG] 开始处理标签: GunType_PST
[15:53:40] [INFO] [TagUtils] ===== GetOrCreateTag方法被调用 =====
[15:53:40] [INFO] [TagUtils] 参数: tagName='GunType_PST', displayName=''
[15:53:40] [INFO] [TagUtils] FindExistingTag 查找: GunType_PST
[15:53:40] [INFO] [TagUtils] 找到 134 个Tag对象，开始查找: GunType_PST
[15:53:40] [INFO] [TagUtils] 通过属性找到匹配的Tag: GunType_PST
[15:53:40] [INFO] [TagUtils] 找到现有Tag: GunType_PST
[15:53:40] [INFO] [Additionalmshookl] [INFO] [TagUtils-DEBUG] 标签 GunType_PST 创建成功: Tag
[15:53:40] [INFO] [Additionalmshookl] [ERROR] 无法获取Tags列表
[15:53:40] [INFO] [Additionalmshookl] [INFO] 为物品 手枪消音器-增伤 添加FoodDrink组件
[15:53:40] [INFO] [Additionalmshookl] [INFO] 物品 手枪消音器-增伤 能量值: 0, 口渴值: 0
[15:53:40] [INFO] [Additionalmshookl] [INFO] 正在为 CustomItem_1008421 配置 Modifiers...
[15:53:40] [INFO] [Additionalmshookl] [INFO] 成功设置字段 value = 0 (类型: ModifierDescription)
[15:53:40] [INFO] [Additionalmshookl] [INFO] 成功设置字段 display = False (类型: ModifierDescription)
[15:53:40] [INFO] [Additionalmshookl] [INFO]   - Modifier 'SoundRange' (原值: -0.75) 已被移除 (未在配置中指定)。
[15:53:40] [INFO] [Additionalmshookl] [INFO] 成功设置字段 value = 0 (类型: ModifierDescription)
[15:53:40] [INFO] [Additionalmshookl] [INFO] 成功设置字段 display = False (类型: ModifierDescription)
[15:53:40] [INFO] [Additionalmshookl] [INFO]   - Modifier 'BulletDistance' (原值: -0.1) 已被移除 (未在配置中指定)。
[15:53:40] [INFO] [Additionalmshookl] [INFO] 成功设置字段 value = 0 (类型: ModifierDescription)
[15:53:40] [INFO] [Additionalmshookl] [INFO] 成功设置字段 display = False (类型: ModifierDescription)
[15:53:40] [INFO] [Additionalmshookl] [INFO]   - Modifier 'BulletSpeed' (原值: -0.1) 已被移除 (未在配置中指定)。
[15:53:40] [INFO] [Additionalmshookl] [INFO] CustomItem_1008421: 共修改/移除了 0 个现有 Modifier，添加了 0 个新的 Modifier。
[15:53:40] [INFO] [Additionalmshookl] [INFO] 开始应用防具属性配置
[15:53:40] [INFO] [Additionalmshookl] [INFO] 防具属性配置应用完成
[15:53:40] [INFO] [Additionalmshookl] [INFO] 物品 手枪消音器-增伤 没有配置插槽设置，跳过插槽设置
[15:53:40] [INFO] [Additionalmshookl] [INFO] [原物品Buff分析] 开始分析物品 手枪消音器-增伤 (原始ID: 465) 的原生Buff效果
[15:53:40] [INFO] [Additionalmshookl] [INFO] [原物品Buff分析] 物品上有 1 个UsageBehavior组件:
[15:53:40] [INFO] [Additionalmshookl] [INFO]   [0] FoodDrink
[15:53:40] [INFO] [Additionalmshookl] [INFO]       -> 类型: FoodDrink (非AddBuff)
[15:53:40] [INFO] [Additionalmshookl] [INFO] 物品 手枪消音器-增伤 没有配置Buff持续时间，跳过修改
[15:53:40] [INFO] [Additionalmshookl] [INFO] [CreateCustomItem] 完成设置物品属性 for 手枪消音器-增伤
[15:53:40] [INFO] [Additionalmshookl] [INFO] [CreateCustomItem] 开始设置本地化文本 for 手枪消音器-增伤
[15:53:40] [INFO] [Additionalmshookl] [INFO] 设置物品 手枪消音器-增伤 描述键: 1008421_Desc
[15:53:40] [INFO] [Additionalmshookl] [INFO] [CreateCustomItem] 完成设置本地化文本 for 手枪消音器-增伤
[15:53:40] [INFO] [Additionalmshookl] [INFO] [CreateCustomItem] 开始设置图标 for 手枪消音器-增伤
[15:53:40] [INFO] [Additionalmshookl] [INFO] 从模块文件夹加载图标: D:\SteamLibrary\steamapps\workshop\content\3167020\3661816441\icons\手枪消音器-增伤.png
[15:53:40] [INFO] [Additionalmshookl] [INFO] 加载UI图标成功: 手枪消音器-增伤.png
[15:53:40] [INFO] [Additionalmshookl] [INFO] [CreateCustomItem] 完成设置图标 for 手枪消音器-增伤
[15:53:40] [INFO] [Additionalmshookl] [INFO] [CreateCustomItem] 完成设置世界模型贴图 for 手枪消音器-增伤
[15:53:40] [INFO] [Additionalmshookl] [INFO] [CreateCustomItem] 开始注册物品 for 手枪消音器-增伤
[15:53:40] [INFO] [Additionalmshookl] [INFO] 物品注册成功: 1008421 (ID: 1008421)
[15:53:40] [INFO] [Additionalmshookl] [INFO] [CreateCustomItem] 完成注册物品 for 手枪消音器-增伤
[15:53:40] [INFO] [Additionalmshookl] [INFO] [CreateCustomItem] 准备调用SetupAdditionalSlots for 手枪消音器-增伤
[15:53:40] [INFO] [Additionalmshookl] [INFO] [SetupAdditionalSlots] 开始处理物品 手枪消音器-增伤 的配件槽配置
[15:53:40] [INFO] [Additionalmshookl] [INFO] [SetupAdditionalSlots] AdditionalSlotTags: 
[15:53:40] [INFO] [Additionalmshookl] [INFO] [SetupAdditionalSlots] AdditionalSlotCount: 0
[15:53:40] [INFO] [Additionalmshookl] [INFO] [SetupAdditionalSlots] ReplaceExistingSlots: False
[15:53:40] [INFO] [Additionalmshookl] [INFO] 物品 手枪消音器-增伤 配件槽配置无效或未设置，跳过配件槽添加
[15:53:40] [INFO] [Additionalmshookl] [INFO] [CreateCustomItem] 准备调用SetupDecomposeFormula for 手枪消音器-增伤
[15:53:40] [INFO] [Additionalmshookl] [INFO] [SetupDecomposeFormula] 开始处理物品 手枪消音器-增伤 的分解配方，EnableDecompose: False
[15:53:40] [INFO] [Additionalmshookl] [INFO] [CreateCustomItem] 完成所有方法调用 for 手枪消音器-增伤
[15:53:40] [INFO] [Additionalmshookl] [INFO] [CreateCustomItem] CreateCustomItem方法成功完成 for 手枪消音器-增伤
[15:53:40] [INFO] [Additionalmshookl] [INFO] [MShook-DEBUG] CreateCustomItem方法调用完成
[15:53:40] [INFO] [Additionalmshookl] [INFO] 成功处理配置: 手枪消音器-增伤 (ID: 1008421) 来自 1008421_手枪消音器-增伤.json
[15:53:40] [INFO] [Additionalmshookl] [INFO] 配置文件 1008422_冲锋枪消音器-增伤.json 中设置的NewItemId: 1008422
[15:53:40] [INFO] [Additionalmshookl] [INFO] [MShook-DEBUG] 正在处理配置: 1008422_冲锋枪消音器-增伤.json 中的物品 冲锋枪消音器-增伤
[15:53:40] [INFO] [Additionalmshookl] [INFO] [MShook-DEBUG] 即将调用CreateCustomItem方法
[15:53:40] [INFO] [Additionalmshookl] [INFO] ========== CreateCustomItem 开始处理物品: 冲锋枪消音器-增伤 ==========
[15:53:40] [INFO] [Additionalmshookl] [INFO] 配置原始ID: 776, 新ID: 1008422
[15:53:40] [INFO] [Additionalmshookl] [INFO] 开始处理物品: 冲锋枪消音器-增伤，原始ID: 776，配置的新ID: 1008422
[15:53:40] [INFO] [Additionalmshookl] [INFO] 为物品 冲锋枪消音器-增伤 生成的唯一键: 1660822126
[15:53:40] [INFO] [Additionalmshookl] [INFO] 为物品 冲锋枪消音器-增伤 使用已保存的ID: 1008422
[15:53:40] [INFO] [Additionalmshookl] [INFO] 将ID 1008422 添加到已使用列表
[15:53:40] [INFO] [Additionalmshookl] [INFO] [CreateCustomItem] 开始设置物品属性 for 冲锋枪消音器-增伤
[15:53:40] [INFO] [Additionalmshookl] [INFO] [SetItemProperties] 开始设置物品 冲锋枪消音器-增伤 的基本属性
[15:53:40] [INFO] [Additionalmshookl] [INFO] 成功设置字段 typeID = 1008422 (类型: Item)
[15:53:40] [INFO] [Additionalmshookl] [INFO] 成功设置字段 weight = 0.45 (类型: Item)
[15:53:40] [INFO] [Additionalmshookl] [INFO] 成功设置字段 value = 6000 (类型: Item)
[15:53:40] [INFO] [Additionalmshookl] [INFO] 成功设置字段 displayName = 1008422 (类型: Item)
[15:53:40] [INFO] [Additionalmshookl] [INFO] 成功设置字段 quality = 5 (类型: Item)
[15:53:40] [INFO] [Additionalmshookl] [INFO] 成功设置字段 order = 0 (类型: Item)
[15:53:40] [INFO] [Additionalmshookl] [INFO] [SetItemProperties] 完成基本属性设置，开始处理Tags
[15:53:40] [INFO] [Additionalmshookl] [INFO] [SetItemProperties] 检测到Tags配置，数量: 3
[15:53:40] [INFO] [Additionalmshookl] [INFO] 物品 冲锋枪消音器-增伤 的所有标签: Accessory, Muzzle, GunType_SMG
[15:53:40] [INFO] [Additionalmshookl] [INFO] [TagUtils-DEBUG] 开始处理标签: Accessory
[15:53:40] [INFO] [TagUtils] ===== GetOrCreateTag方法被调用 =====
[15:53:40] [INFO] [TagUtils] 参数: tagName='Accessory', displayName=''
[15:53:40] [INFO] [TagUtils] FindExistingTag 查找: Accessory
[15:53:40] [INFO] [TagUtils] 找到 134 个Tag对象，开始查找: Accessory
[15:53:40] [INFO] [TagUtils] 通过属性找到匹配的Tag: Accessory
[15:53:40] [INFO] [TagUtils] 找到现有Tag: Accessory
[15:53:40] [INFO] [Additionalmshookl] [INFO] [TagUtils-DEBUG] 标签 Accessory 创建成功: Tag
[15:53:40] [INFO] [Additionalmshookl] [ERROR] 无法获取Tags列表
[15:53:40] [INFO] [Additionalmshookl] [INFO] [TagUtils-DEBUG] 开始处理标签: Muzzle
[15:53:40] [INFO] [TagUtils] ===== GetOrCreateTag方法被调用 =====
[15:53:40] [INFO] [TagUtils] 参数: tagName='Muzzle', displayName=''
[15:53:40] [INFO] [TagUtils] FindExistingTag 查找: Muzzle
[15:53:40] [INFO] [TagUtils] 找到 134 个Tag对象，开始查找: Muzzle
[15:53:40] [INFO] [TagUtils] 通过属性找到匹配的Tag: Muzzle
[15:53:40] [INFO] [TagUtils] 找到现有Tag: Muzzle
[15:53:40] [INFO] [Additionalmshookl] [INFO] [TagUtils-DEBUG] 标签 Muzzle 创建成功: Tag
[15:53:40] [INFO] [Additionalmshookl] [ERROR] 无法获取Tags列表
[15:53:40] [INFO] [Additionalmshookl] [INFO] [TagUtils-DEBUG] 开始处理标签: GunType_SMG
[15:53:40] [INFO] [TagUtils] ===== GetOrCreateTag方法被调用 =====
[15:53:40] [INFO] [TagUtils] 参数: tagName='GunType_SMG', displayName=''
[15:53:40] [INFO] [TagUtils] FindExistingTag 查找: GunType_SMG
[15:53:40] [INFO] [TagUtils] 找到 134 个Tag对象，开始查找: GunType_SMG
[15:53:40] [INFO] [TagUtils] 通过属性找到匹配的Tag: GunType_SMG
[15:53:40] [INFO] [TagUtils] 找到现有Tag: GunType_SMG
[15:53:40] [INFO] [Additionalmshookl] [INFO] [TagUtils-DEBUG] 标签 GunType_SMG 创建成功: Tag
[15:53:40] [INFO] [Additionalmshookl] [ERROR] 无法获取Tags列表
[15:53:40] [INFO] [Additionalmshookl] [INFO] 为物品 冲锋枪消音器-增伤 添加FoodDrink组件
[15:53:40] [INFO] [Additionalmshookl] [INFO] 物品 冲锋枪消音器-增伤 能量值: 0, 口渴值: 0
[15:53:40] [INFO] [Additionalmshookl] [INFO] 正在为 CustomItem_1008422 配置 Modifiers...
[15:53:40] [INFO] [Additionalmshookl] [INFO] 成功设置字段 value = 0 (类型: ModifierDescription)
[15:53:40] [INFO] [Additionalmshookl] [INFO] 成功设置字段 display = False (类型: ModifierDescription)
[15:53:40] [INFO] [Additionalmshookl] [INFO]   - Modifier 'SoundRange' (原值: -0.5) 已被移除 (未在配置中指定)。
[15:53:40] [INFO] [Additionalmshookl] [INFO] 成功设置字段 value = 0 (类型: ModifierDescription)
[15:53:40] [INFO] [Additionalmshookl] [INFO] 成功设置字段 display = False (类型: ModifierDescription)
[15:53:40] [INFO] [Additionalmshookl] [INFO]   - Modifier 'ScatterFactor' (原值: -0.13) 已被移除 (未在配置中指定)。
[15:53:40] [INFO] [Additionalmshookl] [INFO] 成功设置字段 value = 0 (类型: ModifierDescription)
[15:53:40] [INFO] [Additionalmshookl] [INFO] 成功设置字段 display = False (类型: ModifierDescription)
[15:53:40] [INFO] [Additionalmshookl] [INFO]   - Modifier 'ScatterFactorADS' (原值: -0.13) 已被移除 (未在配置中指定)。
[15:53:40] [INFO] [Additionalmshookl] [INFO] 成功设置字段 value = 0 (类型: ModifierDescription)
[15:53:40] [INFO] [Additionalmshookl] [INFO] 成功设置字段 display = False (类型: ModifierDescription)
[15:53:40] [INFO] [Additionalmshookl] [INFO]   - Modifier 'MoveSpeedMultiplier' (原值: -0.08) 已被移除 (未在配置中指定)。
[15:53:40] [INFO] [Additionalmshookl] [INFO] CustomItem_1008422: 共修改/移除了 0 个现有 Modifier，添加了 0 个新的 Modifier。
[15:53:40] [INFO] [Additionalmshookl] [INFO] 开始应用防具属性配置
[15:53:40] [INFO] [Additionalmshookl] [INFO] 防具属性配置应用完成
[15:53:40] [INFO] [Additionalmshookl] [INFO] 物品 冲锋枪消音器-增伤 没有配置插槽设置，跳过插槽设置
[15:53:40] [INFO] [Additionalmshookl] [INFO] [原物品Buff分析] 开始分析物品 冲锋枪消音器-增伤 (原始ID: 776) 的原生Buff效果
[15:53:40] [INFO] [Additionalmshookl] [INFO] [原物品Buff分析] 物品上有 1 个UsageBehavior组件:
[15:53:40] [INFO] [Additionalmshookl] [INFO]   [0] FoodDrink
[15:53:40] [INFO] [Additionalmshookl] [INFO]       -> 类型: FoodDrink (非AddBuff)
[15:53:40] [INFO] [Additionalmshookl] [INFO] 物品 冲锋枪消音器-增伤 没有配置Buff持续时间，跳过修改
[15:53:40] [INFO] [Additionalmshookl] [INFO] [CreateCustomItem] 完成设置物品属性 for 冲锋枪消音器-增伤
[15:53:40] [INFO] [Additionalmshookl] [INFO] [CreateCustomItem] 开始设置本地化文本 for 冲锋枪消音器-增伤
[15:53:40] [INFO] [Additionalmshookl] [INFO] 设置物品 冲锋枪消音器-增伤 描述键: 1008422_Desc
[15:53:40] [INFO] [Additionalmshookl] [INFO] [CreateCustomItem] 完成设置本地化文本 for 冲锋枪消音器-增伤
[15:53:40] [INFO] [Additionalmshookl] [INFO] [CreateCustomItem] 开始设置图标 for 冲锋枪消音器-增伤
[15:53:40] [INFO] [Additionalmshookl] [INFO] 从模块文件夹加载图标: D:\SteamLibrary\steamapps\workshop\content\3167020\3661816441\icons\冲锋枪消音器-增伤.png
[15:53:40] [INFO] [Additionalmshookl] [INFO] 加载UI图标成功: 冲锋枪消音器-增伤.png
[15:53:40] [INFO] [Additionalmshookl] [INFO] [CreateCustomItem] 完成设置图标 for 冲锋枪消音器-增伤
[15:53:40] [INFO] [Additionalmshookl] [INFO] [CreateCustomItem] 完成设置世界模型贴图 for 冲锋枪消音器-增伤
[15:53:40] [INFO] [Additionalmshookl] [INFO] [CreateCustomItem] 开始注册物品 for 冲锋枪消音器-增伤
[15:53:40] [INFO] [Additionalmshookl] [INFO] 物品注册成功: 1008422 (ID: 1008422)
[15:53:40] [INFO] [Additionalmshookl] [INFO] [CreateCustomItem] 完成注册物品 for 冲锋枪消音器-增伤
[15:53:40] [INFO] [Additionalmshookl] [INFO] [CreateCustomItem] 准备调用SetupAdditionalSlots for 冲锋枪消音器-增伤
[15:53:40] [INFO] [Additionalmshookl] [INFO] [SetupAdditionalSlots] 开始处理物品 冲锋枪消音器-增伤 的配件槽配置
[15:53:40] [INFO] [Additionalmshookl] [INFO] [SetupAdditionalSlots] AdditionalSlotTags: 
[15:53:40] [INFO] [Additionalmshookl] [INFO] [SetupAdditionalSlots] AdditionalSlotCount: 0
[15:53:40] [INFO] [Additionalmshookl] [INFO] [SetupAdditionalSlots] ReplaceExistingSlots: False
[15:53:40] [INFO] [Additionalmshookl] [INFO] 物品 冲锋枪消音器-增伤 配件槽配置无效或未设置，跳过配件槽添加
[15:53:40] [INFO] [Additionalmshookl] [INFO] [CreateCustomItem] 准备调用SetupDecomposeFormula for 冲锋枪消音器-增伤
[15:53:40] [INFO] [Additionalmshookl] [INFO] [SetupDecomposeFormula] 开始处理物品 冲锋枪消音器-增伤 的分解配方，EnableDecompose: False
[15:53:40] [INFO] [Additionalmshookl] [INFO] [CreateCustomItem] 完成所有方法调用 for 冲锋枪消音器-增伤
[15:53:40] [INFO] [Additionalmshookl] [INFO] [CreateCustomItem] CreateCustomItem方法成功完成 for 冲锋枪消音器-增伤
[15:53:40] [INFO] [Additionalmshookl] [INFO] [MShook-DEBUG] CreateCustomItem方法调用完成
[15:53:40] [INFO] [Additionalmshookl] [INFO] 成功处理配置: 冲锋枪消音器-增伤 (ID: 1008422) 来自 1008422_冲锋枪消音器-增伤.json
[15:53:40] [INFO] [Additionalmshookl] [INFO] 配置文件 1008423_步枪消音器-增伤.json 中设置的NewItemId: 1008423
[15:53:40] [INFO] [Additionalmshookl] [INFO] [MShook-DEBUG] 正在处理配置: 1008423_步枪消音器-增伤.json 中的物品 步枪消音器-增伤
[15:53:40] [INFO] [Additionalmshookl] [INFO] [MShook-DEBUG] 即将调用CreateCustomItem方法
[15:53:40] [INFO] [Additionalmshookl] [INFO] ========== CreateCustomItem 开始处理物品: 步枪消音器-增伤 ==========
[15:53:40] [INFO] [Additionalmshookl] [INFO] 配置原始ID: 490, 新ID: 1008423
[15:53:40] [INFO] [Additionalmshookl] [INFO] 开始处理物品: 步枪消音器-增伤，原始ID: 490，配置的新ID: 1008423
[15:53:40] [INFO] [Additionalmshookl] [INFO] 为物品 步枪消音器-增伤 生成的唯一键: 609285680
[15:53:40] [INFO] [Additionalmshookl] [INFO] 为物品 步枪消音器-增伤 使用已保存的ID: 1008423
[15:53:40] [INFO] [Additionalmshookl] [INFO] 将ID 1008423 添加到已使用列表
[15:53:40] [INFO] [Additionalmshookl] [INFO] [CreateCustomItem] 开始设置物品属性 for 步枪消音器-增伤
[15:53:40] [INFO] [Additionalmshookl] [INFO] [SetItemProperties] 开始设置物品 步枪消音器-增伤 的基本属性
[15:53:40] [INFO] [Additionalmshookl] [INFO] 成功设置字段 typeID = 1008423 (类型: Item)
[15:53:40] [INFO] [Additionalmshookl] [INFO] 成功设置字段 weight = 0.7 (类型: Item)
[15:53:40] [INFO] [Additionalmshookl] [INFO] 成功设置字段 value = 6000 (类型: Item)
[15:53:40] [INFO] [Additionalmshookl] [INFO] 成功设置字段 displayName = 1008423 (类型: Item)
[15:53:40] [INFO] [Additionalmshookl] [INFO] 成功设置字段 quality = 5 (类型: Item)
[15:53:40] [INFO] [Additionalmshookl] [INFO] 成功设置字段 order = 0 (类型: Item)
[15:53:40] [INFO] [Additionalmshookl] [INFO] [SetItemProperties] 完成基本属性设置，开始处理Tags
[15:53:40] [INFO] [Additionalmshookl] [INFO] [SetItemProperties] 检测到Tags配置，数量: 3
[15:53:40] [INFO] [Additionalmshookl] [INFO] 物品 步枪消音器-增伤 的所有标签: Accessory, Muzzle, GunType_AR
[15:53:40] [INFO] [Additionalmshookl] [INFO] [TagUtils-DEBUG] 开始处理标签: Accessory
[15:53:40] [INFO] [TagUtils] ===== GetOrCreateTag方法被调用 =====
[15:53:40] [INFO] [TagUtils] 参数: tagName='Accessory', displayName=''
[15:53:40] [INFO] [TagUtils] FindExistingTag 查找: Accessory
[15:53:41] [INFO] [TagUtils] 找到 134 个Tag对象，开始查找: Accessory
[15:53:41] [INFO] [TagUtils] 通过属性找到匹配的Tag: Accessory
[15:53:41] [INFO] [TagUtils] 找到现有Tag: Accessory
[15:53:41] [INFO] [Additionalmshookl] [INFO] [TagUtils-DEBUG] 标签 Accessory 创建成功: Tag
[15:53:41] [INFO] [Additionalmshookl] [ERROR] 无法获取Tags列表
[15:53:41] [INFO] [Additionalmshookl] [INFO] [TagUtils-DEBUG] 开始处理标签: Muzzle
[15:53:41] [INFO] [TagUtils] ===== GetOrCreateTag方法被调用 =====
[15:53:41] [INFO] [TagUtils] 参数: tagName='Muzzle', displayName=''
[15:53:41] [INFO] [TagUtils] FindExistingTag 查找: Muzzle
[15:53:41] [INFO] [TagUtils] 找到 134 个Tag对象，开始查找: Muzzle
[15:53:41] [INFO] [TagUtils] 通过属性找到匹配的Tag: Muzzle
[15:53:41] [INFO] [TagUtils] 找到现有Tag: Muzzle
[15:53:41] [INFO] [Additionalmshookl] [INFO] [TagUtils-DEBUG] 标签 Muzzle 创建成功: Tag
[15:53:41] [INFO] [Additionalmshookl] [ERROR] 无法获取Tags列表
[15:53:41] [INFO] [Additionalmshookl] [INFO] [TagUtils-DEBUG] 开始处理标签: GunType_AR
[15:53:41] [INFO] [TagUtils] ===== GetOrCreateTag方法被调用 =====
[15:53:41] [INFO] [TagUtils] 参数: tagName='GunType_AR', displayName=''
[15:53:41] [INFO] [TagUtils] FindExistingTag 查找: GunType_AR
[15:53:41] [INFO] [TagUtils] 找到 134 个Tag对象，开始查找: GunType_AR
[15:53:41] [INFO] [TagUtils] 通过属性找到匹配的Tag: GunType_AR
[15:53:41] [INFO] [TagUtils] 找到现有Tag: GunType_AR
[15:53:41] [INFO] [Additionalmshookl] [INFO] [TagUtils-DEBUG] 标签 GunType_AR 创建成功: Tag
[15:53:41] [INFO] [Additionalmshookl] [ERROR] 无法获取Tags列表
[15:53:41] [INFO] [Additionalmshookl] [INFO] 为物品 步枪消音器-增伤 添加FoodDrink组件
[15:53:41] [INFO] [Additionalmshookl] [INFO] 物品 步枪消音器-增伤 能量值: 0, 口渴值: 0
[15:53:41] [INFO] [Additionalmshookl] [INFO] 正在为 CustomItem_1008423 配置 Modifiers...
[15:53:41] [INFO] [Additionalmshookl] [INFO] 成功设置字段 value = 0 (类型: ModifierDescription)
[15:53:41] [INFO] [Additionalmshookl] [INFO] 成功设置字段 display = False (类型: ModifierDescription)
[15:53:41] [INFO] [Additionalmshookl] [INFO]   - Modifier 'SoundRange' (原值: -0.75) 已被移除 (未在配置中指定)。
[15:53:41] [INFO] [Additionalmshookl] [INFO] 成功设置字段 value = 0 (类型: ModifierDescription)
[15:53:41] [INFO] [Additionalmshookl] [INFO] 成功设置字段 display = False (类型: ModifierDescription)
[15:53:41] [INFO] [Additionalmshookl] [INFO]   - Modifier 'BulletDistance' (原值: -0.1) 已被移除 (未在配置中指定)。
[15:53:41] [INFO] [Additionalmshookl] [INFO] 成功设置字段 value = 0 (类型: ModifierDescription)
[15:53:41] [INFO] [Additionalmshookl] [INFO] 成功设置字段 display = False (类型: ModifierDescription)
[15:53:41] [INFO] [Additionalmshookl] [INFO]   - Modifier 'BulletSpeed' (原值: -0.1) 已被移除 (未在配置中指定)。
[15:53:41] [INFO] [Additionalmshookl] [INFO] CustomItem_1008423: 共修改/移除了 0 个现有 Modifier，添加了 0 个新的 Modifier。
[15:53:41] [INFO] [Additionalmshookl] [INFO] 开始应用防具属性配置
[15:53:41] [INFO] [Additionalmshookl] [INFO] 防具属性配置应用完成
[15:53:41] [INFO] [Additionalmshookl] [INFO] 物品 步枪消音器-增伤 没有配置插槽设置，跳过插槽设置
[15:53:41] [INFO] [Additionalmshookl] [INFO] [原物品Buff分析] 开始分析物品 步枪消音器-增伤 (原始ID: 490) 的原生Buff效果
[15:53:41] [INFO] [Additionalmshookl] [INFO] [原物品Buff分析] 物品上有 1 个UsageBehavior组件:
[15:53:41] [INFO] [Additionalmshookl] [INFO]   [0] FoodDrink
[15:53:41] [INFO] [Additionalmshookl] [INFO]       -> 类型: FoodDrink (非AddBuff)
[15:53:41] [INFO] [Additionalmshookl] [INFO] 物品 步枪消音器-增伤 没有配置Buff持续时间，跳过修改
[15:53:41] [INFO] [Additionalmshookl] [INFO] [CreateCustomItem] 完成设置物品属性 for 步枪消音器-增伤
[15:53:41] [INFO] [Additionalmshookl] [INFO] [CreateCustomItem] 开始设置本地化文本 for 步枪消音器-增伤
[15:53:41] [INFO] [Additionalmshookl] [INFO] 设置物品 步枪消音器-增伤 描述键: 1008423_Desc
[15:53:41] [INFO] [Additionalmshookl] [INFO] [CreateCustomItem] 完成设置本地化文本 for 步枪消音器-增伤
[15:53:41] [INFO] [Additionalmshookl] [INFO] [CreateCustomItem] 开始设置图标 for 步枪消音器-增伤
[15:53:41] [INFO] [Additionalmshookl] [INFO] 从模块文件夹加载图标: D:\SteamLibrary\steamapps\workshop\content\3167020\3661816441\icons\步枪消音器-增伤.png
[15:53:41] [INFO] [Additionalmshookl] [INFO] 加载UI图标成功: 步枪消音器-增伤.png
[15:53:41] [INFO] [Additionalmshookl] [INFO] [CreateCustomItem] 完成设置图标 for 步枪消音器-增伤
[15:53:41] [INFO] [Additionalmshookl] [INFO] [CreateCustomItem] 完成设置世界模型贴图 for 步枪消音器-增伤
[15:53:41] [INFO] [Additionalmshookl] [INFO] [CreateCustomItem] 开始注册物品 for 步枪消音器-增伤
[15:53:41] [INFO] [Additionalmshookl] [INFO] 物品注册成功: 1008423 (ID: 1008423)
[15:53:41] [INFO] [Additionalmshookl] [INFO] [CreateCustomItem] 完成注册物品 for 步枪消音器-增伤
[15:53:41] [INFO] [Additionalmshookl] [INFO] [CreateCustomItem] 准备调用SetupAdditionalSlots for 步枪消音器-增伤
[15:53:41] [INFO] [Additionalmshookl] [INFO] [SetupAdditionalSlots] 开始处理物品 步枪消音器-增伤 的配件槽配置
[15:53:41] [INFO] [Additionalmshookl] [INFO] [SetupAdditionalSlots] AdditionalSlotTags: 
[15:53:41] [INFO] [Additionalmshookl] [INFO] [SetupAdditionalSlots] AdditionalSlotCount: 0
[15:53:41] [INFO] [Additionalmshookl] [INFO] [SetupAdditionalSlots] ReplaceExistingSlots: False
[15:53:41] [INFO] [Additionalmshookl] [INFO] 物品 步枪消音器-增伤 配件槽配置无效或未设置，跳过配件槽添加
[15:53:41] [INFO] [Additionalmshookl] [INFO] [CreateCustomItem] 准备调用SetupDecomposeFormula for 步枪消音器-增伤
[15:53:41] [INFO] [Additionalmshookl] [INFO] [SetupDecomposeFormula] 开始处理物品 步枪消音器-增伤 的分解配方，EnableDecompose: False
[15:53:41] [INFO] [Additionalmshookl] [INFO] [CreateCustomItem] 完成所有方法调用 for 步枪消音器-增伤
[15:53:41] [INFO] [Additionalmshookl] [INFO] [CreateCustomItem] CreateCustomItem方法成功完成 for 步枪消音器-增伤
[15:53:41] [INFO] [Additionalmshookl] [INFO] [MShook-DEBUG] CreateCustomItem方法调用完成
[15:53:41] [INFO] [Additionalmshookl] [INFO] 成功处理配置: 步枪消音器-增伤 (ID: 1008423) 来自 1008423_步枪消音器-增伤.json
[15:53:41] [INFO] [Additionalmshookl] [INFO] 配置文件 1008424_狙击枪消音器-增伤.json 中设置的NewItemId: 1008424
[15:53:41] [INFO] [Additionalmshookl] [INFO] [MShook-DEBUG] 正在处理配置: 1008424_狙击枪消音器-增伤.json 中的物品 狙击枪消音器-增伤
[15:53:41] [INFO] [Additionalmshookl] [INFO] [MShook-DEBUG] 即将调用CreateCustomItem方法
[15:53:41] [INFO] [Additionalmshookl] [INFO] ========== CreateCustomItem 开始处理物品: 狙击枪消音器-增伤 ==========
[15:53:41] [INFO] [Additionalmshookl] [INFO] 配置原始ID: 490, 新ID: 1008424
[15:53:41] [INFO] [Additionalmshookl] [INFO] 开始处理物品: 狙击枪消音器-增伤，原始ID: 490，配置的新ID: 1008424
[15:53:41] [INFO] [Additionalmshookl] [INFO] 为物品 狙击枪消音器-增伤 生成的唯一键: 503130232
[15:53:41] [INFO] [Additionalmshookl] [INFO] 为物品 狙击枪消音器-增伤 使用已保存的ID: 1008424
[15:53:41] [INFO] [Additionalmshookl] [INFO] 将ID 1008424 添加到已使用列表
[15:53:41] [INFO] [Additionalmshookl] [INFO] [CreateCustomItem] 开始设置物品属性 for 狙击枪消音器-增伤
[15:53:41] [INFO] [Additionalmshookl] [INFO] [SetItemProperties] 开始设置物品 狙击枪消音器-增伤 的基本属性
[15:53:41] [INFO] [Additionalmshookl] [INFO] 成功设置字段 typeID = 1008424 (类型: Item)
[15:53:41] [INFO] [Additionalmshookl] [INFO] 成功设置字段 weight = 1.3 (类型: Item)
[15:53:41] [INFO] [Additionalmshookl] [INFO] 成功设置字段 value = 6500 (类型: Item)
[15:53:41] [INFO] [Additionalmshookl] [INFO] 成功设置字段 displayName = 1008424 (类型: Item)
[15:53:41] [INFO] [Additionalmshookl] [INFO] 成功设置字段 quality = 5 (类型: Item)
[15:53:41] [INFO] [Additionalmshookl] [INFO] 成功设置字段 order = 0 (类型: Item)
[15:53:41] [INFO] [Additionalmshookl] [INFO] [SetItemProperties] 完成基本属性设置，开始处理Tags
[15:53:41] [INFO] [Additionalmshookl] [INFO] [SetItemProperties] 检测到Tags配置，数量: 3
[15:53:41] [INFO] [Additionalmshookl] [INFO] 物品 狙击枪消音器-增伤 的所有标签: Accessory, Muzzle, GunType_SNP
[15:53:41] [INFO] [Additionalmshookl] [INFO] [TagUtils-DEBUG] 开始处理标签: Accessory
[15:53:41] [INFO] [TagUtils] ===== GetOrCreateTag方法被调用 =====
[15:53:41] [INFO] [TagUtils] 参数: tagName='Accessory', displayName=''
[15:53:41] [INFO] [TagUtils] FindExistingTag 查找: Accessory
[15:53:41] [INFO] [TagUtils] 找到 134 个Tag对象，开始查找: Accessory
[15:53:41] [INFO] [TagUtils] 通过属性找到匹配的Tag: Accessory
[15:53:41] [INFO] [TagUtils] 找到现有Tag: Accessory
[15:53:41] [INFO] [Additionalmshookl] [INFO] [TagUtils-DEBUG] 标签 Accessory 创建成功: Tag
[15:53:41] [INFO] [Additionalmshookl] [ERROR] 无法获取Tags列表
[15:53:41] [INFO] [Additionalmshookl] [INFO] [TagUtils-DEBUG] 开始处理标签: Muzzle
[15:53:41] [INFO] [TagUtils] ===== GetOrCreateTag方法被调用 =====
[15:53:41] [INFO] [TagUtils] 参数: tagName='Muzzle', displayName=''
[15:53:41] [INFO] [TagUtils] FindExistingTag 查找: Muzzle
[15:53:41] [INFO] [TagUtils] 找到 134 个Tag对象，开始查找: Muzzle
[15:53:41] [INFO] [TagUtils] 通过属性找到匹配的Tag: Muzzle
[15:53:41] [INFO] [TagUtils] 找到现有Tag: Muzzle
[15:53:41] [INFO] [Additionalmshookl] [INFO] [TagUtils-DEBUG] 标签 Muzzle 创建成功: Tag
[15:53:41] [INFO] [Additionalmshookl] [ERROR] 无法获取Tags列表
[15:53:41] [INFO] [Additionalmshookl] [INFO] [TagUtils-DEBUG] 开始处理标签: GunType_SNP
[15:53:41] [INFO] [TagUtils] ===== GetOrCreateTag方法被调用 =====
[15:53:41] [INFO] [TagUtils] 参数: tagName='GunType_SNP', displayName=''
[15:53:41] [INFO] [TagUtils] FindExistingTag 查找: GunType_SNP
[15:53:41] [INFO] [TagUtils] 找到 134 个Tag对象，开始查找: GunType_SNP
[15:53:41] [INFO] [TagUtils] 通过属性找到匹配的Tag: GunType_SNP
[15:53:41] [INFO] [TagUtils] 找到现有Tag: GunType_SNP
[15:53:41] [INFO] [Additionalmshookl] [INFO] [TagUtils-DEBUG] 标签 GunType_SNP 创建成功: Tag
[15:53:41] [INFO] [Additionalmshookl] [ERROR] 无法获取Tags列表
[15:53:41] [INFO] [Additionalmshookl] [INFO] 为物品 狙击枪消音器-增伤 添加FoodDrink组件
[15:53:41] [INFO] [Additionalmshookl] [INFO] 物品 狙击枪消音器-增伤 能量值: 0, 口渴值: 0
[15:53:41] [INFO] [Additionalmshookl] [INFO] 正在为 CustomItem_1008424 配置 Modifiers...
[15:53:41] [INFO] [Additionalmshookl] [INFO] 成功设置字段 value = 0 (类型: ModifierDescription)
[15:53:41] [INFO] [Additionalmshookl] [INFO] 成功设置字段 display = False (类型: ModifierDescription)
[15:53:41] [INFO] [Additionalmshookl] [INFO]   - Modifier 'SoundRange' (原值: -0.75) 已被移除 (未在配置中指定)。
[15:53:41] [INFO] [Additionalmshookl] [INFO] 成功设置字段 value = 0 (类型: ModifierDescription)
[15:53:41] [INFO] [Additionalmshookl] [INFO] 成功设置字段 display = False (类型: ModifierDescription)
[15:53:41] [INFO] [Additionalmshookl] [INFO]   - Modifier 'BulletDistance' (原值: -0.1) 已被移除 (未在配置中指定)。
[15:53:41] [INFO] [Additionalmshookl] [INFO] 成功设置字段 value = 0 (类型: ModifierDescription)
[15:53:41] [INFO] [Additionalmshookl] [INFO] 成功设置字段 display = False (类型: ModifierDescription)
[15:53:41] [INFO] [Additionalmshookl] [INFO]   - Modifier 'BulletSpeed' (原值: -0.1) 已被移除 (未在配置中指定)。
[15:53:41] [INFO] [Additionalmshookl] [INFO] CustomItem_1008424: 共修改/移除了 0 个现有 Modifier，添加了 0 个新的 Modifier。
[15:53:41] [INFO] [Additionalmshookl] [INFO] 开始应用防具属性配置
[15:53:41] [INFO] [Additionalmshookl] [INFO] 防具属性配置应用完成
[15:53:41] [INFO] [Additionalmshookl] [INFO] 物品 狙击枪消音器-增伤 没有配置插槽设置，跳过插槽设置
[15:53:41] [INFO] [Additionalmshookl] [INFO] [原物品Buff分析] 开始分析物品 狙击枪消音器-增伤 (原始ID: 490) 的原生Buff效果
[15:53:41] [INFO] [Additionalmshookl] [INFO] [原物品Buff分析] 物品上有 1 个UsageBehavior组件:
[15:53:41] [INFO] [Additionalmshookl] [INFO]   [0] FoodDrink
[15:53:41] [INFO] [Additionalmshookl] [INFO]       -> 类型: FoodDrink (非AddBuff)
[15:53:41] [INFO] [Additionalmshookl] [INFO] 物品 狙击枪消音器-增伤 没有配置Buff持续时间，跳过修改
[15:53:41] [INFO] [Additionalmshookl] [INFO] [CreateCustomItem] 完成设置物品属性 for 狙击枪消音器-增伤
[15:53:41] [INFO] [Additionalmshookl] [INFO] [CreateCustomItem] 开始设置本地化文本 for 狙击枪消音器-增伤
[15:53:41] [INFO] [Additionalmshookl] [INFO] 设置物品 狙击枪消音器-增伤 描述键: 1008424_Desc
[15:53:41] [INFO] [Additionalmshookl] [INFO] [CreateCustomItem] 完成设置本地化文本 for 狙击枪消音器-增伤
[15:53:41] [INFO] [Additionalmshookl] [INFO] [CreateCustomItem] 开始设置图标 for 狙击枪消音器-增伤
[15:53:41] [INFO] [Additionalmshookl] [INFO] 从模块文件夹加载图标: D:\SteamLibrary\steamapps\workshop\content\3167020\3661816441\icons\狙击枪消音器-增伤.png
[15:53:41] [INFO] [Additionalmshookl] [INFO] 加载UI图标成功: 狙击枪消音器-增伤.png
[15:53:41] [INFO] [Additionalmshookl] [INFO] [CreateCustomItem] 完成设置图标 for 狙击枪消音器-增伤
[15:53:41] [INFO] [Additionalmshookl] [INFO] [CreateCustomItem] 完成设置世界模型贴图 for 狙击枪消音器-增伤
[15:53:41] [INFO] [Additionalmshookl] [INFO] [CreateCustomItem] 开始注册物品 for 狙击枪消音器-增伤
[15:53:41] [INFO] [Additionalmshookl] [INFO] 物品注册成功: 1008424 (ID: 1008424)
[15:53:41] [INFO] [Additionalmshookl] [INFO] [CreateCustomItem] 完成注册物品 for 狙击枪消音器-增伤
[15:53:41] [INFO] [Additionalmshookl] [INFO] [CreateCustomItem] 准备调用SetupAdditionalSlots for 狙击枪消音器-增伤
[15:53:41] [INFO] [Additionalmshookl] [INFO] [SetupAdditionalSlots] 开始处理物品 狙击枪消音器-增伤 的配件槽配置
[15:53:41] [INFO] [Additionalmshookl] [INFO] [SetupAdditionalSlots] AdditionalSlotTags: 
[15:53:41] [INFO] [Additionalmshookl] [INFO] [SetupAdditionalSlots] AdditionalSlotCount: 0
[15:53:41] [INFO] [Additionalmshookl] [INFO] [SetupAdditionalSlots] ReplaceExistingSlots: False
[15:53:41] [INFO] [Additionalmshookl] [INFO] 物品 狙击枪消音器-增伤 配件槽配置无效或未设置，跳过配件槽添加
[15:53:41] [INFO] [Additionalmshookl] [INFO] [CreateCustomItem] 准备调用SetupDecomposeFormula for 狙击枪消音器-增伤
[15:53:41] [INFO] [Additionalmshookl] [INFO] [SetupDecomposeFormula] 开始处理物品 狙击枪消音器-增伤 的分解配方，EnableDecompose: False
[15:53:41] [INFO] [Additionalmshookl] [INFO] [CreateCustomItem] 完成所有方法调用 for 狙击枪消音器-增伤
[15:53:41] [INFO] [Additionalmshookl] [INFO] [CreateCustomItem] CreateCustomItem方法成功完成 for 狙击枪消音器-增伤
[15:53:41] [INFO] [Additionalmshookl] [INFO] [MShook-DEBUG] CreateCustomItem方法调用完成
[15:53:41] [INFO] [Additionalmshookl] [INFO] 成功处理配置: 狙击枪消音器-增伤 (ID: 1008424) 来自 1008424_狙击枪消音器-增伤.json
[15:53:41] [INFO] [Additionalmshookl] [INFO] 配置文件 1008425_测距仪.json 中设置的NewItemId: 1008425
[15:53:41] [INFO] [Additionalmshookl] [INFO] [MShook-DEBUG] 正在处理配置: 1008425_测距仪.json 中的物品 测距仪
[15:53:41] [INFO] [Additionalmshookl] [INFO] [MShook-DEBUG] 即将调用CreateCustomItem方法
[15:53:41] [INFO] [Additionalmshookl] [INFO] ========== CreateCustomItem 开始处理物品: 测距仪 ==========
[15:53:41] [INFO] [Additionalmshookl] [INFO] 配置原始ID: 914, 新ID: 1008425
[15:53:41] [INFO] [Additionalmshookl] [INFO] 开始处理物品: 测距仪，原始ID: 914，配置的新ID: 1008425
[15:53:41] [INFO] [Additionalmshookl] [INFO] 为物品 测距仪 生成的唯一键: 1156619608
[15:53:41] [INFO] [Additionalmshookl] [INFO] 为物品 测距仪 使用已保存的ID: 1008425
[15:53:41] [INFO] [Additionalmshookl] [INFO] 将ID 1008425 添加到已使用列表
[15:53:41] [INFO] [Additionalmshookl] [INFO] [CreateCustomItem] 开始设置物品属性 for 测距仪
[15:53:41] [INFO] [Additionalmshookl] [INFO] [SetItemProperties] 开始设置物品 测距仪 的基本属性
[15:53:41] [INFO] [Additionalmshookl] [INFO] 成功设置字段 typeID = 1008425 (类型: Item)
[15:53:41] [INFO] [Additionalmshookl] [INFO] 成功设置字段 weight = 0.2 (类型: Item)
[15:53:41] [INFO] [Additionalmshookl] [INFO] 成功设置字段 value = 6000 (类型: Item)
[15:53:41] [INFO] [Additionalmshookl] [INFO] 成功设置字段 displayName = 1008425 (类型: Item)
[15:53:41] [INFO] [Additionalmshookl] [INFO] 成功设置字段 quality = 5 (类型: Item)
[15:53:41] [INFO] [Additionalmshookl] [INFO] 成功设置字段 order = 0 (类型: Item)
[15:53:41] [INFO] [Additionalmshookl] [INFO] [SetItemProperties] 完成基本属性设置，开始处理Tags
[15:53:41] [INFO] [Additionalmshookl] [INFO] [SetItemProperties] 检测到Tags配置，数量: 7
[15:53:41] [INFO] [Additionalmshookl] [INFO] 物品 测距仪 的所有标签: Weapon, MeleeWeapon, Gun, GunType_PST, Special, Repairable, DontDropOnDeadInSlot
[15:53:41] [INFO] [Additionalmshookl] [INFO] [TagUtils-DEBUG] 开始处理标签: Weapon
[15:53:41] [INFO] [TagUtils] ===== GetOrCreateTag方法被调用 =====
[15:53:41] [INFO] [TagUtils] 参数: tagName='Weapon', displayName=''
[15:53:41] [INFO] [TagUtils] FindExistingTag 查找: Weapon
[15:53:41] [INFO] [TagUtils] 找到 134 个Tag对象，开始查找: Weapon
[15:53:41] [INFO] [TagUtils] 通过属性找到匹配的Tag: Weapon
[15:53:41] [INFO] [TagUtils] 找到现有Tag: Weapon
[15:53:41] [INFO] [Additionalmshookl] [INFO] [TagUtils-DEBUG] 标签 Weapon 创建成功: Tag
[15:53:41] [INFO] [Additionalmshookl] [ERROR] 无法获取Tags列表
[15:53:41] [INFO] [Additionalmshookl] [INFO] [TagUtils-DEBUG] 开始处理标签: MeleeWeapon
[15:53:41] [INFO] [TagUtils] ===== GetOrCreateTag方法被调用 =====
[15:53:41] [INFO] [TagUtils] 参数: tagName='MeleeWeapon', displayName=''
[15:53:41] [INFO] [TagUtils] FindExistingTag 查找: MeleeWeapon
[15:53:41] [INFO] [TagUtils] 找到 134 个Tag对象，开始查找: MeleeWeapon
[15:53:41] [INFO] [TagUtils] 通过属性找到匹配的Tag: MeleeWeapon
[15:53:41] [INFO] [TagUtils] 找到现有Tag: MeleeWeapon
[15:53:41] [INFO] [Additionalmshookl] [INFO] [TagUtils-DEBUG] 标签 MeleeWeapon 创建成功: Tag
[15:53:41] [INFO] [Additionalmshookl] [ERROR] 无法获取Tags列表
[15:53:41] [INFO] [Additionalmshookl] [INFO] [TagUtils-DEBUG] 开始处理标签: Gun
[15:53:41] [INFO] [TagUtils] ===== GetOrCreateTag方法被调用 =====
[15:53:41] [INFO] [TagUtils] 参数: tagName='Gun', displayName=''
[15:53:41] [INFO] [TagUtils] FindExistingTag 查找: Gun
[15:53:41] [INFO] [TagUtils] 找到 134 个Tag对象，开始查找: Gun
[15:53:41] [INFO] [TagUtils] 通过属性找到匹配的Tag: Gun
[15:53:41] [INFO] [TagUtils] 找到现有Tag: Gun
[15:53:41] [INFO] [Additionalmshookl] [INFO] [TagUtils-DEBUG] 标签 Gun 创建成功: Tag
[15:53:41] [INFO] [Additionalmshookl] [ERROR] 无法获取Tags列表
[15:53:41] [INFO] [Additionalmshookl] [INFO] [TagUtils-DEBUG] 开始处理标签: GunType_PST
[15:53:41] [INFO] [TagUtils] ===== GetOrCreateTag方法被调用 =====
[15:53:41] [INFO] [TagUtils] 参数: tagName='GunType_PST', displayName=''
[15:53:41] [INFO] [TagUtils] FindExistingTag 查找: GunType_PST
[15:53:41] [INFO] [TagUtils] 找到 134 个Tag对象，开始查找: GunType_PST
[15:53:41] [INFO] [TagUtils] 通过属性找到匹配的Tag: GunType_PST
[15:53:41] [INFO] [TagUtils] 找到现有Tag: GunType_PST
[15:53:41] [INFO] [Additionalmshookl] [INFO] [TagUtils-DEBUG] 标签 GunType_PST 创建成功: Tag
[15:53:41] [INFO] [Additionalmshookl] [ERROR] 无法获取Tags列表
[15:53:41] [INFO] [Additionalmshookl] [INFO] [TagUtils-DEBUG] 开始处理标签: Special
[15:53:41] [INFO] [TagUtils] ===== GetOrCreateTag方法被调用 =====
[15:53:41] [INFO] [TagUtils] 参数: tagName='Special', displayName=''
[15:53:41] [INFO] [TagUtils] FindExistingTag 查找: Special
[15:53:41] [INFO] [TagUtils] 找到 134 个Tag对象，开始查找: Special
[15:53:41] [INFO] [TagUtils] 通过属性找到匹配的Tag: Special
[15:53:41] [INFO] [TagUtils] 找到现有Tag: Special
[15:53:41] [INFO] [Additionalmshookl] [INFO] [TagUtils-DEBUG] 标签 Special 创建成功: Tag
[15:53:41] [INFO] [Additionalmshookl] [ERROR] 无法获取Tags列表
[15:53:41] [INFO] [Additionalmshookl] [INFO] [TagUtils-DEBUG] 开始处理标签: Repairable
[15:53:41] [INFO] [TagUtils] ===== GetOrCreateTag方法被调用 =====
[15:53:41] [INFO] [TagUtils] 参数: tagName='Repairable', displayName=''
[15:53:41] [INFO] [TagUtils] FindExistingTag 查找: Repairable
[15:53:41] [INFO] [TagUtils] 找到 134 个Tag对象，开始查找: Repairable
[15:53:41] [INFO] [TagUtils] 通过属性找到匹配的Tag: Repairable
[15:53:41] [INFO] [TagUtils] 找到现有Tag: Repairable
[15:53:41] [INFO] [Additionalmshookl] [INFO] [TagUtils-DEBUG] 标签 Repairable 创建成功: Tag
[15:53:41] [INFO] [Additionalmshookl] [ERROR] 无法获取Tags列表
[15:53:41] [INFO] [Additionalmshookl] [INFO] [TagUtils-DEBUG] 开始处理标签: DontDropOnDeadInSlot
[15:53:41] [INFO] [TagUtils] ===== GetOrCreateTag方法被调用 =====
[15:53:41] [INFO] [TagUtils] 参数: tagName='DontDropOnDeadInSlot', displayName=''
[15:53:41] [INFO] [TagUtils] FindExistingTag 查找: DontDropOnDeadInSlot
[15:53:41] [INFO] [TagUtils] 找到 134 个Tag对象，开始查找: DontDropOnDeadInSlot
[15:53:41] [INFO] [TagUtils] 通过属性找到匹配的Tag: DontDropOnDeadInSlot
[15:53:41] [INFO] [TagUtils] 找到现有Tag: DontDropOnDeadInSlot
[15:53:41] [INFO] [Additionalmshookl] [INFO] [TagUtils-DEBUG] 标签 DontDropOnDeadInSlot 创建成功: Tag
[15:53:41] [INFO] [Additionalmshookl] [ERROR] 无法获取Tags列表
[15:53:41] [INFO] [Additionalmshookl] [INFO] 为物品 测距仪 添加FoodDrink组件
[15:53:41] [INFO] [Additionalmshookl] [INFO] 物品 测距仪 能量值: 0, 口渴值: 0
[15:53:41] [INFO] [Additionalmshookl] [INFO] 正在为 CustomItem_1008425 配置 Modifiers...
[15:53:41] [INFO] [Additionalmshookl] [INFO] 属性 ADSTime 目标设置为 Parent (武器属性)
[15:53:41] [INFO] [Additionalmshookl] [INFO] 成功设置字段 display = True (类型: ModifierDescription)
[15:53:41] [INFO] [Additionalmshookl] [INFO]   - 瞄准时间-ADSTime 添加成功: 0.37
[15:53:41] [INFO] [Additionalmshookl] [INFO] 属性 ADSAimDistanceFactor 目标设置为 Parent (武器属性)
[15:53:41] [INFO] [Additionalmshookl] [INFO] 成功设置字段 display = True (类型: ModifierDescription)
[15:53:41] [INFO] [Additionalmshookl] [INFO]   - 瞄准距离-ADSAimDistanceFactor 添加成功: 6
[15:53:41] [INFO] [Additionalmshookl] [INFO] CustomItem_1008425: 共修改/移除了 0 个现有 Modifier，添加了 2 个新的 Modifier。
[15:53:41] [INFO] [Additionalmshookl] [INFO] 开始应用防具属性配置
[15:53:41] [INFO] [Additionalmshookl] [INFO] 防具属性配置应用完成
[15:53:41] [INFO] [Additionalmshookl] [INFO] 物品 测距仪 没有配置插槽设置，跳过插槽设置
[15:53:41] [INFO] [Additionalmshookl] [INFO] [原物品Buff分析] 开始分析物品 测距仪 (原始ID: 914) 的原生Buff效果
[15:53:41] [INFO] [Additionalmshookl] [INFO] [原物品Buff分析] 物品上有 1 个UsageBehavior组件:
[15:53:41] [INFO] [Additionalmshookl] [INFO]   [0] FoodDrink
[15:53:41] [INFO] [Additionalmshookl] [INFO]       -> 类型: FoodDrink (非AddBuff)
[15:53:41] [INFO] [Additionalmshookl] [INFO] 物品 测距仪 没有配置Buff持续时间，跳过修改
[15:53:41] [INFO] [Additionalmshookl] [INFO] [CreateCustomItem] 完成设置物品属性 for 测距仪
[15:53:41] [INFO] [Additionalmshookl] [INFO] [CreateCustomItem] 开始设置本地化文本 for 测距仪
[15:53:41] [INFO] [Additionalmshookl] [INFO] 设置物品 测距仪 描述键: 1008425_Desc
[15:53:41] [INFO] [Additionalmshookl] [INFO] [CreateCustomItem] 完成设置本地化文本 for 测距仪
[15:53:41] [INFO] [Additionalmshookl] [INFO] [CreateCustomItem] 开始设置图标 for 测距仪
[15:53:41] [INFO] [Additionalmshookl] [INFO] 从模块文件夹加载图标: D:\SteamLibrary\steamapps\workshop\content\3167020\3661816441\icons\测距仪.png
[15:53:41] [INFO] [Additionalmshookl] [INFO] 加载UI图标成功: 测距仪.png
[15:53:41] [INFO] [Additionalmshookl] [INFO] [CreateCustomItem] 完成设置图标 for 测距仪
[15:53:41] [INFO] [Additionalmshookl] [INFO] [CreateCustomItem] 完成设置世界模型贴图 for 测距仪
[15:53:41] [INFO] [Additionalmshookl] [INFO] [CreateCustomItem] 开始注册物品 for 测距仪
[15:53:41] [INFO] [Additionalmshookl] [INFO] 物品注册成功: 1008425 (ID: 1008425)
[15:53:41] [INFO] [Additionalmshookl] [INFO] [CreateCustomItem] 完成注册物品 for 测距仪
[15:53:41] [INFO] [Additionalmshookl] [INFO] [CreateCustomItem] 准备调用SetupAdditionalSlots for 测距仪
[15:53:41] [INFO] [Additionalmshookl] [INFO] [SetupAdditionalSlots] 开始处理物品 测距仪 的配件槽配置
[15:53:41] [INFO] [Additionalmshookl] [INFO] [SetupAdditionalSlots] AdditionalSlotTags: 
[15:53:41] [INFO] [Additionalmshookl] [INFO] [SetupAdditionalSlots] AdditionalSlotCount: 0
[15:53:41] [INFO] [Additionalmshookl] [INFO] [SetupAdditionalSlots] ReplaceExistingSlots: False
[15:53:41] [INFO] [Additionalmshookl] [INFO] 物品 测距仪 配件槽配置无效或未设置，跳过配件槽添加
[15:53:41] [INFO] [Additionalmshookl] [INFO] [CreateCustomItem] 准备调用SetupDecomposeFormula for 测距仪
[15:53:41] [INFO] [Additionalmshookl] [INFO] [SetupDecomposeFormula] 开始处理物品 测距仪 的分解配方，EnableDecompose: False
[15:53:41] [INFO] [Additionalmshookl] [INFO] [CreateCustomItem] 完成所有方法调用 for 测距仪
[15:53:41] [INFO] [Additionalmshookl] [INFO] [CreateCustomItem] CreateCustomItem方法成功完成 for 测距仪
[15:53:41] [INFO] [Additionalmshookl] [INFO] [MShook-DEBUG] CreateCustomItem方法调用完成
[15:53:41] [INFO] [Additionalmshookl] [INFO] 成功处理配置: 测距仪 (ID: 1008425) 来自 1008425_测距仪.json
[15:53:41] [INFO] [Additionalmshookl] [INFO] 配置文件 1008426_全息瞄具-机动.json 中设置的NewItemId: 1008426
[15:53:41] [INFO] [Additionalmshookl] [INFO] [MShook-DEBUG] 正在处理配置: 1008426_全息瞄具-机动.json 中的物品 全息瞄具-机动
[15:53:41] [INFO] [Additionalmshookl] [INFO] [MShook-DEBUG] 即将调用CreateCustomItem方法
[15:53:41] [INFO] [Additionalmshookl] [INFO] ========== CreateCustomItem 开始处理物品: 全息瞄具-机动 ==========
[15:53:41] [INFO] [Additionalmshookl] [INFO] 配置原始ID: 571, 新ID: 1008426
[15:53:41] [INFO] [Additionalmshookl] [INFO] 开始处理物品: 全息瞄具-机动，原始ID: 571，配置的新ID: 1008426
[15:53:41] [INFO] [Additionalmshookl] [INFO] 为物品 全息瞄具-机动 生成的唯一键: 2028974883
[15:53:41] [INFO] [Additionalmshookl] [INFO] 为物品 全息瞄具-机动 使用已保存的ID: 1008426
[15:53:41] [INFO] [Additionalmshookl] [INFO] 将ID 1008426 添加到已使用列表
[15:53:41] [INFO] [Additionalmshookl] [INFO] [CreateCustomItem] 开始设置物品属性 for 全息瞄具-机动
[15:53:41] [INFO] [Additionalmshookl] [INFO] [SetItemProperties] 开始设置物品 全息瞄具-机动 的基本属性
[15:53:41] [INFO] [Additionalmshookl] [INFO] 成功设置字段 typeID = 1008426 (类型: Item)
[15:53:41] [INFO] [Additionalmshookl] [INFO] 成功设置字段 weight = 0.2 (类型: Item)
[15:53:41] [INFO] [Additionalmshookl] [INFO] 成功设置字段 value = 1200 (类型: Item)
[15:53:41] [INFO] [Additionalmshookl] [INFO] 成功设置字段 displayName = 1008426 (类型: Item)
[15:53:41] [INFO] [Additionalmshookl] [INFO] 成功设置字段 quality = 3 (类型: Item)
[15:53:41] [INFO] [Additionalmshookl] [INFO] 成功设置字段 order = 0 (类型: Item)
[15:53:41] [INFO] [Additionalmshookl] [INFO] [SetItemProperties] 完成基本属性设置，开始处理Tags
[15:53:41] [INFO] [Additionalmshookl] [INFO] [SetItemProperties] 检测到Tags配置，数量: 2
[15:53:41] [INFO] [Additionalmshookl] [INFO] 物品 全息瞄具-机动 的所有标签: Accessory, Scope
[15:53:41] [INFO] [Additionalmshookl] [INFO] [TagUtils-DEBUG] 开始处理标签: Accessory
[15:53:41] [INFO] [TagUtils] ===== GetOrCreateTag方法被调用 =====
[15:53:41] [INFO] [TagUtils] 参数: tagName='Accessory', displayName=''
[15:53:41] [INFO] [TagUtils] FindExistingTag 查找: Accessory
[15:53:41] [INFO] [TagUtils] 找到 134 个Tag对象，开始查找: Accessory
[15:53:41] [INFO] [TagUtils] 通过属性找到匹配的Tag: Accessory
[15:53:41] [INFO] [TagUtils] 找到现有Tag: Accessory
[15:53:41] [INFO] [Additionalmshookl] [INFO] [TagUtils-DEBUG] 标签 Accessory 创建成功: Tag
[15:53:41] [INFO] [Additionalmshookl] [ERROR] 无法获取Tags列表
[15:53:41] [INFO] [Additionalmshookl] [INFO] [TagUtils-DEBUG] 开始处理标签: Scope
[15:53:41] [INFO] [TagUtils] ===== GetOrCreateTag方法被调用 =====
[15:53:41] [INFO] [TagUtils] 参数: tagName='Scope', displayName=''
[15:53:41] [INFO] [TagUtils] FindExistingTag 查找: Scope
[15:53:41] [INFO] [TagUtils] 找到 134 个Tag对象，开始查找: Scope
[15:53:41] [INFO] [TagUtils] 通过属性找到匹配的Tag: Scope
[15:53:41] [INFO] [TagUtils] 找到现有Tag: Scope
[15:53:41] [INFO] [Additionalmshookl] [INFO] [TagUtils-DEBUG] 标签 Scope 创建成功: Tag
[15:53:41] [INFO] [Additionalmshookl] [ERROR] 无法获取Tags列表
[15:53:41] [INFO] [Additionalmshookl] [INFO] 为物品 全息瞄具-机动 添加FoodDrink组件
[15:53:41] [INFO] [Additionalmshookl] [INFO] 物品 全息瞄具-机动 能量值: 0, 口渴值: 0
[15:53:41] [INFO] [Additionalmshookl] [INFO] 正在为 CustomItem_1008426 配置 Modifiers...
[15:53:41] [INFO] [Additionalmshookl] [INFO] 成功设置字段 value = 0 (类型: ModifierDescription)
[15:53:41] [INFO] [Additionalmshookl] [INFO] 成功设置字段 display = False (类型: ModifierDescription)
[15:53:41] [INFO] [Additionalmshookl] [INFO]   - Modifier 'ADSAimDistanceFactor' (原值: 0.16) 已被移除 (未在配置中指定)。
[15:53:41] [INFO] [Additionalmshookl] [INFO] 成功设置字段 value = 0 (类型: ModifierDescription)
[15:53:41] [INFO] [Additionalmshookl] [INFO] 成功设置字段 display = False (类型: ModifierDescription)
[15:53:41] [INFO] [Additionalmshookl] [INFO]   - Modifier 'CritDamageFactor' (原值: 0.1) 已被移除 (未在配置中指定)。
[15:53:41] [INFO] [Additionalmshookl] [INFO] CustomItem_1008426: 共修改/移除了 0 个现有 Modifier，添加了 0 个新的 Modifier。
[15:53:41] [INFO] [Additionalmshookl] [INFO] 开始应用防具属性配置
[15:53:41] [INFO] [Additionalmshookl] [INFO] 防具属性配置应用完成
[15:53:41] [INFO] [Additionalmshookl] [INFO] 物品 全息瞄具-机动 没有配置插槽设置，跳过插槽设置
[15:53:41] [INFO] [Additionalmshookl] [INFO] [原物品Buff分析] 开始分析物品 全息瞄具-机动 (原始ID: 571) 的原生Buff效果
[15:53:41] [INFO] [Additionalmshookl] [INFO] [原物品Buff分析] 物品上有 1 个UsageBehavior组件:
[15:53:41] [INFO] [Additionalmshookl] [INFO]   [0] FoodDrink
[15:53:41] [INFO] [Additionalmshookl] [INFO]       -> 类型: FoodDrink (非AddBuff)
[15:53:41] [INFO] [Additionalmshookl] [INFO] 物品 全息瞄具-机动 没有配置Buff持续时间，跳过修改
[15:53:41] [INFO] [Additionalmshookl] [INFO] [CreateCustomItem] 完成设置物品属性 for 全息瞄具-机动
[15:53:41] [INFO] [Additionalmshookl] [INFO] [CreateCustomItem] 开始设置本地化文本 for 全息瞄具-机动
[15:53:41] [INFO] [Additionalmshookl] [INFO] 设置物品 全息瞄具-机动 描述键: 1008426_Desc
[15:53:41] [INFO] [Additionalmshookl] [INFO] [CreateCustomItem] 完成设置本地化文本 for 全息瞄具-机动
[15:53:41] [INFO] [Additionalmshookl] [INFO] [CreateCustomItem] 开始设置图标 for 全息瞄具-机动
[15:53:41] [INFO] [Additionalmshookl] [INFO] 从模块文件夹加载图标: D:\SteamLibrary\steamapps\workshop\content\3167020\3661816441\icons\全息瞄具-机动.png
[15:53:41] [INFO] [Additionalmshookl] [INFO] 加载UI图标成功: 全息瞄具-机动.png
[15:53:41] [INFO] [Additionalmshookl] [INFO] [CreateCustomItem] 完成设置图标 for 全息瞄具-机动
[15:53:41] [INFO] [Additionalmshookl] [INFO] [CreateCustomItem] 完成设置世界模型贴图 for 全息瞄具-机动
[15:53:41] [INFO] [Additionalmshookl] [INFO] [CreateCustomItem] 开始注册物品 for 全息瞄具-机动
[15:53:41] [INFO] [Additionalmshookl] [INFO] 物品注册成功: 1008426 (ID: 1008426)
[15:53:41] [INFO] [Additionalmshookl] [INFO] [CreateCustomItem] 完成注册物品 for 全息瞄具-机动
[15:53:41] [INFO] [Additionalmshookl] [INFO] [CreateCustomItem] 准备调用SetupAdditionalSlots for 全息瞄具-机动
[15:53:41] [INFO] [Additionalmshookl] [INFO] [SetupAdditionalSlots] 开始处理物品 全息瞄具-机动 的配件槽配置
[15:53:41] [INFO] [Additionalmshookl] [INFO] [SetupAdditionalSlots] AdditionalSlotTags: 
[15:53:41] [INFO] [Additionalmshookl] [INFO] [SetupAdditionalSlots] AdditionalSlotCount: 0
[15:53:41] [INFO] [Additionalmshookl] [INFO] [SetupAdditionalSlots] ReplaceExistingSlots: False
[15:53:41] [INFO] [Additionalmshookl] [INFO] 物品 全息瞄具-机动 配件槽配置无效或未设置，跳过配件槽添加
[15:53:41] [INFO] [Additionalmshookl] [INFO] [CreateCustomItem] 准备调用SetupDecomposeFormula for 全息瞄具-机动
[15:53:41] [INFO] [Additionalmshookl] [INFO] [SetupDecomposeFormula] 开始处理物品 全息瞄具-机动 的分解配方，EnableDecompose: False
[15:53:41] [INFO] [Additionalmshookl] [INFO] [CreateCustomItem] 完成所有方法调用 for 全息瞄具-机动
[15:53:41] [INFO] [Additionalmshookl] [INFO] [CreateCustomItem] CreateCustomItem方法成功完成 for 全息瞄具-机动
[15:53:41] [INFO] [Additionalmshookl] [INFO] [MShook-DEBUG] CreateCustomItem方法调用完成
[15:53:41] [INFO] [Additionalmshookl] [INFO] 成功处理配置: 全息瞄具-机动 (ID: 1008426) 来自 1008426_全息瞄具-机动.json
[15:53:41] [INFO] [Additionalmshookl] [INFO] 配置文件 1008427_2倍镜-机动.json 中设置的NewItemId: 1008427
[15:53:41] [INFO] [Additionalmshookl] [INFO] [MShook-DEBUG] 正在处理配置: 1008427_2倍镜-机动.json 中的物品 2倍镜-机动
[15:53:41] [INFO] [Additionalmshookl] [INFO] [MShook-DEBUG] 即将调用CreateCustomItem方法
[15:53:41] [INFO] [Additionalmshookl] [INFO] ========== CreateCustomItem 开始处理物品: 2倍镜-机动 ==========
[15:53:41] [INFO] [Additionalmshookl] [INFO] 配置原始ID: 574, 新ID: 1008427
[15:53:41] [INFO] [Additionalmshookl] [INFO] 开始处理物品: 2倍镜-机动，原始ID: 574，配置的新ID: 1008427
[15:53:41] [INFO] [Additionalmshookl] [INFO] 为物品 2倍镜-机动 生成的唯一键: 131903678
[15:53:41] [INFO] [Additionalmshookl] [INFO] 为物品 2倍镜-机动 使用已保存的ID: 1008427
[15:53:41] [INFO] [Additionalmshookl] [INFO] 将ID 1008427 添加到已使用列表
[15:53:41] [INFO] [Additionalmshookl] [INFO] [CreateCustomItem] 开始设置物品属性 for 2倍镜-机动
[15:53:41] [INFO] [Additionalmshookl] [INFO] [SetItemProperties] 开始设置物品 2倍镜-机动 的基本属性
[15:53:41] [INFO] [Additionalmshookl] [INFO] 成功设置字段 typeID = 1008427 (类型: Item)
[15:53:41] [INFO] [Additionalmshookl] [INFO] 成功设置字段 weight = 0.35 (类型: Item)
[15:53:41] [INFO] [Additionalmshookl] [INFO] 成功设置字段 value = 1800 (类型: Item)
[15:53:41] [INFO] [Additionalmshookl] [INFO] 成功设置字段 displayName = 1008427 (类型: Item)
[15:53:41] [INFO] [Additionalmshookl] [INFO] 成功设置字段 quality = 4 (类型: Item)
[15:53:41] [INFO] [Additionalmshookl] [INFO] 成功设置字段 order = 0 (类型: Item)
[15:53:41] [INFO] [Additionalmshookl] [INFO] [SetItemProperties] 完成基本属性设置，开始处理Tags
[15:53:41] [INFO] [Additionalmshookl] [INFO] [SetItemProperties] 检测到Tags配置，数量: 2
[15:53:41] [INFO] [Additionalmshookl] [INFO] 物品 2倍镜-机动 的所有标签: Accessory, Scope
[15:53:41] [INFO] [Additionalmshookl] [INFO] [TagUtils-DEBUG] 开始处理标签: Accessory
[15:53:41] [INFO] [TagUtils] ===== GetOrCreateTag方法被调用 =====
[15:53:41] [INFO] [TagUtils] 参数: tagName='Accessory', displayName=''
[15:53:41] [INFO] [TagUtils] FindExistingTag 查找: Accessory
[15:53:41] [INFO] [TagUtils] 找到 134 个Tag对象，开始查找: Accessory
[15:53:41] [INFO] [TagUtils] 通过属性找到匹配的Tag: Accessory
[15:53:41] [INFO] [TagUtils] 找到现有Tag: Accessory
[15:53:41] [INFO] [Additionalmshookl] [INFO] [TagUtils-DEBUG] 标签 Accessory 创建成功: Tag
[15:53:41] [INFO] [Additionalmshookl] [ERROR] 无法获取Tags列表
[15:53:41] [INFO] [Additionalmshookl] [INFO] [TagUtils-DEBUG] 开始处理标签: Scope
[15:53:41] [INFO] [TagUtils] ===== GetOrCreateTag方法被调用 =====
[15:53:41] [INFO] [TagUtils] 参数: tagName='Scope', displayName=''
[15:53:41] [INFO] [TagUtils] FindExistingTag 查找: Scope
[15:53:41] [INFO] [TagUtils] 找到 134 个Tag对象，开始查找: Scope
[15:53:41] [INFO] [TagUtils] 通过属性找到匹配的Tag: Scope
[15:53:41] [INFO] [TagUtils] 找到现有Tag: Scope
[15:53:41] [INFO] [Additionalmshookl] [INFO] [TagUtils-DEBUG] 标签 Scope 创建成功: Tag
[15:53:41] [INFO] [Additionalmshookl] [ERROR] 无法获取Tags列表
[15:53:41] [INFO] [Additionalmshookl] [INFO] 为物品 2倍镜-机动 添加FoodDrink组件
[15:53:41] [INFO] [Additionalmshookl] [INFO] 物品 2倍镜-机动 能量值: 0, 口渴值: 0
[15:53:41] [INFO] [Additionalmshookl] [INFO] 正在为 CustomItem_1008427 配置 Modifiers...
[15:53:41] [INFO] [Additionalmshookl] [INFO] 成功设置字段 value = 0 (类型: ModifierDescription)
[15:53:41] [INFO] [Additionalmshookl] [INFO] 成功设置字段 display = False (类型: ModifierDescription)
[15:53:41] [INFO] [Additionalmshookl] [INFO]   - Modifier 'ADSAimDistanceFactor' (原值: 0.72) 已被移除 (未在配置中指定)。
[15:53:41] [INFO] [Additionalmshookl] [INFO] 成功设置字段 value = 0 (类型: ModifierDescription)
[15:53:41] [INFO] [Additionalmshookl] [INFO] 成功设置字段 display = False (类型: ModifierDescription)
[15:53:41] [INFO] [Additionalmshookl] [INFO]   - Modifier 'ADSTime' (原值: 0.1) 已被移除 (未在配置中指定)。
[15:53:41] [INFO] [Additionalmshookl] [INFO] 成功设置字段 value = 0 (类型: ModifierDescription)
[15:53:41] [INFO] [Additionalmshookl] [INFO] 成功设置字段 display = False (类型: ModifierDescription)
[15:53:41] [INFO] [Additionalmshookl] [INFO]   - Modifier 'RecoilScaleV' (原值: 0.2) 已被移除 (未在配置中指定)。
[15:53:41] [INFO] [Additionalmshookl] [INFO] 成功设置字段 value = 0 (类型: ModifierDescription)
[15:53:41] [INFO] [Additionalmshookl] [INFO] 成功设置字段 display = False (类型: ModifierDescription)
[15:53:41] [INFO] [Additionalmshookl] [INFO]   - Modifier 'RecoilScaleH' (原值: 0.08) 已被移除 (未在配置中指定)。
[15:53:41] [INFO] [Additionalmshookl] [INFO] CustomItem_1008427: 共修改/移除了 0 个现有 Modifier，添加了 0 个新的 Modifier。
[15:53:41] [INFO] [Additionalmshookl] [INFO] 开始应用防具属性配置
[15:53:41] [INFO] [Additionalmshookl] [INFO] 防具属性配置应用完成
[15:53:41] [INFO] [Additionalmshookl] [INFO] 物品 2倍镜-机动 没有配置插槽设置，跳过插槽设置
[15:53:41] [INFO] [Additionalmshookl] [INFO] [原物品Buff分析] 开始分析物品 2倍镜-机动 (原始ID: 574) 的原生Buff效果
[15:53:41] [INFO] [Additionalmshookl] [INFO] [原物品Buff分析] 物品上有 1 个UsageBehavior组件:
[15:53:41] [INFO] [Additionalmshookl] [INFO]   [0] FoodDrink
[15:53:41] [INFO] [Additionalmshookl] [INFO]       -> 类型: FoodDrink (非AddBuff)
[15:53:41] [INFO] [Additionalmshookl] [INFO] 物品 2倍镜-机动 没有配置Buff持续时间，跳过修改
[15:53:41] [INFO] [Additionalmshookl] [INFO] [CreateCustomItem] 完成设置物品属性 for 2倍镜-机动
[15:53:41] [INFO] [Additionalmshookl] [INFO] [CreateCustomItem] 开始设置本地化文本 for 2倍镜-机动
[15:53:41] [INFO] [Additionalmshookl] [INFO] 设置物品 2倍镜-机动 描述键: 1008427_Desc
[15:53:41] [INFO] [Additionalmshookl] [INFO] [CreateCustomItem] 完成设置本地化文本 for 2倍镜-机动
[15:53:41] [INFO] [Additionalmshookl] [INFO] [CreateCustomItem] 开始设置图标 for 2倍镜-机动
[15:53:41] [INFO] [Additionalmshookl] [INFO] 从模块文件夹加载图标: D:\SteamLibrary\steamapps\workshop\content\3167020\3661816441\icons\2倍镜-机动.png
[15:53:41] [INFO] [Additionalmshookl] [INFO] 加载UI图标成功: 2倍镜-机动.png
[15:53:41] [INFO] [Additionalmshookl] [INFO] [CreateCustomItem] 完成设置图标 for 2倍镜-机动
[15:53:41] [INFO] [Additionalmshookl] [INFO] [CreateCustomItem] 完成设置世界模型贴图 for 2倍镜-机动
[15:53:41] [INFO] [Additionalmshookl] [INFO] [CreateCustomItem] 开始注册物品 for 2倍镜-机动
[15:53:41] [INFO] [Additionalmshookl] [INFO] 物品注册成功: 1008427 (ID: 1008427)
[15:53:41] [INFO] [Additionalmshookl] [INFO] [CreateCustomItem] 完成注册物品 for 2倍镜-机动
[15:53:41] [INFO] [Additionalmshookl] [INFO] [CreateCustomItem] 准备调用SetupAdditionalSlots for 2倍镜-机动
[15:53:41] [INFO] [Additionalmshookl] [INFO] [SetupAdditionalSlots] 开始处理物品 2倍镜-机动 的配件槽配置
[15:53:41] [INFO] [Additionalmshookl] [INFO] [SetupAdditionalSlots] AdditionalSlotTags: 
[15:53:41] [INFO] [Additionalmshookl] [INFO] [SetupAdditionalSlots] AdditionalSlotCount: 0
[15:53:41] [INFO] [Additionalmshookl] [INFO] [SetupAdditionalSlots] ReplaceExistingSlots: False
[15:53:41] [INFO] [Additionalmshookl] [INFO] 物品 2倍镜-机动 配件槽配置无效或未设置，跳过配件槽添加
[15:53:41] [INFO] [Additionalmshookl] [INFO] [CreateCustomItem] 准备调用SetupDecomposeFormula for 2倍镜-机动
[15:53:41] [INFO] [Additionalmshookl] [INFO] [SetupDecomposeFormula] 开始处理物品 2倍镜-机动 的分解配方，EnableDecompose: False
[15:53:41] [INFO] [Additionalmshookl] [INFO] [CreateCustomItem] 完成所有方法调用 for 2倍镜-机动
[15:53:41] [INFO] [Additionalmshookl] [INFO] [CreateCustomItem] CreateCustomItem方法成功完成 for 2倍镜-机动
[15:53:41] [INFO] [Additionalmshookl] [INFO] [MShook-DEBUG] CreateCustomItem方法调用完成
[15:53:41] [INFO] [Additionalmshookl] [INFO] 成功处理配置: 2倍镜-机动 (ID: 1008427) 来自 1008427_2倍镜-机动.json
[15:53:41] [INFO] [Additionalmshookl] [INFO] 配置文件 1008428_4倍镜-机动.json 中设置的NewItemId: 1008428
[15:53:41] [INFO] [Additionalmshookl] [INFO] [MShook-DEBUG] 正在处理配置: 1008428_4倍镜-机动.json 中的物品 4倍镜-机动
[15:53:41] [INFO] [Additionalmshookl] [INFO] [MShook-DEBUG] 即将调用CreateCustomItem方法
[15:53:41] [INFO] [Additionalmshookl] [INFO] ========== CreateCustomItem 开始处理物品: 4倍镜-机动 ==========
[15:53:41] [INFO] [Additionalmshookl] [INFO] 配置原始ID: 568, 新ID: 1008428
[15:53:41] [INFO] [Additionalmshookl] [INFO] 开始处理物品: 4倍镜-机动，原始ID: 568，配置的新ID: 1008428
[15:53:41] [INFO] [Additionalmshookl] [INFO] 为物品 4倍镜-机动 生成的唯一键: 2026474588
[15:53:41] [INFO] [Additionalmshookl] [INFO] 为物品 4倍镜-机动 使用已保存的ID: 1008428
[15:53:41] [INFO] [Additionalmshookl] [INFO] 将ID 1008428 添加到已使用列表
[15:53:41] [INFO] [Additionalmshookl] [INFO] [CreateCustomItem] 开始设置物品属性 for 4倍镜-机动
[15:53:41] [INFO] [Additionalmshookl] [INFO] [SetItemProperties] 开始设置物品 4倍镜-机动 的基本属性
[15:53:41] [INFO] [Additionalmshookl] [INFO] 成功设置字段 typeID = 1008428 (类型: Item)
[15:53:41] [INFO] [Additionalmshookl] [INFO] 成功设置字段 weight = 0.2 (类型: Item)
[15:53:41] [INFO] [Additionalmshookl] [INFO] 成功设置字段 value = 1800 (类型: Item)
[15:53:41] [INFO] [Additionalmshookl] [INFO] 成功设置字段 displayName = 1008428 (类型: Item)
[15:53:41] [INFO] [Additionalmshookl] [INFO] 成功设置字段 quality = 4 (类型: Item)
[15:53:41] [INFO] [Additionalmshookl] [INFO] 成功设置字段 order = 0 (类型: Item)
[15:53:41] [INFO] [Additionalmshookl] [INFO] [SetItemProperties] 完成基本属性设置，开始处理Tags
[15:53:41] [INFO] [Additionalmshookl] [INFO] [SetItemProperties] 检测到Tags配置，数量: 2
[15:53:41] [INFO] [Additionalmshookl] [INFO] 物品 4倍镜-机动 的所有标签: Accessory, Scope
[15:53:41] [INFO] [Additionalmshookl] [INFO] [TagUtils-DEBUG] 开始处理标签: Accessory
[15:53:41] [INFO] [TagUtils] ===== GetOrCreateTag方法被调用 =====
[15:53:41] [INFO] [TagUtils] 参数: tagName='Accessory', displayName=''
[15:53:41] [INFO] [TagUtils] FindExistingTag 查找: Accessory
[15:53:41] [INFO] [TagUtils] 找到 134 个Tag对象，开始查找: Accessory
[15:53:41] [INFO] [TagUtils] 通过属性找到匹配的Tag: Accessory
[15:53:41] [INFO] [TagUtils] 找到现有Tag: Accessory
[15:53:41] [INFO] [Additionalmshookl] [INFO] [TagUtils-DEBUG] 标签 Accessory 创建成功: Tag
[15:53:41] [INFO] [Additionalmshookl] [ERROR] 无法获取Tags列表
[15:53:41] [INFO] [Additionalmshookl] [INFO] [TagUtils-DEBUG] 开始处理标签: Scope
[15:53:41] [INFO] [TagUtils] ===== GetOrCreateTag方法被调用 =====
[15:53:41] [INFO] [TagUtils] 参数: tagName='Scope', displayName=''
[15:53:41] [INFO] [TagUtils] FindExistingTag 查找: Scope
[15:53:41] [INFO] [TagUtils] 找到 134 个Tag对象，开始查找: Scope
[15:53:41] [INFO] [TagUtils] 通过属性找到匹配的Tag: Scope
[15:53:41] [INFO] [TagUtils] 找到现有Tag: Scope
[15:53:41] [INFO] [Additionalmshookl] [INFO] [TagUtils-DEBUG] 标签 Scope 创建成功: Tag
[15:53:41] [INFO] [Additionalmshookl] [ERROR] 无法获取Tags列表
[15:53:41] [INFO] [Additionalmshookl] [INFO] 为物品 4倍镜-机动 添加FoodDrink组件
[15:53:41] [INFO] [Additionalmshookl] [INFO] 物品 4倍镜-机动 能量值: 0, 口渴值: 0
[15:53:41] [INFO] [Additionalmshookl] [INFO] 正在为 CustomItem_1008428 配置 Modifiers...
[15:53:41] [INFO] [Additionalmshookl] [INFO] 成功设置字段 value = 0 (类型: ModifierDescription)
[15:53:41] [INFO] [Additionalmshookl] [INFO] 成功设置字段 display = False (类型: ModifierDescription)
[15:53:41] [INFO] [Additionalmshookl] [INFO]   - Modifier 'ADSAimDistanceFactor' (原值: 1.36) 已被移除 (未在配置中指定)。
[15:53:41] [INFO] [Additionalmshookl] [INFO] 成功设置字段 value = 0 (类型: ModifierDescription)
[15:53:41] [INFO] [Additionalmshookl] [INFO] 成功设置字段 display = False (类型: ModifierDescription)
[15:53:41] [INFO] [Additionalmshookl] [INFO]   - Modifier 'BulletDistance' (原值: 0.05) 已被移除 (未在配置中指定)。
[15:53:41] [INFO] [Additionalmshookl] [INFO] 成功设置字段 value = 0 (类型: ModifierDescription)
[15:53:41] [INFO] [Additionalmshookl] [INFO] 成功设置字段 display = False (类型: ModifierDescription)
[15:53:41] [INFO] [Additionalmshookl] [INFO]   - Modifier 'MaxScatter' (原值: 0.15) 已被移除 (未在配置中指定)。
[15:53:41] [INFO] [Additionalmshookl] [INFO] 成功设置字段 value = 0 (类型: ModifierDescription)
[15:53:41] [INFO] [Additionalmshookl] [INFO] 成功设置字段 display = False (类型: ModifierDescription)
[15:53:41] [INFO] [Additionalmshookl] [INFO]   - Modifier 'ADSTime' (原值: 0.3) 已被移除 (未在配置中指定)。
[15:53:41] [INFO] [Additionalmshookl] [INFO] 成功设置字段 value = 0 (类型: ModifierDescription)
[15:53:41] [INFO] [Additionalmshookl] [INFO] 成功设置字段 display = False (类型: ModifierDescription)
[15:53:41] [INFO] [Additionalmshookl] [INFO]   - Modifier 'RecoilScaleV' (原值: 0.7) 已被移除 (未在配置中指定)。
[15:53:41] [INFO] [Additionalmshookl] [INFO] 成功设置字段 value = 0 (类型: ModifierDescription)
[15:53:41] [INFO] [Additionalmshookl] [INFO] 成功设置字段 display = False (类型: ModifierDescription)
[15:53:41] [INFO] [Additionalmshookl] [INFO]   - Modifier 'RecoilScaleH' (原值: 0.3) 已被移除 (未在配置中指定)。
[15:53:41] [INFO] [Additionalmshookl] [INFO] CustomItem_1008428: 共修改/移除了 0 个现有 Modifier，添加了 0 个新的 Modifier。
[15:53:41] [INFO] [Additionalmshookl] [INFO] 开始应用防具属性配置
[15:53:41] [INFO] [Additionalmshookl] [INFO] 防具属性配置应用完成
[15:53:41] [INFO] [Additionalmshookl] [INFO] 物品 4倍镜-机动 没有配置插槽设置，跳过插槽设置
[15:53:41] [INFO] [Additionalmshookl] [INFO] [原物品Buff分析] 开始分析物品 4倍镜-机动 (原始ID: 568) 的原生Buff效果
[15:53:41] [INFO] [Additionalmshookl] [INFO] [原物品Buff分析] 物品上有 1 个UsageBehavior组件:
[15:53:41] [INFO] [Additionalmshookl] [INFO]   [0] FoodDrink
[15:53:41] [INFO] [Additionalmshookl] [INFO]       -> 类型: FoodDrink (非AddBuff)
[15:53:41] [INFO] [Additionalmshookl] [INFO] 物品 4倍镜-机动 没有配置Buff持续时间，跳过修改
[15:53:41] [INFO] [Additionalmshookl] [INFO] [CreateCustomItem] 完成设置物品属性 for 4倍镜-机动
[15:53:41] [INFO] [Additionalmshookl] [INFO] [CreateCustomItem] 开始设置本地化文本 for 4倍镜-机动
[15:53:41] [INFO] [Additionalmshookl] [INFO] 设置物品 4倍镜-机动 描述键: 1008428_Desc
[15:53:41] [INFO] [Additionalmshookl] [INFO] [CreateCustomItem] 完成设置本地化文本 for 4倍镜-机动
[15:53:41] [INFO] [Additionalmshookl] [INFO] [CreateCustomItem] 开始设置图标 for 4倍镜-机动
[15:53:41] [INFO] [Additionalmshookl] [INFO] 从模块文件夹加载图标: D:\SteamLibrary\steamapps\workshop\content\3167020\3661816441\icons\4倍镜-机动.png
[15:53:41] [INFO] [Additionalmshookl] [INFO] 加载UI图标成功: 4倍镜-机动.png
[15:53:41] [INFO] [Additionalmshookl] [INFO] [CreateCustomItem] 完成设置图标 for 4倍镜-机动
[15:53:41] [INFO] [Additionalmshookl] [INFO] [CreateCustomItem] 完成设置世界模型贴图 for 4倍镜-机动
[15:53:41] [INFO] [Additionalmshookl] [INFO] [CreateCustomItem] 开始注册物品 for 4倍镜-机动
[15:53:41] [INFO] [Additionalmshookl] [INFO] 物品注册成功: 1008428 (ID: 1008428)
[15:53:41] [INFO] [Additionalmshookl] [INFO] [CreateCustomItem] 完成注册物品 for 4倍镜-机动
[15:53:41] [INFO] [Additionalmshookl] [INFO] [CreateCustomItem] 准备调用SetupAdditionalSlots for 4倍镜-机动
[15:53:41] [INFO] [Additionalmshookl] [INFO] [SetupAdditionalSlots] 开始处理物品 4倍镜-机动 的配件槽配置
[15:53:41] [INFO] [Additionalmshookl] [INFO] [SetupAdditionalSlots] AdditionalSlotTags: 
[15:53:41] [INFO] [Additionalmshookl] [INFO] [SetupAdditionalSlots] AdditionalSlotCount: 0
[15:53:41] [INFO] [Additionalmshookl] [INFO] [SetupAdditionalSlots] ReplaceExistingSlots: False
[15:53:41] [INFO] [Additionalmshookl] [INFO] 物品 4倍镜-机动 配件槽配置无效或未设置，跳过配件槽添加
[15:53:41] [INFO] [Additionalmshookl] [INFO] [CreateCustomItem] 准备调用SetupDecomposeFormula for 4倍镜-机动
[15:53:41] [INFO] [Additionalmshookl] [INFO] [SetupDecomposeFormula] 开始处理物品 4倍镜-机动 的分解配方，EnableDecompose: False
[15:53:41] [INFO] [Additionalmshookl] [INFO] [CreateCustomItem] 完成所有方法调用 for 4倍镜-机动
[15:53:41] [INFO] [Additionalmshookl] [INFO] [CreateCustomItem] CreateCustomItem方法成功完成 for 4倍镜-机动
[15:53:41] [INFO] [Additionalmshookl] [INFO] [MShook-DEBUG] CreateCustomItem方法调用完成
[15:53:41] [INFO] [Additionalmshookl] [INFO] 成功处理配置: 4倍镜-机动 (ID: 1008428) 来自 1008428_4倍镜-机动.json
[15:53:41] [INFO] [Additionalmshookl] [INFO] 配置文件 1008429_低倍可变光学瞄具.json 中设置的NewItemId: 1008429
[15:53:41] [INFO] [Additionalmshookl] [INFO] [MShook-DEBUG] 正在处理配置: 1008429_低倍可变光学瞄具.json 中的物品 低倍可变光学瞄具
[15:53:41] [INFO] [Additionalmshookl] [INFO] [MShook-DEBUG] 即将调用CreateCustomItem方法
[15:53:41] [INFO] [Additionalmshookl] [INFO] ========== CreateCustomItem 开始处理物品: 低倍可变光学瞄具 ==========
[15:53:41] [INFO] [Additionalmshookl] [INFO] 配置原始ID: 569, 新ID: 1008429
[15:53:41] [INFO] [Additionalmshookl] [INFO] 开始处理物品: 低倍可变光学瞄具，原始ID: 569，配置的新ID: 1008429
[15:53:41] [INFO] [Additionalmshookl] [INFO] 为物品 低倍可变光学瞄具 生成的唯一键: 779894838
[15:53:41] [INFO] [Additionalmshookl] [INFO] 为物品 低倍可变光学瞄具 使用已保存的ID: 1008429
[15:53:41] [INFO] [Additionalmshookl] [INFO] 将ID 1008429 添加到已使用列表
[15:53:41] [INFO] [Additionalmshookl] [INFO] [CreateCustomItem] 开始设置物品属性 for 低倍可变光学瞄具
[15:53:41] [INFO] [Additionalmshookl] [INFO] [SetItemProperties] 开始设置物品 低倍可变光学瞄具 的基本属性
[15:53:41] [INFO] [Additionalmshookl] [INFO] 成功设置字段 typeID = 1008429 (类型: Item)
[15:53:41] [INFO] [Additionalmshookl] [INFO] 成功设置字段 weight = 0.5 (类型: Item)
[15:53:41] [INFO] [Additionalmshookl] [INFO] 成功设置字段 value = 6000 (类型: Item)
[15:53:41] [INFO] [Additionalmshookl] [INFO] 成功设置字段 displayName = 1008429 (类型: Item)
[15:53:41] [INFO] [Additionalmshookl] [INFO] 成功设置字段 quality = 5 (类型: Item)
[15:53:41] [INFO] [Additionalmshookl] [INFO] 成功设置字段 order = 0 (类型: Item)
[15:53:41] [INFO] [Additionalmshookl] [INFO] [SetItemProperties] 完成基本属性设置，开始处理Tags
[15:53:41] [INFO] [Additionalmshookl] [INFO] [SetItemProperties] 检测到Tags配置，数量: 2
[15:53:41] [INFO] [Additionalmshookl] [INFO] 物品 低倍可变光学瞄具 的所有标签: Accessory, Scope
[15:53:41] [INFO] [Additionalmshookl] [INFO] [TagUtils-DEBUG] 开始处理标签: Accessory
[15:53:41] [INFO] [TagUtils] ===== GetOrCreateTag方法被调用 =====
[15:53:41] [INFO] [TagUtils] 参数: tagName='Accessory', displayName=''
[15:53:41] [INFO] [TagUtils] FindExistingTag 查找: Accessory
[15:53:41] [INFO] [TagUtils] 找到 134 个Tag对象，开始查找: Accessory
[15:53:41] [INFO] [TagUtils] 通过属性找到匹配的Tag: Accessory
[15:53:41] [INFO] [TagUtils] 找到现有Tag: Accessory
[15:53:41] [INFO] [Additionalmshookl] [INFO] [TagUtils-DEBUG] 标签 Accessory 创建成功: Tag
[15:53:41] [INFO] [Additionalmshookl] [ERROR] 无法获取Tags列表
[15:53:41] [INFO] [Additionalmshookl] [INFO] [TagUtils-DEBUG] 开始处理标签: Scope
[15:53:41] [INFO] [TagUtils] ===== GetOrCreateTag方法被调用 =====
[15:53:41] [INFO] [TagUtils] 参数: tagName='Scope', displayName=''
[15:53:41] [INFO] [TagUtils] FindExistingTag 查找: Scope
[15:53:41] [INFO] [TagUtils] 找到 134 个Tag对象，开始查找: Scope
[15:53:41] [INFO] [TagUtils] 通过属性找到匹配的Tag: Scope
[15:53:41] [INFO] [TagUtils] 找到现有Tag: Scope
[15:53:41] [INFO] [Additionalmshookl] [INFO] [TagUtils-DEBUG] 标签 Scope 创建成功: Tag
[15:53:41] [INFO] [Additionalmshookl] [ERROR] 无法获取Tags列表
[15:53:41] [INFO] [Additionalmshookl] [INFO] 为物品 低倍可变光学瞄具 添加FoodDrink组件
[15:53:41] [INFO] [Additionalmshookl] [INFO] 物品 低倍可变光学瞄具 能量值: 0, 口渴值: 0
[15:53:41] [INFO] [Additionalmshookl] [INFO] 正在为 CustomItem_1008429 配置 Modifiers...
[15:53:41] [INFO] [Additionalmshookl] [INFO] 成功设置字段 value = 0 (类型: ModifierDescription)
[15:53:41] [INFO] [Additionalmshookl] [INFO] 成功设置字段 display = False (类型: ModifierDescription)
[15:53:41] [INFO] [Additionalmshookl] [INFO]   - Modifier 'ADSAimDistanceFactor' (原值: 2.4) 已被移除 (未在配置中指定)。
[15:53:41] [INFO] [Additionalmshookl] [INFO] 成功设置字段 value = 0 (类型: ModifierDescription)
[15:53:41] [INFO] [Additionalmshookl] [INFO] 成功设置字段 display = False (类型: ModifierDescription)
[15:53:41] [INFO] [Additionalmshookl] [INFO]   - Modifier 'BulletDistance' (原值: 0.1) 已被移除 (未在配置中指定)。
[15:53:41] [INFO] [Additionalmshookl] [INFO] 成功设置字段 value = 0 (类型: ModifierDescription)
[15:53:41] [INFO] [Additionalmshookl] [INFO] 成功设置字段 display = False (类型: ModifierDescription)
[15:53:41] [INFO] [Additionalmshookl] [INFO]   - Modifier 'MaxScatter' (原值: 0.25) 已被移除 (未在配置中指定)。
[15:53:41] [INFO] [Additionalmshookl] [INFO] 成功设置字段 value = 0 (类型: ModifierDescription)
[15:53:41] [INFO] [Additionalmshookl] [INFO] 成功设置字段 display = False (类型: ModifierDescription)
[15:53:41] [INFO] [Additionalmshookl] [INFO]   - Modifier 'ADSTime' (原值: 0.6) 已被移除 (未在配置中指定)。
[15:53:41] [INFO] [Additionalmshookl] [INFO] 成功设置字段 value = 0 (类型: ModifierDescription)
[15:53:41] [INFO] [Additionalmshookl] [INFO] 成功设置字段 display = False (类型: ModifierDescription)
[15:53:41] [INFO] [Additionalmshookl] [INFO]   - Modifier 'RecoilScaleV' (原值: 1) 已被移除 (未在配置中指定)。
[15:53:41] [INFO] [Additionalmshookl] [INFO] 成功设置字段 value = 0 (类型: ModifierDescription)
[15:53:41] [INFO] [Additionalmshookl] [INFO] 成功设置字段 display = False (类型: ModifierDescription)
[15:53:41] [INFO] [Additionalmshookl] [INFO]   - Modifier 'RecoilScaleH' (原值: 0.3) 已被移除 (未在配置中指定)。
[15:53:41] [INFO] [Additionalmshookl] [INFO] CustomItem_1008429: 共修改/移除了 0 个现有 Modifier，添加了 0 个新的 Modifier。
[15:53:41] [INFO] [Additionalmshookl] [INFO] 开始应用防具属性配置
[15:53:41] [INFO] [Additionalmshookl] [INFO] 防具属性配置应用完成
[15:53:41] [INFO] [Additionalmshookl] [INFO] 物品 低倍可变光学瞄具 没有配置插槽设置，跳过插槽设置
[15:53:41] [INFO] [Additionalmshookl] [INFO] [原物品Buff分析] 开始分析物品 低倍可变光学瞄具 (原始ID: 569) 的原生Buff效果
[15:53:41] [INFO] [Additionalmshookl] [INFO] [原物品Buff分析] 物品上有 1 个UsageBehavior组件:
[15:53:41] [INFO] [Additionalmshookl] [INFO]   [0] FoodDrink
[15:53:41] [INFO] [Additionalmshookl] [INFO]       -> 类型: FoodDrink (非AddBuff)
[15:53:41] [INFO] [Additionalmshookl] [INFO] 物品 低倍可变光学瞄具 没有配置Buff持续时间，跳过修改
[15:53:41] [INFO] [Additionalmshookl] [INFO] [CreateCustomItem] 完成设置物品属性 for 低倍可变光学瞄具
[15:53:41] [INFO] [Additionalmshookl] [INFO] [CreateCustomItem] 开始设置本地化文本 for 低倍可变光学瞄具
[15:53:41] [INFO] [Additionalmshookl] [INFO] 设置物品 低倍可变光学瞄具 描述键: 1008429_Desc
[15:53:41] [INFO] [Additionalmshookl] [INFO] [CreateCustomItem] 完成设置本地化文本 for 低倍可变光学瞄具
[15:53:41] [INFO] [Additionalmshookl] [INFO] [CreateCustomItem] 开始设置图标 for 低倍可变光学瞄具
[15:53:41] [INFO] [Additionalmshookl] [INFO] 从模块文件夹加载图标: D:\SteamLibrary\steamapps\workshop\content\3167020\3661816441\icons\低倍可变光学瞄具.png
[15:53:41] [INFO] [Additionalmshookl] [INFO] 加载UI图标成功: 低倍可变光学瞄具.png
[15:53:41] [INFO] [Additionalmshookl] [INFO] [CreateCustomItem] 完成设置图标 for 低倍可变光学瞄具
[15:53:41] [INFO] [Additionalmshookl] [INFO] [CreateCustomItem] 完成设置世界模型贴图 for 低倍可变光学瞄具
[15:53:41] [INFO] [Additionalmshookl] [INFO] [CreateCustomItem] 开始注册物品 for 低倍可变光学瞄具
[15:53:41] [INFO] [Additionalmshookl] [INFO] 物品注册成功: 1008429 (ID: 1008429)
[15:53:41] [INFO] [Additionalmshookl] [INFO] [CreateCustomItem] 完成注册物品 for 低倍可变光学瞄具
[15:53:41] [INFO] [Additionalmshookl] [INFO] [CreateCustomItem] 准备调用SetupAdditionalSlots for 低倍可变光学瞄具
[15:53:41] [INFO] [Additionalmshookl] [INFO] [SetupAdditionalSlots] 开始处理物品 低倍可变光学瞄具 的配件槽配置
[15:53:41] [INFO] [Additionalmshookl] [INFO] [SetupAdditionalSlots] AdditionalSlotTags: 
[15:53:41] [INFO] [Additionalmshookl] [INFO] [SetupAdditionalSlots] AdditionalSlotCount: 0
[15:53:41] [INFO] [Additionalmshookl] [INFO] [SetupAdditionalSlots] ReplaceExistingSlots: False
[15:53:41] [INFO] [Additionalmshookl] [INFO] 物品 低倍可变光学瞄具 配件槽配置无效或未设置，跳过配件槽添加
[15:53:41] [INFO] [Additionalmshookl] [INFO] [CreateCustomItem] 准备调用SetupDecomposeFormula for 低倍可变光学瞄具
[15:53:41] [INFO] [Additionalmshookl] [INFO] [SetupDecomposeFormula] 开始处理物品 低倍可变光学瞄具 的分解配方，EnableDecompose: False
[15:53:41] [INFO] [Additionalmshookl] [INFO] [CreateCustomItem] 完成所有方法调用 for 低倍可变光学瞄具
[15:53:41] [INFO] [Additionalmshookl] [INFO] [CreateCustomItem] CreateCustomItem方法成功完成 for 低倍可变光学瞄具
[15:53:41] [INFO] [Additionalmshookl] [INFO] [MShook-DEBUG] CreateCustomItem方法调用完成
[15:53:41] [INFO] [Additionalmshookl] [INFO] 成功处理配置: 低倍可变光学瞄具 (ID: 1008429) 来自 1008429_低倍可变光学瞄具.json
[15:53:41] [INFO] [Additionalmshookl] [INFO] 配置文件 1008430_鬼魅消音器.json 中设置的NewItemId: 1008430
[15:53:41] [INFO] [Additionalmshookl] [INFO] [MShook-DEBUG] 正在处理配置: 1008430_鬼魅消音器.json 中的物品 鬼魅消音器
[15:53:41] [INFO] [Additionalmshookl] [INFO] [MShook-DEBUG] 即将调用CreateCustomItem方法
[15:53:41] [INFO] [Additionalmshookl] [INFO] ========== CreateCustomItem 开始处理物品: 鬼魅消音器 ==========
[15:53:41] [INFO] [Additionalmshookl] [INFO] 配置原始ID: 776, 新ID: 1008430
[15:53:41] [INFO] [Additionalmshookl] [INFO] 开始处理物品: 鬼魅消音器，原始ID: 776，配置的新ID: 1008430
[15:53:41] [INFO] [Additionalmshookl] [INFO] 为物品 鬼魅消音器 生成的唯一键: 339870792
[15:53:41] [INFO] [Additionalmshookl] [INFO] 为物品 鬼魅消音器 使用已保存的ID: 1008430
[15:53:41] [INFO] [Additionalmshookl] [INFO] 将ID 1008430 添加到已使用列表
[15:53:41] [INFO] [Additionalmshookl] [INFO] [CreateCustomItem] 开始设置物品属性 for 鬼魅消音器
[15:53:41] [INFO] [Additionalmshookl] [INFO] [SetItemProperties] 开始设置物品 鬼魅消音器 的基本属性
[15:53:41] [INFO] [Additionalmshookl] [INFO] 成功设置字段 typeID = 1008430 (类型: Item)
[15:53:41] [INFO] [Additionalmshookl] [INFO] 成功设置字段 weight = 1.1 (类型: Item)
[15:53:41] [INFO] [Additionalmshookl] [INFO] 成功设置字段 value = 8000 (类型: Item)
[15:53:41] [INFO] [Additionalmshookl] [INFO] 成功设置字段 displayName = 1008430 (类型: Item)
[15:53:41] [INFO] [Additionalmshookl] [INFO] 成功设置字段 quality = 6 (类型: Item)
[15:53:41] [INFO] [Additionalmshookl] [INFO] 成功设置字段 order = 0 (类型: Item)
[15:53:41] [INFO] [Additionalmshookl] [INFO] [SetItemProperties] 完成基本属性设置，开始处理Tags
[15:53:41] [INFO] [Additionalmshookl] [INFO] [SetItemProperties] 检测到Tags配置，数量: 4
[15:53:41] [INFO] [Additionalmshookl] [INFO] 物品 鬼魅消音器 的所有标签: Accessory, Muzzle, GunType_SMG, GunType_PST
[15:53:41] [INFO] [Additionalmshookl] [INFO] [TagUtils-DEBUG] 开始处理标签: Accessory
[15:53:41] [INFO] [TagUtils] ===== GetOrCreateTag方法被调用 =====
[15:53:41] [INFO] [TagUtils] 参数: tagName='Accessory', displayName=''
[15:53:41] [INFO] [TagUtils] FindExistingTag 查找: Accessory
[15:53:41] [INFO] [TagUtils] 找到 134 个Tag对象，开始查找: Accessory
[15:53:41] [INFO] [TagUtils] 通过属性找到匹配的Tag: Accessory
[15:53:41] [INFO] [TagUtils] 找到现有Tag: Accessory
[15:53:41] [INFO] [Additionalmshookl] [INFO] [TagUtils-DEBUG] 标签 Accessory 创建成功: Tag
[15:53:41] [INFO] [Additionalmshookl] [ERROR] 无法获取Tags列表
[15:53:41] [INFO] [Additionalmshookl] [INFO] [TagUtils-DEBUG] 开始处理标签: Muzzle
[15:53:41] [INFO] [TagUtils] ===== GetOrCreateTag方法被调用 =====
[15:53:41] [INFO] [TagUtils] 参数: tagName='Muzzle', displayName=''
[15:53:41] [INFO] [TagUtils] FindExistingTag 查找: Muzzle
[15:53:41] [INFO] [TagUtils] 找到 134 个Tag对象，开始查找: Muzzle
[15:53:41] [INFO] [TagUtils] 通过属性找到匹配的Tag: Muzzle
[15:53:41] [INFO] [TagUtils] 找到现有Tag: Muzzle
[15:53:41] [INFO] [Additionalmshookl] [INFO] [TagUtils-DEBUG] 标签 Muzzle 创建成功: Tag
[15:53:41] [INFO] [Additionalmshookl] [ERROR] 无法获取Tags列表
[15:53:41] [INFO] [Additionalmshookl] [INFO] [TagUtils-DEBUG] 开始处理标签: GunType_SMG
[15:53:41] [INFO] [TagUtils] ===== GetOrCreateTag方法被调用 =====
[15:53:41] [INFO] [TagUtils] 参数: tagName='GunType_SMG', displayName=''
[15:53:41] [INFO] [TagUtils] FindExistingTag 查找: GunType_SMG
[15:53:41] [INFO] [TagUtils] 找到 134 个Tag对象，开始查找: GunType_SMG
[15:53:41] [INFO] [TagUtils] 通过属性找到匹配的Tag: GunType_SMG
[15:53:41] [INFO] [TagUtils] 找到现有Tag: GunType_SMG
[15:53:41] [INFO] [Additionalmshookl] [INFO] [TagUtils-DEBUG] 标签 GunType_SMG 创建成功: Tag
[15:53:41] [INFO] [Additionalmshookl] [ERROR] 无法获取Tags列表
[15:53:41] [INFO] [Additionalmshookl] [INFO] [TagUtils-DEBUG] 开始处理标签: GunType_PST
[15:53:41] [INFO] [TagUtils] ===== GetOrCreateTag方法被调用 =====
[15:53:41] [INFO] [TagUtils] 参数: tagName='GunType_PST', displayName=''
[15:53:41] [INFO] [TagUtils] FindExistingTag 查找: GunType_PST
[15:53:41] [INFO] [TagUtils] 找到 134 个Tag对象，开始查找: GunType_PST
[15:53:41] [INFO] [TagUtils] 通过属性找到匹配的Tag: GunType_PST
[15:53:41] [INFO] [TagUtils] 找到现有Tag: GunType_PST
[15:53:41] [INFO] [Additionalmshookl] [INFO] [TagUtils-DEBUG] 标签 GunType_PST 创建成功: Tag
[15:53:41] [INFO] [Additionalmshookl] [ERROR] 无法获取Tags列表
[15:53:41] [INFO] [Additionalmshookl] [INFO] 为物品 鬼魅消音器 添加FoodDrink组件
[15:53:41] [INFO] [Additionalmshookl] [INFO] 物品 鬼魅消音器 能量值: 0, 口渴值: 0
[15:53:41] [INFO] [Additionalmshookl] [INFO] 正在为 CustomItem_1008430 配置 Modifiers...
[15:53:41] [INFO] [Additionalmshookl] [INFO] 成功设置字段 value = 0 (类型: ModifierDescription)
[15:53:41] [INFO] [Additionalmshookl] [INFO] 成功设置字段 display = False (类型: ModifierDescription)
[15:53:41] [INFO] [Additionalmshookl] [INFO]   - Modifier 'SoundRange' (原值: -0.5) 已被移除 (未在配置中指定)。
[15:53:41] [INFO] [Additionalmshookl] [INFO] 成功设置字段 value = 0 (类型: ModifierDescription)
[15:53:41] [INFO] [Additionalmshookl] [INFO] 成功设置字段 display = False (类型: ModifierDescription)
[15:53:41] [INFO] [Additionalmshookl] [INFO]   - Modifier 'ScatterFactor' (原值: -0.13) 已被移除 (未在配置中指定)。
[15:53:41] [INFO] [Additionalmshookl] [INFO] 成功设置字段 value = 0 (类型: ModifierDescription)
[15:53:41] [INFO] [Additionalmshookl] [INFO] 成功设置字段 display = False (类型: ModifierDescription)
[15:53:41] [INFO] [Additionalmshookl] [INFO]   - Modifier 'ScatterFactorADS' (原值: -0.13) 已被移除 (未在配置中指定)。
[15:53:41] [INFO] [Additionalmshookl] [INFO] 成功设置字段 value = 0 (类型: ModifierDescription)
[15:53:41] [INFO] [Additionalmshookl] [INFO] 成功设置字段 display = False (类型: ModifierDescription)
[15:53:41] [INFO] [Additionalmshookl] [INFO]   - Modifier 'MoveSpeedMultiplier' (原值: -0.08) 已被移除 (未在配置中指定)。
[15:53:41] [INFO] [Additionalmshookl] [INFO] CustomItem_1008430: 共修改/移除了 0 个现有 Modifier，添加了 0 个新的 Modifier。
[15:53:41] [INFO] [Additionalmshookl] [INFO] 开始应用防具属性配置
[15:53:41] [INFO] [Additionalmshookl] [INFO] 防具属性配置应用完成
[15:53:41] [INFO] [Additionalmshookl] [INFO] 物品 鬼魅消音器 没有配置插槽设置，跳过插槽设置
[15:53:41] [INFO] [Additionalmshookl] [INFO] [原物品Buff分析] 开始分析物品 鬼魅消音器 (原始ID: 776) 的原生Buff效果
[15:53:41] [INFO] [Additionalmshookl] [INFO] [原物品Buff分析] 物品上有 1 个UsageBehavior组件:
[15:53:41] [INFO] [Additionalmshookl] [INFO]   [0] FoodDrink
[15:53:41] [INFO] [Additionalmshookl] [INFO]       -> 类型: FoodDrink (非AddBuff)
[15:53:41] [INFO] [Additionalmshookl] [INFO] 物品 鬼魅消音器 没有配置Buff持续时间，跳过修改
[15:53:41] [INFO] [Additionalmshookl] [INFO] [CreateCustomItem] 完成设置物品属性 for 鬼魅消音器
[15:53:41] [INFO] [Additionalmshookl] [INFO] [CreateCustomItem] 开始设置本地化文本 for 鬼魅消音器
[15:53:41] [INFO] [Additionalmshookl] [INFO] 设置物品 鬼魅消音器 描述键: 1008430_Desc
[15:53:41] [INFO] [Additionalmshookl] [INFO] [CreateCustomItem] 完成设置本地化文本 for 鬼魅消音器
[15:53:41] [INFO] [Additionalmshookl] [INFO] [CreateCustomItem] 开始设置图标 for 鬼魅消音器
[15:53:41] [INFO] [Additionalmshookl] [INFO] 从模块文件夹加载图标: D:\SteamLibrary\steamapps\workshop\content\3167020\3661816441\icons\鬼魅消音器.png
[15:53:41] [INFO] [Additionalmshookl] [INFO] 加载UI图标成功: 鬼魅消音器.png
[15:53:41] [INFO] [Additionalmshookl] [INFO] [CreateCustomItem] 完成设置图标 for 鬼魅消音器
[15:53:41] [INFO] [Additionalmshookl] [INFO] [CreateCustomItem] 完成设置世界模型贴图 for 鬼魅消音器
[15:53:41] [INFO] [Additionalmshookl] [INFO] [CreateCustomItem] 开始注册物品 for 鬼魅消音器
[15:53:41] [INFO] [Additionalmshookl] [INFO] 物品注册成功: 1008430 (ID: 1008430)
[15:53:41] [INFO] [Additionalmshookl] [INFO] [CreateCustomItem] 完成注册物品 for 鬼魅消音器
[15:53:41] [INFO] [Additionalmshookl] [INFO] [CreateCustomItem] 准备调用SetupAdditionalSlots for 鬼魅消音器
[15:53:41] [INFO] [Additionalmshookl] [INFO] [SetupAdditionalSlots] 开始处理物品 鬼魅消音器 的配件槽配置
[15:53:41] [INFO] [Additionalmshookl] [INFO] [SetupAdditionalSlots] AdditionalSlotTags: 
[15:53:41] [INFO] [Additionalmshookl] [INFO] [SetupAdditionalSlots] AdditionalSlotCount: 0
[15:53:41] [INFO] [Additionalmshookl] [INFO] [SetupAdditionalSlots] ReplaceExistingSlots: False
[15:53:41] [INFO] [Additionalmshookl] [INFO] 物品 鬼魅消音器 配件槽配置无效或未设置，跳过配件槽添加
[15:53:41] [INFO] [Additionalmshookl] [INFO] [CreateCustomItem] 准备调用SetupDecomposeFormula for 鬼魅消音器
[15:53:41] [INFO] [Additionalmshookl] [INFO] [SetupDecomposeFormula] 开始处理物品 鬼魅消音器 的分解配方，EnableDecompose: False
[15:53:41] [INFO] [Additionalmshookl] [INFO] [CreateCustomItem] 完成所有方法调用 for 鬼魅消音器
[15:53:41] [INFO] [Additionalmshookl] [INFO] [CreateCustomItem] CreateCustomItem方法成功完成 for 鬼魅消音器
[15:53:41] [INFO] [Additionalmshookl] [INFO] [MShook-DEBUG] CreateCustomItem方法调用完成
[15:53:41] [INFO] [Additionalmshookl] [INFO] 成功处理配置: 鬼魅消音器 (ID: 1008430) 来自 1008430_鬼魅消音器.json
[15:53:41] [INFO] [Additionalmshookl] [INFO] 配置文件 1008431_手枪亚英速弹匣.json 中设置的NewItemId: 1008431
[15:53:41] [INFO] [Additionalmshookl] [INFO] [MShook-DEBUG] 正在处理配置: 1008431_手枪亚英速弹匣.json 中的物品 手枪亚英速弹匣
[15:53:41] [INFO] [Additionalmshookl] [INFO] [MShook-DEBUG] 即将调用CreateCustomItem方法
[15:53:41] [INFO] [Additionalmshookl] [INFO] ========== CreateCustomItem 开始处理物品: 手枪亚英速弹匣 ==========
[15:53:41] [INFO] [Additionalmshookl] [INFO] 配置原始ID: 531, 新ID: 1008431
[15:53:41] [INFO] [Additionalmshookl] [INFO] 开始处理物品: 手枪亚英速弹匣，原始ID: 531，配置的新ID: 1008431
[15:53:41] [INFO] [Additionalmshookl] [INFO] 为物品 手枪亚英速弹匣 生成的唯一键: 119094579
[15:53:41] [INFO] [Additionalmshookl] [INFO] 为物品 手枪亚英速弹匣 使用已保存的ID: 1008431
[15:53:41] [INFO] [Additionalmshookl] [INFO] 将ID 1008431 添加到已使用列表
[15:53:41] [INFO] [Additionalmshookl] [INFO] [CreateCustomItem] 开始设置物品属性 for 手枪亚英速弹匣
[15:53:41] [INFO] [Additionalmshookl] [INFO] [SetItemProperties] 开始设置物品 手枪亚英速弹匣 的基本属性
[15:53:41] [INFO] [Additionalmshookl] [INFO] 成功设置字段 typeID = 1008431 (类型: Item)
[15:53:41] [INFO] [Additionalmshookl] [INFO] 成功设置字段 weight = 0.1 (类型: Item)
[15:53:41] [INFO] [Additionalmshookl] [INFO] 成功设置字段 value = 3000 (类型: Item)
[15:53:41] [INFO] [Additionalmshookl] [INFO] 成功设置字段 displayName = 1008431 (类型: Item)
[15:53:41] [INFO] [Additionalmshookl] [INFO] 成功设置字段 quality = 4 (类型: Item)
[15:53:41] [INFO] [Additionalmshookl] [INFO] 成功设置字段 order = 0 (类型: Item)
[15:53:41] [INFO] [Additionalmshookl] [INFO] [SetItemProperties] 完成基本属性设置，开始处理Tags
[15:53:41] [INFO] [Additionalmshookl] [INFO] [SetItemProperties] 检测到Tags配置，数量: 3
[15:53:41] [INFO] [Additionalmshookl] [INFO] 物品 手枪亚英速弹匣 的所有标签: Accessory, Magazine, GunType_PST
[15:53:41] [INFO] [Additionalmshookl] [INFO] [TagUtils-DEBUG] 开始处理标签: Accessory
[15:53:41] [INFO] [TagUtils] ===== GetOrCreateTag方法被调用 =====
[15:53:41] [INFO] [TagUtils] 参数: tagName='Accessory', displayName=''
[15:53:41] [INFO] [TagUtils] FindExistingTag 查找: Accessory
[15:53:41] [INFO] [TagUtils] 找到 134 个Tag对象，开始查找: Accessory
[15:53:41] [INFO] [TagUtils] 通过属性找到匹配的Tag: Accessory
[15:53:41] [INFO] [TagUtils] 找到现有Tag: Accessory
[15:53:41] [INFO] [Additionalmshookl] [INFO] [TagUtils-DEBUG] 标签 Accessory 创建成功: Tag
[15:53:41] [INFO] [Additionalmshookl] [ERROR] 无法获取Tags列表
[15:53:41] [INFO] [Additionalmshookl] [INFO] [TagUtils-DEBUG] 开始处理标签: Magazine
[15:53:41] [INFO] [TagUtils] ===== GetOrCreateTag方法被调用 =====
[15:53:41] [INFO] [TagUtils] 参数: tagName='Magazine', displayName=''
[15:53:41] [INFO] [TagUtils] FindExistingTag 查找: Magazine
[15:53:41] [INFO] [TagUtils] 找到 134 个Tag对象，开始查找: Magazine
[15:53:41] [INFO] [TagUtils] 通过属性找到匹配的Tag: Magazine
[15:53:41] [INFO] [TagUtils] 找到现有Tag: Magazine
[15:53:41] [INFO] [Additionalmshookl] [INFO] [TagUtils-DEBUG] 标签 Magazine 创建成功: Tag
[15:53:41] [INFO] [Additionalmshookl] [ERROR] 无法获取Tags列表
[15:53:41] [INFO] [Additionalmshookl] [INFO] [TagUtils-DEBUG] 开始处理标签: GunType_PST
[15:53:41] [INFO] [TagUtils] ===== GetOrCreateTag方法被调用 =====
[15:53:41] [INFO] [TagUtils] 参数: tagName='GunType_PST', displayName=''
[15:53:41] [INFO] [TagUtils] FindExistingTag 查找: GunType_PST
[15:53:41] [INFO] [TagUtils] 找到 134 个Tag对象，开始查找: GunType_PST
[15:53:41] [INFO] [TagUtils] 通过属性找到匹配的Tag: GunType_PST
[15:53:41] [INFO] [TagUtils] 找到现有Tag: GunType_PST
[15:53:41] [INFO] [Additionalmshookl] [INFO] [TagUtils-DEBUG] 标签 GunType_PST 创建成功: Tag
[15:53:41] [INFO] [Additionalmshookl] [ERROR] 无法获取Tags列表
[15:53:41] [INFO] [Additionalmshookl] [INFO] 为物品 手枪亚英速弹匣 添加FoodDrink组件
[15:53:41] [INFO] [Additionalmshookl] [INFO] 物品 手枪亚英速弹匣 能量值: 0, 口渴值: 0
[15:53:41] [INFO] [Additionalmshookl] [INFO] 正在为 CustomItem_1008431 配置 Modifiers...
[15:53:41] [INFO] [Additionalmshookl] [INFO] 成功设置字段 value = 0 (类型: ModifierDescription)
[15:53:41] [INFO] [Additionalmshookl] [INFO] 成功设置字段 display = False (类型: ModifierDescription)
[15:53:41] [INFO] [Additionalmshookl] [INFO]   - Modifier 'ADSTime' (原值: -0.12) 已被移除 (未在配置中指定)。
[15:53:41] [INFO] [Additionalmshookl] [INFO] 成功设置字段 value = 0 (类型: ModifierDescription)
[15:53:41] [INFO] [Additionalmshookl] [INFO] 成功设置字段 display = False (类型: ModifierDescription)
[15:53:41] [INFO] [Additionalmshookl] [INFO]   - Modifier 'ReloadTime' (原值: -0.2) 已被移除 (未在配置中指定)。
[15:53:41] [INFO] [Additionalmshookl] [INFO] 成功设置字段 value = 0 (类型: ModifierDescription)
[15:53:41] [INFO] [Additionalmshookl] [INFO] 成功设置字段 display = False (类型: ModifierDescription)
[15:53:41] [INFO] [Additionalmshookl] [INFO]   - Modifier 'MoveSpeedMultiplier' (原值: 0.05) 已被移除 (未在配置中指定)。
[15:53:41] [INFO] [Additionalmshookl] [INFO] 成功设置字段 value = 0 (类型: ModifierDescription)
[15:53:41] [INFO] [Additionalmshookl] [INFO] 成功设置字段 display = False (类型: ModifierDescription)
[15:53:41] [INFO] [Additionalmshookl] [INFO]   - Modifier 'ScatterRecoverADS' (原值: 0.12) 已被移除 (未在配置中指定)。
[15:53:41] [INFO] [Additionalmshookl] [INFO] CustomItem_1008431: 共修改/移除了 0 个现有 Modifier，添加了 0 个新的 Modifier。
[15:53:41] [INFO] [Additionalmshookl] [INFO] 开始应用防具属性配置
[15:53:41] [INFO] [Additionalmshookl] [INFO] 防具属性配置应用完成
[15:53:41] [INFO] [Additionalmshookl] [INFO] 物品 手枪亚英速弹匣 没有配置插槽设置，跳过插槽设置
[15:53:41] [INFO] [Additionalmshookl] [INFO] [原物品Buff分析] 开始分析物品 手枪亚英速弹匣 (原始ID: 531) 的原生Buff效果
[15:53:41] [INFO] [Additionalmshookl] [INFO] [原物品Buff分析] 物品上有 1 个UsageBehavior组件:
[15:53:41] [INFO] [Additionalmshookl] [INFO]   [0] FoodDrink
[15:53:41] [INFO] [Additionalmshookl] [INFO]       -> 类型: FoodDrink (非AddBuff)
[15:53:41] [INFO] [Additionalmshookl] [INFO] 物品 手枪亚英速弹匣 没有配置Buff持续时间，跳过修改
[15:53:41] [INFO] [Additionalmshookl] [INFO] [CreateCustomItem] 完成设置物品属性 for 手枪亚英速弹匣
[15:53:41] [INFO] [Additionalmshookl] [INFO] [CreateCustomItem] 开始设置本地化文本 for 手枪亚英速弹匣
[15:53:41] [INFO] [Additionalmshookl] [INFO] 设置物品 手枪亚英速弹匣 描述键: 1008431_Desc
[15:53:41] [INFO] [Additionalmshookl] [INFO] [CreateCustomItem] 完成设置本地化文本 for 手枪亚英速弹匣
[15:53:41] [INFO] [Additionalmshookl] [INFO] [CreateCustomItem] 开始设置图标 for 手枪亚英速弹匣
[15:53:41] [INFO] [Additionalmshookl] [INFO] 从模块文件夹加载图标: D:\SteamLibrary\steamapps\workshop\content\3167020\3661816441\icons\手枪亚英速弹匣.png
[15:53:41] [INFO] [Additionalmshookl] [INFO] 加载UI图标成功: 手枪亚英速弹匣.png
[15:53:41] [INFO] [Additionalmshookl] [INFO] [CreateCustomItem] 完成设置图标 for 手枪亚英速弹匣
[15:53:41] [INFO] [Additionalmshookl] [INFO] [CreateCustomItem] 完成设置世界模型贴图 for 手枪亚英速弹匣
[15:53:41] [INFO] [Additionalmshookl] [INFO] [CreateCustomItem] 开始注册物品 for 手枪亚英速弹匣
[15:53:41] [INFO] [Additionalmshookl] [INFO] 物品注册成功: 1008431 (ID: 1008431)
[15:53:41] [INFO] [Additionalmshookl] [INFO] [CreateCustomItem] 完成注册物品 for 手枪亚英速弹匣
[15:53:41] [INFO] [Additionalmshookl] [INFO] [CreateCustomItem] 准备调用SetupAdditionalSlots for 手枪亚英速弹匣
[15:53:41] [INFO] [Additionalmshookl] [INFO] [SetupAdditionalSlots] 开始处理物品 手枪亚英速弹匣 的配件槽配置
[15:53:41] [INFO] [Additionalmshookl] [INFO] [SetupAdditionalSlots] AdditionalSlotTags: 
[15:53:41] [INFO] [Additionalmshookl] [INFO] [SetupAdditionalSlots] AdditionalSlotCount: 0
[15:53:41] [INFO] [Additionalmshookl] [INFO] [SetupAdditionalSlots] ReplaceExistingSlots: False
[15:53:41] [INFO] [Additionalmshookl] [INFO] 物品 手枪亚英速弹匣 配件槽配置无效或未设置，跳过配件槽添加
[15:53:41] [INFO] [Additionalmshookl] [INFO] [CreateCustomItem] 准备调用SetupDecomposeFormula for 手枪亚英速弹匣
[15:53:41] [INFO] [Additionalmshookl] [INFO] [SetupDecomposeFormula] 开始处理物品 手枪亚英速弹匣 的分解配方，EnableDecompose: False
[15:53:41] [INFO] [Additionalmshookl] [INFO] [CreateCustomItem] 完成所有方法调用 for 手枪亚英速弹匣
[15:53:41] [INFO] [Additionalmshookl] [INFO] [CreateCustomItem] CreateCustomItem方法成功完成 for 手枪亚英速弹匣
[15:53:41] [INFO] [Additionalmshookl] [INFO] [MShook-DEBUG] CreateCustomItem方法调用完成
[15:53:41] [INFO] [Additionalmshookl] [INFO] 成功处理配置: 手枪亚英速弹匣 (ID: 1008431) 来自 1008431_手枪亚英速弹匣.json
[15:53:41] [INFO] [Additionalmshookl] [INFO] 配置文件 1008432_冲锋枪亚音速弹匣.json 中设置的NewItemId: 1008432
[15:53:41] [INFO] [Additionalmshookl] [INFO] [MShook-DEBUG] 正在处理配置: 1008432_冲锋枪亚音速弹匣.json 中的物品 冲锋枪亚音速弹匣
[15:53:41] [INFO] [Additionalmshookl] [INFO] [MShook-DEBUG] 即将调用CreateCustomItem方法
[15:53:41] [INFO] [Additionalmshookl] [INFO] ========== CreateCustomItem 开始处理物品: 冲锋枪亚音速弹匣 ==========
[15:53:41] [INFO] [Additionalmshookl] [INFO] 配置原始ID: 536, 新ID: 1008432
[15:53:41] [INFO] [Additionalmshookl] [INFO] 开始处理物品: 冲锋枪亚音速弹匣，原始ID: 536，配置的新ID: 1008432
[15:53:41] [INFO] [Additionalmshookl] [INFO] 为物品 冲锋枪亚音速弹匣 生成的唯一键: 1278480869
[15:53:41] [INFO] [Additionalmshookl] [INFO] 为物品 冲锋枪亚音速弹匣 使用已保存的ID: 1008432
[15:53:41] [INFO] [Additionalmshookl] [INFO] 将ID 1008432 添加到已使用列表
[15:53:41] [INFO] [Additionalmshookl] [INFO] [CreateCustomItem] 开始设置物品属性 for 冲锋枪亚音速弹匣
[15:53:41] [INFO] [Additionalmshookl] [INFO] [SetItemProperties] 开始设置物品 冲锋枪亚音速弹匣 的基本属性
[15:53:41] [INFO] [Additionalmshookl] [INFO] 成功设置字段 typeID = 1008432 (类型: Item)
[15:53:41] [INFO] [Additionalmshookl] [INFO] 成功设置字段 weight = 0.1 (类型: Item)
[15:53:41] [INFO] [Additionalmshookl] [INFO] 成功设置字段 value = 3000 (类型: Item)
[15:53:41] [INFO] [Additionalmshookl] [INFO] 成功设置字段 displayName = 1008432 (类型: Item)
[15:53:41] [INFO] [Additionalmshookl] [INFO] 成功设置字段 quality = 4 (类型: Item)
[15:53:41] [INFO] [Additionalmshookl] [INFO] 成功设置字段 order = 0 (类型: Item)
[15:53:41] [INFO] [Additionalmshookl] [INFO] [SetItemProperties] 完成基本属性设置，开始处理Tags
[15:53:41] [INFO] [Additionalmshookl] [INFO] [SetItemProperties] 检测到Tags配置，数量: 3
[15:53:41] [INFO] [Additionalmshookl] [INFO] 物品 冲锋枪亚音速弹匣 的所有标签: Accessory, Magazine, GunType_SMG
[15:53:41] [INFO] [Additionalmshookl] [INFO] [TagUtils-DEBUG] 开始处理标签: Accessory
[15:53:41] [INFO] [TagUtils] ===== GetOrCreateTag方法被调用 =====
[15:53:41] [INFO] [TagUtils] 参数: tagName='Accessory', displayName=''
[15:53:41] [INFO] [TagUtils] FindExistingTag 查找: Accessory
[15:53:41] [INFO] [TagUtils] 找到 134 个Tag对象，开始查找: Accessory
[15:53:41] [INFO] [TagUtils] 通过属性找到匹配的Tag: Accessory
[15:53:41] [INFO] [TagUtils] 找到现有Tag: Accessory
[15:53:41] [INFO] [Additionalmshookl] [INFO] [TagUtils-DEBUG] 标签 Accessory 创建成功: Tag
[15:53:41] [INFO] [Additionalmshookl] [ERROR] 无法获取Tags列表
[15:53:41] [INFO] [Additionalmshookl] [INFO] [TagUtils-DEBUG] 开始处理标签: Magazine
[15:53:41] [INFO] [TagUtils] ===== GetOrCreateTag方法被调用 =====
[15:53:41] [INFO] [TagUtils] 参数: tagName='Magazine', displayName=''
[15:53:41] [INFO] [TagUtils] FindExistingTag 查找: Magazine
[15:53:41] [INFO] [TagUtils] 找到 134 个Tag对象，开始查找: Magazine
[15:53:41] [INFO] [TagUtils] 通过属性找到匹配的Tag: Magazine
[15:53:41] [INFO] [TagUtils] 找到现有Tag: Magazine
[15:53:41] [INFO] [Additionalmshookl] [INFO] [TagUtils-DEBUG] 标签 Magazine 创建成功: Tag
[15:53:41] [INFO] [Additionalmshookl] [ERROR] 无法获取Tags列表
[15:53:41] [INFO] [Additionalmshookl] [INFO] [TagUtils-DEBUG] 开始处理标签: GunType_SMG
[15:53:41] [INFO] [TagUtils] ===== GetOrCreateTag方法被调用 =====
[15:53:41] [INFO] [TagUtils] 参数: tagName='GunType_SMG', displayName=''
[15:53:41] [INFO] [TagUtils] FindExistingTag 查找: GunType_SMG
[15:53:41] [INFO] [TagUtils] 找到 134 个Tag对象，开始查找: GunType_SMG
[15:53:41] [INFO] [TagUtils] 通过属性找到匹配的Tag: GunType_SMG
[15:53:41] [INFO] [TagUtils] 找到现有Tag: GunType_SMG
[15:53:41] [INFO] [Additionalmshookl] [INFO] [TagUtils-DEBUG] 标签 GunType_SMG 创建成功: Tag
[15:53:41] [INFO] [Additionalmshookl] [ERROR] 无法获取Tags列表
[15:53:41] [INFO] [Additionalmshookl] [INFO] 为物品 冲锋枪亚音速弹匣 添加FoodDrink组件
[15:53:41] [INFO] [Additionalmshookl] [INFO] 物品 冲锋枪亚音速弹匣 能量值: 0, 口渴值: 0
[15:53:41] [INFO] [Additionalmshookl] [INFO] 正在为 CustomItem_1008432 配置 Modifiers...
[15:53:41] [INFO] [Additionalmshookl] [INFO] 成功设置字段 value = 0 (类型: ModifierDescription)
[15:53:41] [INFO] [Additionalmshookl] [INFO] 成功设置字段 display = False (类型: ModifierDescription)
[15:53:41] [INFO] [Additionalmshookl] [INFO]   - Modifier 'ADSTime' (原值: -0.12) 已被移除 (未在配置中指定)。
[15:53:41] [INFO] [Additionalmshookl] [INFO] 成功设置字段 value = 0 (类型: ModifierDescription)
[15:53:41] [INFO] [Additionalmshookl] [INFO] 成功设置字段 display = False (类型: ModifierDescription)
[15:53:41] [INFO] [Additionalmshookl] [INFO]   - Modifier 'ReloadTime' (原值: -0.2) 已被移除 (未在配置中指定)。
[15:53:41] [INFO] [Additionalmshookl] [INFO] 成功设置字段 value = 0 (类型: ModifierDescription)
[15:53:41] [INFO] [Additionalmshookl] [INFO] 成功设置字段 display = False (类型: ModifierDescription)
[15:53:41] [INFO] [Additionalmshookl] [INFO]   - Modifier 'MoveSpeedMultiplier' (原值: 0.05) 已被移除 (未在配置中指定)。
[15:53:41] [INFO] [Additionalmshookl] [INFO] 成功设置字段 value = 0 (类型: ModifierDescription)
[15:53:41] [INFO] [Additionalmshookl] [INFO] 成功设置字段 display = False (类型: ModifierDescription)
[15:53:41] [INFO] [Additionalmshookl] [INFO]   - Modifier 'ScatterRecoverADS' (原值: 0.12) 已被移除 (未在配置中指定)。
[15:53:41] [INFO] [Additionalmshookl] [INFO] CustomItem_1008432: 共修改/移除了 0 个现有 Modifier，添加了 0 个新的 Modifier。
[15:53:41] [INFO] [Additionalmshookl] [INFO] 开始应用防具属性配置
[15:53:41] [INFO] [Additionalmshookl] [INFO] 防具属性配置应用完成
[15:53:41] [INFO] [Additionalmshookl] [INFO] 物品 冲锋枪亚音速弹匣 没有配置插槽设置，跳过插槽设置
[15:53:41] [INFO] [Additionalmshookl] [INFO] [原物品Buff分析] 开始分析物品 冲锋枪亚音速弹匣 (原始ID: 536) 的原生Buff效果
[15:53:41] [INFO] [Additionalmshookl] [INFO] [原物品Buff分析] 物品上有 1 个UsageBehavior组件:
[15:53:41] [INFO] [Additionalmshookl] [INFO]   [0] FoodDrink
[15:53:41] [INFO] [Additionalmshookl] [INFO]       -> 类型: FoodDrink (非AddBuff)
[15:53:41] [INFO] [Additionalmshookl] [INFO] 物品 冲锋枪亚音速弹匣 没有配置Buff持续时间，跳过修改
[15:53:41] [INFO] [Additionalmshookl] [INFO] [CreateCustomItem] 完成设置物品属性 for 冲锋枪亚音速弹匣
[15:53:41] [INFO] [Additionalmshookl] [INFO] [CreateCustomItem] 开始设置本地化文本 for 冲锋枪亚音速弹匣
[15:53:41] [INFO] [Additionalmshookl] [INFO] 设置物品 冲锋枪亚音速弹匣 描述键: 1008432_Desc
[15:53:41] [INFO] [Additionalmshookl] [INFO] [CreateCustomItem] 完成设置本地化文本 for 冲锋枪亚音速弹匣
[15:53:41] [INFO] [Additionalmshookl] [INFO] [CreateCustomItem] 开始设置图标 for 冲锋枪亚音速弹匣
[15:53:41] [INFO] [Additionalmshookl] [INFO] 从模块文件夹加载图标: D:\SteamLibrary\steamapps\workshop\content\3167020\3661816441\icons\冲锋枪亚音速弹匣.png
[15:53:41] [INFO] [Additionalmshookl] [INFO] 加载UI图标成功: 冲锋枪亚音速弹匣.png
[15:53:41] [INFO] [Additionalmshookl] [INFO] [CreateCustomItem] 完成设置图标 for 冲锋枪亚音速弹匣
[15:53:41] [INFO] [Additionalmshookl] [INFO] [CreateCustomItem] 完成设置世界模型贴图 for 冲锋枪亚音速弹匣
[15:53:41] [INFO] [Additionalmshookl] [INFO] [CreateCustomItem] 开始注册物品 for 冲锋枪亚音速弹匣
[15:53:41] [INFO] [Additionalmshookl] [INFO] 物品注册成功: 1008432 (ID: 1008432)
[15:53:41] [INFO] [Additionalmshookl] [INFO] [CreateCustomItem] 完成注册物品 for 冲锋枪亚音速弹匣
[15:53:41] [INFO] [Additionalmshookl] [INFO] [CreateCustomItem] 准备调用SetupAdditionalSlots for 冲锋枪亚音速弹匣
[15:53:41] [INFO] [Additionalmshookl] [INFO] [SetupAdditionalSlots] 开始处理物品 冲锋枪亚音速弹匣 的配件槽配置
[15:53:41] [INFO] [Additionalmshookl] [INFO] [SetupAdditionalSlots] AdditionalSlotTags: 
[15:53:41] [INFO] [Additionalmshookl] [INFO] [SetupAdditionalSlots] AdditionalSlotCount: 0
[15:53:41] [INFO] [Additionalmshookl] [INFO] [SetupAdditionalSlots] ReplaceExistingSlots: False
[15:53:41] [INFO] [Additionalmshookl] [INFO] 物品 冲锋枪亚音速弹匣 配件槽配置无效或未设置，跳过配件槽添加
[15:53:41] [INFO] [Additionalmshookl] [INFO] [CreateCustomItem] 准备调用SetupDecomposeFormula for 冲锋枪亚音速弹匣
[15:53:41] [INFO] [Additionalmshookl] [INFO] [SetupDecomposeFormula] 开始处理物品 冲锋枪亚音速弹匣 的分解配方，EnableDecompose: False
[15:53:41] [INFO] [Additionalmshookl] [INFO] [CreateCustomItem] 完成所有方法调用 for 冲锋枪亚音速弹匣
[15:53:41] [INFO] [Additionalmshookl] [INFO] [CreateCustomItem] CreateCustomItem方法成功完成 for 冲锋枪亚音速弹匣
[15:53:41] [INFO] [Additionalmshookl] [INFO] [MShook-DEBUG] CreateCustomItem方法调用完成
[15:53:41] [INFO] [Additionalmshookl] [INFO] 成功处理配置: 冲锋枪亚音速弹匣 (ID: 1008432) 来自 1008432_冲锋枪亚音速弹匣.json
[15:53:41] [INFO] [Additionalmshookl] [INFO] 配置文件 1008433_步枪亚音速弹匣.json 中设置的NewItemId: 1008433
[15:53:41] [INFO] [Additionalmshookl] [INFO] [MShook-DEBUG] 正在处理配置: 1008433_步枪亚音速弹匣.json 中的物品 步枪亚音速弹匣
[15:53:41] [INFO] [Additionalmshookl] [INFO] [MShook-DEBUG] 即将调用CreateCustomItem方法
[15:53:41] [INFO] [Additionalmshookl] [INFO] ========== CreateCustomItem 开始处理物品: 步枪亚音速弹匣 ==========
[15:53:41] [INFO] [Additionalmshookl] [INFO] 配置原始ID: 543, 新ID: 1008433
[15:53:41] [INFO] [Additionalmshookl] [INFO] 开始处理物品: 步枪亚音速弹匣，原始ID: 543，配置的新ID: 1008433
[15:53:41] [INFO] [Additionalmshookl] [INFO] 为物品 步枪亚音速弹匣 生成的唯一键: 1737073320
[15:53:41] [INFO] [Additionalmshookl] [INFO] 为物品 步枪亚音速弹匣 使用已保存的ID: 1008433
[15:53:41] [INFO] [Additionalmshookl] [INFO] 将ID 1008433 添加到已使用列表
[15:53:41] [INFO] [Additionalmshookl] [INFO] [CreateCustomItem] 开始设置物品属性 for 步枪亚音速弹匣
[15:53:41] [INFO] [Additionalmshookl] [INFO] [SetItemProperties] 开始设置物品 步枪亚音速弹匣 的基本属性
[15:53:41] [INFO] [Additionalmshookl] [INFO] 成功设置字段 typeID = 1008433 (类型: Item)
[15:53:41] [INFO] [Additionalmshookl] [INFO] 成功设置字段 weight = 0.1 (类型: Item)
[15:53:41] [INFO] [Additionalmshookl] [INFO] 成功设置字段 value = 3000 (类型: Item)
[15:53:41] [INFO] [Additionalmshookl] [INFO] 成功设置字段 displayName = 1008433 (类型: Item)
[15:53:41] [INFO] [Additionalmshookl] [INFO] 成功设置字段 quality = 4 (类型: Item)
[15:53:41] [INFO] [Additionalmshookl] [INFO] 成功设置字段 order = 0 (类型: Item)
[15:53:41] [INFO] [Additionalmshookl] [INFO] [SetItemProperties] 完成基本属性设置，开始处理Tags
[15:53:41] [INFO] [Additionalmshookl] [INFO] [SetItemProperties] 检测到Tags配置，数量: 3
[15:53:41] [INFO] [Additionalmshookl] [INFO] 物品 步枪亚音速弹匣 的所有标签: Accessory, Magazine, GunType_AR
[15:53:41] [INFO] [Additionalmshookl] [INFO] [TagUtils-DEBUG] 开始处理标签: Accessory
[15:53:41] [INFO] [TagUtils] ===== GetOrCreateTag方法被调用 =====
[15:53:41] [INFO] [TagUtils] 参数: tagName='Accessory', displayName=''
[15:53:41] [INFO] [TagUtils] FindExistingTag 查找: Accessory
[15:53:41] [INFO] [TagUtils] 找到 134 个Tag对象，开始查找: Accessory
[15:53:41] [INFO] [TagUtils] 通过属性找到匹配的Tag: Accessory
[15:53:41] [INFO] [TagUtils] 找到现有Tag: Accessory
[15:53:41] [INFO] [Additionalmshookl] [INFO] [TagUtils-DEBUG] 标签 Accessory 创建成功: Tag
[15:53:41] [INFO] [Additionalmshookl] [ERROR] 无法获取Tags列表
[15:53:41] [INFO] [Additionalmshookl] [INFO] [TagUtils-DEBUG] 开始处理标签: Magazine
[15:53:41] [INFO] [TagUtils] ===== GetOrCreateTag方法被调用 =====
[15:53:41] [INFO] [TagUtils] 参数: tagName='Magazine', displayName=''
[15:53:41] [INFO] [TagUtils] FindExistingTag 查找: Magazine
[15:53:41] [INFO] [TagUtils] 找到 134 个Tag对象，开始查找: Magazine
[15:53:41] [INFO] [TagUtils] 通过属性找到匹配的Tag: Magazine
[15:53:41] [INFO] [TagUtils] 找到现有Tag: Magazine
[15:53:41] [INFO] [Additionalmshookl] [INFO] [TagUtils-DEBUG] 标签 Magazine 创建成功: Tag
[15:53:41] [INFO] [Additionalmshookl] [ERROR] 无法获取Tags列表
[15:53:41] [INFO] [Additionalmshookl] [INFO] [TagUtils-DEBUG] 开始处理标签: GunType_AR
[15:53:41] [INFO] [TagUtils] ===== GetOrCreateTag方法被调用 =====
[15:53:41] [INFO] [TagUtils] 参数: tagName='GunType_AR', displayName=''
[15:53:41] [INFO] [TagUtils] FindExistingTag 查找: GunType_AR
[15:53:41] [INFO] [TagUtils] 找到 134 个Tag对象，开始查找: GunType_AR
[15:53:41] [INFO] [TagUtils] 通过属性找到匹配的Tag: GunType_AR
[15:53:41] [INFO] [TagUtils] 找到现有Tag: GunType_AR
[15:53:41] [INFO] [Additionalmshookl] [INFO] [TagUtils-DEBUG] 标签 GunType_AR 创建成功: Tag
[15:53:41] [INFO] [Additionalmshookl] [ERROR] 无法获取Tags列表
[15:53:41] [INFO] [Additionalmshookl] [INFO] 为物品 步枪亚音速弹匣 添加FoodDrink组件
[15:53:41] [INFO] [Additionalmshookl] [INFO] 物品 步枪亚音速弹匣 能量值: 0, 口渴值: 0
[15:53:41] [INFO] [Additionalmshookl] [INFO] 正在为 CustomItem_1008433 配置 Modifiers...
[15:53:41] [INFO] [Additionalmshookl] [INFO] 成功设置字段 value = 0 (类型: ModifierDescription)
[15:53:41] [INFO] [Additionalmshookl] [INFO] 成功设置字段 display = False (类型: ModifierDescription)
[15:53:41] [INFO] [Additionalmshookl] [INFO]   - Modifier 'ADSTime' (原值: -0.12) 已被移除 (未在配置中指定)。
[15:53:41] [INFO] [Additionalmshookl] [INFO] 成功设置字段 value = 0 (类型: ModifierDescription)
[15:53:41] [INFO] [Additionalmshookl] [INFO] 成功设置字段 display = False (类型: ModifierDescription)
[15:53:41] [INFO] [Additionalmshookl] [INFO]   - Modifier 'ReloadTime' (原值: -0.2) 已被移除 (未在配置中指定)。
[15:53:41] [INFO] [Additionalmshookl] [INFO] 成功设置字段 value = 0 (类型: ModifierDescription)
[15:53:41] [INFO] [Additionalmshookl] [INFO] 成功设置字段 display = False (类型: ModifierDescription)
[15:53:41] [INFO] [Additionalmshookl] [INFO]   - Modifier 'MoveSpeedMultiplier' (原值: 0.05) 已被移除 (未在配置中指定)。
[15:53:41] [INFO] [Additionalmshookl] [INFO] 成功设置字段 value = 0 (类型: ModifierDescription)
[15:53:41] [INFO] [Additionalmshookl] [INFO] 成功设置字段 display = False (类型: ModifierDescription)
[15:53:41] [INFO] [Additionalmshookl] [INFO]   - Modifier 'ScatterRecoverADS' (原值: 0.12) 已被移除 (未在配置中指定)。
[15:53:41] [INFO] [Additionalmshookl] [INFO] CustomItem_1008433: 共修改/移除了 0 个现有 Modifier，添加了 0 个新的 Modifier。
[15:53:41] [INFO] [Additionalmshookl] [INFO] 开始应用防具属性配置
[15:53:41] [INFO] [Additionalmshookl] [INFO] 防具属性配置应用完成
[15:53:41] [INFO] [Additionalmshookl] [INFO] 物品 步枪亚音速弹匣 没有配置插槽设置，跳过插槽设置
[15:53:41] [INFO] [Additionalmshookl] [INFO] [原物品Buff分析] 开始分析物品 步枪亚音速弹匣 (原始ID: 543) 的原生Buff效果
[15:53:41] [INFO] [Additionalmshookl] [INFO] [原物品Buff分析] 物品上有 1 个UsageBehavior组件:
[15:53:41] [INFO] [Additionalmshookl] [INFO]   [0] FoodDrink
[15:53:41] [INFO] [Additionalmshookl] [INFO]       -> 类型: FoodDrink (非AddBuff)
[15:53:41] [INFO] [Additionalmshookl] [INFO] 物品 步枪亚音速弹匣 没有配置Buff持续时间，跳过修改
[15:53:41] [INFO] [Additionalmshookl] [INFO] [CreateCustomItem] 完成设置物品属性 for 步枪亚音速弹匣
[15:53:41] [INFO] [Additionalmshookl] [INFO] [CreateCustomItem] 开始设置本地化文本 for 步枪亚音速弹匣
[15:53:41] [INFO] [Additionalmshookl] [INFO] 设置物品 步枪亚音速弹匣 描述键: 1008433_Desc
[15:53:41] [INFO] [Additionalmshookl] [INFO] [CreateCustomItem] 完成设置本地化文本 for 步枪亚音速弹匣
[15:53:41] [INFO] [Additionalmshookl] [INFO] [CreateCustomItem] 开始设置图标 for 步枪亚音速弹匣
[15:53:41] [INFO] [Additionalmshookl] [INFO] 从模块文件夹加载图标: D:\SteamLibrary\steamapps\workshop\content\3167020\3661816441\icons\步枪亚音速弹匣.png
[15:53:41] [INFO] [Additionalmshookl] [INFO] 加载UI图标成功: 步枪亚音速弹匣.png
[15:53:41] [INFO] [Additionalmshookl] [INFO] [CreateCustomItem] 完成设置图标 for 步枪亚音速弹匣
[15:53:41] [INFO] [Additionalmshookl] [INFO] [CreateCustomItem] 完成设置世界模型贴图 for 步枪亚音速弹匣
[15:53:41] [INFO] [Additionalmshookl] [INFO] [CreateCustomItem] 开始注册物品 for 步枪亚音速弹匣
[15:53:41] [INFO] [Additionalmshookl] [INFO] 物品注册成功: 1008433 (ID: 1008433)
[15:53:41] [INFO] [Additionalmshookl] [INFO] [CreateCustomItem] 完成注册物品 for 步枪亚音速弹匣
[15:53:41] [INFO] [Additionalmshookl] [INFO] [CreateCustomItem] 准备调用SetupAdditionalSlots for 步枪亚音速弹匣
[15:53:41] [INFO] [Additionalmshookl] [INFO] [SetupAdditionalSlots] 开始处理物品 步枪亚音速弹匣 的配件槽配置
[15:53:41] [INFO] [Additionalmshookl] [INFO] [SetupAdditionalSlots] AdditionalSlotTags: 
[15:53:41] [INFO] [Additionalmshookl] [INFO] [SetupAdditionalSlots] AdditionalSlotCount: 0
[15:53:41] [INFO] [Additionalmshookl] [INFO] [SetupAdditionalSlots] ReplaceExistingSlots: False
[15:53:41] [INFO] [Additionalmshookl] [INFO] 物品 步枪亚音速弹匣 配件槽配置无效或未设置，跳过配件槽添加
[15:53:41] [INFO] [Additionalmshookl] [INFO] [CreateCustomItem] 准备调用SetupDecomposeFormula for 步枪亚音速弹匣
[15:53:41] [INFO] [Additionalmshookl] [INFO] [SetupDecomposeFormula] 开始处理物品 步枪亚音速弹匣 的分解配方，EnableDecompose: False
[15:53:41] [INFO] [Additionalmshookl] [INFO] [CreateCustomItem] 完成所有方法调用 for 步枪亚音速弹匣
[15:53:41] [INFO] [Additionalmshookl] [INFO] [CreateCustomItem] CreateCustomItem方法成功完成 for 步枪亚音速弹匣
[15:53:41] [INFO] [Additionalmshookl] [INFO] [MShook-DEBUG] CreateCustomItem方法调用完成
[15:53:41] [INFO] [Additionalmshookl] [INFO] 成功处理配置: 步枪亚音速弹匣 (ID: 1008433) 来自 1008433_步枪亚音速弹匣.json
[15:53:41] [INFO] [Additionalmshookl] [INFO] 配置文件 1008434_BR亚音速弹匣.json 中设置的NewItemId: 1008434
[15:53:41] [INFO] [Additionalmshookl] [INFO] [MShook-DEBUG] 正在处理配置: 1008434_BR亚音速弹匣.json 中的物品 BR亚音速弹匣
[15:53:41] [INFO] [Additionalmshookl] [INFO] [MShook-DEBUG] 即将调用CreateCustomItem方法
[15:53:41] [INFO] [Additionalmshookl] [INFO] ========== CreateCustomItem 开始处理物品: BR亚音速弹匣 ==========
[15:53:41] [INFO] [Additionalmshookl] [INFO] 配置原始ID: 837, 新ID: 1008434
[15:53:41] [INFO] [Additionalmshookl] [INFO] 开始处理物品: BR亚音速弹匣，原始ID: 837，配置的新ID: 1008434
[15:53:41] [INFO] [Additionalmshookl] [INFO] 为物品 BR亚音速弹匣 生成的唯一键: 502069832
[15:53:41] [INFO] [Additionalmshookl] [INFO] 为物品 BR亚音速弹匣 使用已保存的ID: 1008434
[15:53:41] [INFO] [Additionalmshookl] [INFO] 将ID 1008434 添加到已使用列表
[15:53:41] [INFO] [Additionalmshookl] [INFO] [CreateCustomItem] 开始设置物品属性 for BR亚音速弹匣
[15:53:41] [INFO] [Additionalmshookl] [INFO] [SetItemProperties] 开始设置物品 BR亚音速弹匣 的基本属性
[15:53:41] [INFO] [Additionalmshookl] [INFO] 成功设置字段 typeID = 1008434 (类型: Item)
[15:53:41] [INFO] [Additionalmshookl] [INFO] 成功设置字段 weight = 0.1 (类型: Item)
[15:53:41] [INFO] [Additionalmshookl] [INFO] 成功设置字段 value = 3000 (类型: Item)
[15:53:41] [INFO] [Additionalmshookl] [INFO] 成功设置字段 displayName = 1008434 (类型: Item)
[15:53:41] [INFO] [Additionalmshookl] [INFO] 成功设置字段 quality = 5 (类型: Item)
[15:53:41] [INFO] [Additionalmshookl] [INFO] 成功设置字段 order = 0 (类型: Item)
[15:53:41] [INFO] [Additionalmshookl] [INFO] [SetItemProperties] 完成基本属性设置，开始处理Tags
[15:53:41] [INFO] [Additionalmshookl] [INFO] [SetItemProperties] 检测到Tags配置，数量: 3
[15:53:41] [INFO] [Additionalmshookl] [INFO] 物品 BR亚音速弹匣 的所有标签: Accessory, Magazine, GunType_BR
[15:53:41] [INFO] [Additionalmshookl] [INFO] [TagUtils-DEBUG] 开始处理标签: Accessory
[15:53:41] [INFO] [TagUtils] ===== GetOrCreateTag方法被调用 =====
[15:53:41] [INFO] [TagUtils] 参数: tagName='Accessory', displayName=''
[15:53:41] [INFO] [TagUtils] FindExistingTag 查找: Accessory
[15:53:41] [INFO] [TagUtils] 找到 134 个Tag对象，开始查找: Accessory
[15:53:41] [INFO] [TagUtils] 通过属性找到匹配的Tag: Accessory
[15:53:41] [INFO] [TagUtils] 找到现有Tag: Accessory
[15:53:41] [INFO] [Additionalmshookl] [INFO] [TagUtils-DEBUG] 标签 Accessory 创建成功: Tag
[15:53:41] [INFO] [Additionalmshookl] [ERROR] 无法获取Tags列表
[15:53:41] [INFO] [Additionalmshookl] [INFO] [TagUtils-DEBUG] 开始处理标签: Magazine
[15:53:41] [INFO] [TagUtils] ===== GetOrCreateTag方法被调用 =====
[15:53:41] [INFO] [TagUtils] 参数: tagName='Magazine', displayName=''
[15:53:41] [INFO] [TagUtils] FindExistingTag 查找: Magazine
[15:53:41] [INFO] [TagUtils] 找到 134 个Tag对象，开始查找: Magazine
[15:53:41] [INFO] [TagUtils] 通过属性找到匹配的Tag: Magazine
[15:53:41] [INFO] [TagUtils] 找到现有Tag: Magazine
[15:53:41] [INFO] [Additionalmshookl] [INFO] [TagUtils-DEBUG] 标签 Magazine 创建成功: Tag
[15:53:41] [INFO] [Additionalmshookl] [ERROR] 无法获取Tags列表
[15:53:41] [INFO] [Additionalmshookl] [INFO] [TagUtils-DEBUG] 开始处理标签: GunType_BR
[15:53:41] [INFO] [TagUtils] ===== GetOrCreateTag方法被调用 =====
[15:53:41] [INFO] [TagUtils] 参数: tagName='GunType_BR', displayName=''
[15:53:41] [INFO] [TagUtils] FindExistingTag 查找: GunType_BR
[15:53:41] [INFO] [TagUtils] 找到 134 个Tag对象，开始查找: GunType_BR
[15:53:41] [INFO] [TagUtils] 通过属性找到匹配的Tag: GunType_BR
[15:53:41] [INFO] [TagUtils] 找到现有Tag: GunType_BR
[15:53:41] [INFO] [Additionalmshookl] [INFO] [TagUtils-DEBUG] 标签 GunType_BR 创建成功: Tag
[15:53:41] [INFO] [Additionalmshookl] [ERROR] 无法获取Tags列表
[15:53:41] [INFO] [Additionalmshookl] [INFO] 为物品 BR亚音速弹匣 添加FoodDrink组件
[15:53:41] [INFO] [Additionalmshookl] [INFO] 物品 BR亚音速弹匣 能量值: 0, 口渴值: 0
[15:53:41] [INFO] [Additionalmshookl] [INFO] 正在为 CustomItem_1008434 配置 Modifiers...
[15:53:41] [INFO] [Additionalmshookl] [INFO] 成功设置字段 value = 0 (类型: ModifierDescription)
[15:53:41] [INFO] [Additionalmshookl] [INFO] 成功设置字段 display = False (类型: ModifierDescription)
[15:53:41] [INFO] [Additionalmshookl] [INFO]   - Modifier 'ADSTime' (原值: -0.12) 已被移除 (未在配置中指定)。
[15:53:41] [INFO] [Additionalmshookl] [INFO] 成功设置字段 value = 0 (类型: ModifierDescription)
[15:53:41] [INFO] [Additionalmshookl] [INFO] 成功设置字段 display = False (类型: ModifierDescription)
[15:53:41] [INFO] [Additionalmshookl] [INFO]   - Modifier 'ReloadTime' (原值: -0.2) 已被移除 (未在配置中指定)。
[15:53:41] [INFO] [Additionalmshookl] [INFO] 成功设置字段 value = 0 (类型: ModifierDescription)
[15:53:41] [INFO] [Additionalmshookl] [INFO] 成功设置字段 display = False (类型: ModifierDescription)
[15:53:41] [INFO] [Additionalmshookl] [INFO]   - Modifier 'MoveSpeedMultiplier' (原值: 0.05) 已被移除 (未在配置中指定)。
[15:53:41] [INFO] [Additionalmshookl] [INFO] 成功设置字段 value = 0 (类型: ModifierDescription)
[15:53:41] [INFO] [Additionalmshookl] [INFO] 成功设置字段 display = False (类型: ModifierDescription)
[15:53:41] [INFO] [Additionalmshookl] [INFO]   - Modifier 'ScatterRecoverADS' (原值: 0.12) 已被移除 (未在配置中指定)。
[15:53:41] [INFO] [Additionalmshookl] [INFO] CustomItem_1008434: 共修改/移除了 0 个现有 Modifier，添加了 0 个新的 Modifier。
[15:53:41] [INFO] [Additionalmshookl] [INFO] 开始应用防具属性配置
[15:53:41] [INFO] [Additionalmshookl] [INFO] 防具属性配置应用完成
[15:53:41] [INFO] [Additionalmshookl] [INFO] 物品 BR亚音速弹匣 没有配置插槽设置，跳过插槽设置
[15:53:41] [INFO] [Additionalmshookl] [INFO] [原物品Buff分析] 开始分析物品 BR亚音速弹匣 (原始ID: 837) 的原生Buff效果
[15:53:41] [INFO] [Additionalmshookl] [INFO] [原物品Buff分析] 物品上有 1 个UsageBehavior组件:
[15:53:41] [INFO] [Additionalmshookl] [INFO]   [0] FoodDrink
[15:53:41] [INFO] [Additionalmshookl] [INFO]       -> 类型: FoodDrink (非AddBuff)
[15:53:41] [INFO] [Additionalmshookl] [INFO] 物品 BR亚音速弹匣 没有配置Buff持续时间，跳过修改
[15:53:41] [INFO] [Additionalmshookl] [INFO] [CreateCustomItem] 完成设置物品属性 for BR亚音速弹匣
[15:53:41] [INFO] [Additionalmshookl] [INFO] [CreateCustomItem] 开始设置本地化文本 for BR亚音速弹匣
[15:53:41] [INFO] [Additionalmshookl] [INFO] 设置物品 BR亚音速弹匣 描述键: 1008434_Desc
[15:53:41] [INFO] [Additionalmshookl] [INFO] [CreateCustomItem] 完成设置本地化文本 for BR亚音速弹匣
[15:53:41] [INFO] [Additionalmshookl] [INFO] [CreateCustomItem] 开始设置图标 for BR亚音速弹匣
[15:53:41] [INFO] [Additionalmshookl] [INFO] 从模块文件夹加载图标: D:\SteamLibrary\steamapps\workshop\content\3167020\3661816441\icons\BR亚音速弹匣.png
[15:53:41] [INFO] [Additionalmshookl] [INFO] 加载UI图标成功: BR亚音速弹匣.png
[15:53:41] [INFO] [Additionalmshookl] [INFO] [CreateCustomItem] 完成设置图标 for BR亚音速弹匣
[15:53:41] [INFO] [Additionalmshookl] [INFO] [CreateCustomItem] 完成设置世界模型贴图 for BR亚音速弹匣
[15:53:41] [INFO] [Additionalmshookl] [INFO] [CreateCustomItem] 开始注册物品 for BR亚音速弹匣
[15:53:41] [INFO] [Additionalmshookl] [INFO] 物品注册成功: 1008434 (ID: 1008434)
[15:53:41] [INFO] [Additionalmshookl] [INFO] [CreateCustomItem] 完成注册物品 for BR亚音速弹匣
[15:53:41] [INFO] [Additionalmshookl] [INFO] [CreateCustomItem] 准备调用SetupAdditionalSlots for BR亚音速弹匣
[15:53:41] [INFO] [Additionalmshookl] [INFO] [SetupAdditionalSlots] 开始处理物品 BR亚音速弹匣 的配件槽配置
[15:53:41] [INFO] [Additionalmshookl] [INFO] [SetupAdditionalSlots] AdditionalSlotTags: 
[15:53:41] [INFO] [Additionalmshookl] [INFO] [SetupAdditionalSlots] AdditionalSlotCount: 0
[15:53:41] [INFO] [Additionalmshookl] [INFO] [SetupAdditionalSlots] ReplaceExistingSlots: False
[15:53:41] [INFO] [Additionalmshookl] [INFO] 物品 BR亚音速弹匣 配件槽配置无效或未设置，跳过配件槽添加
[15:53:41] [INFO] [Additionalmshookl] [INFO] [CreateCustomItem] 准备调用SetupDecomposeFormula for BR亚音速弹匣
[15:53:41] [INFO] [Additionalmshookl] [INFO] [SetupDecomposeFormula] 开始处理物品 BR亚音速弹匣 的分解配方，EnableDecompose: False
[15:53:41] [INFO] [Additionalmshookl] [INFO] [CreateCustomItem] 完成所有方法调用 for BR亚音速弹匣
[15:53:41] [INFO] [Additionalmshookl] [INFO] [CreateCustomItem] CreateCustomItem方法成功完成 for BR亚音速弹匣
[15:53:41] [INFO] [Additionalmshookl] [INFO] [MShook-DEBUG] CreateCustomItem方法调用完成
[15:53:41] [INFO] [Additionalmshookl] [INFO] 成功处理配置: BR亚音速弹匣 (ID: 1008434) 来自 1008434_BR亚音速弹匣.json
[15:53:41] [INFO] [Additionalmshookl] [INFO] 配置文件 1008435_狙击枪亚音速弹匣.json 中设置的NewItemId: 1008435
[15:53:41] [INFO] [Additionalmshookl] [INFO] [MShook-DEBUG] 正在处理配置: 1008435_狙击枪亚音速弹匣.json 中的物品 狙击枪亚音速弹匣
[15:53:41] [INFO] [Additionalmshookl] [INFO] [MShook-DEBUG] 即将调用CreateCustomItem方法
[15:53:41] [INFO] [Additionalmshookl] [INFO] ========== CreateCustomItem 开始处理物品: 狙击枪亚音速弹匣 ==========
[15:53:41] [INFO] [Additionalmshookl] [INFO] 配置原始ID: 553, 新ID: 1008435
[15:53:41] [INFO] [Additionalmshookl] [INFO] 开始处理物品: 狙击枪亚音速弹匣，原始ID: 553，配置的新ID: 1008435
[15:53:41] [INFO] [Additionalmshookl] [INFO] 为物品 狙击枪亚音速弹匣 生成的唯一键: 416908280
[15:53:41] [INFO] [Additionalmshookl] [INFO] 为物品 狙击枪亚音速弹匣 使用已保存的ID: 1008435
[15:53:41] [INFO] [Additionalmshookl] [INFO] 将ID 1008435 添加到已使用列表
[15:53:41] [INFO] [Additionalmshookl] [INFO] [CreateCustomItem] 开始设置物品属性 for 狙击枪亚音速弹匣
[15:53:41] [INFO] [Additionalmshookl] [INFO] [SetItemProperties] 开始设置物品 狙击枪亚音速弹匣 的基本属性
[15:53:41] [INFO] [Additionalmshookl] [INFO] 成功设置字段 typeID = 1008435 (类型: Item)
[15:53:41] [INFO] [Additionalmshookl] [INFO] 成功设置字段 weight = 0.1 (类型: Item)
[15:53:41] [INFO] [Additionalmshookl] [INFO] 成功设置字段 value = 3800 (类型: Item)
[15:53:41] [INFO] [Additionalmshookl] [INFO] 成功设置字段 displayName = 1008435 (类型: Item)
[15:53:41] [INFO] [Additionalmshookl] [INFO] 成功设置字段 quality = 5 (类型: Item)
[15:53:41] [INFO] [Additionalmshookl] [INFO] 成功设置字段 order = 0 (类型: Item)
[15:53:41] [INFO] [Additionalmshookl] [INFO] [SetItemProperties] 完成基本属性设置，开始处理Tags
[15:53:41] [INFO] [Additionalmshookl] [INFO] [SetItemProperties] 检测到Tags配置，数量: 3
[15:53:41] [INFO] [Additionalmshookl] [INFO] 物品 狙击枪亚音速弹匣 的所有标签: Accessory, Magazine, GunType_SNP
[15:53:41] [INFO] [Additionalmshookl] [INFO] [TagUtils-DEBUG] 开始处理标签: Accessory
[15:53:41] [INFO] [TagUtils] ===== GetOrCreateTag方法被调用 =====
[15:53:41] [INFO] [TagUtils] 参数: tagName='Accessory', displayName=''
[15:53:41] [INFO] [TagUtils] FindExistingTag 查找: Accessory
[15:53:41] [INFO] [TagUtils] 找到 134 个Tag对象，开始查找: Accessory
[15:53:41] [INFO] [TagUtils] 通过属性找到匹配的Tag: Accessory
[15:53:41] [INFO] [TagUtils] 找到现有Tag: Accessory
[15:53:41] [INFO] [Additionalmshookl] [INFO] [TagUtils-DEBUG] 标签 Accessory 创建成功: Tag
[15:53:41] [INFO] [Additionalmshookl] [ERROR] 无法获取Tags列表
[15:53:41] [INFO] [Additionalmshookl] [INFO] [TagUtils-DEBUG] 开始处理标签: Magazine
[15:53:41] [INFO] [TagUtils] ===== GetOrCreateTag方法被调用 =====
[15:53:41] [INFO] [TagUtils] 参数: tagName='Magazine', displayName=''
[15:53:41] [INFO] [TagUtils] FindExistingTag 查找: Magazine
[15:53:41] [INFO] [TagUtils] 找到 134 个Tag对象，开始查找: Magazine
[15:53:41] [INFO] [TagUtils] 通过属性找到匹配的Tag: Magazine
[15:53:41] [INFO] [TagUtils] 找到现有Tag: Magazine
[15:53:41] [INFO] [Additionalmshookl] [INFO] [TagUtils-DEBUG] 标签 Magazine 创建成功: Tag
[15:53:41] [INFO] [Additionalmshookl] [ERROR] 无法获取Tags列表
[15:53:41] [INFO] [Additionalmshookl] [INFO] [TagUtils-DEBUG] 开始处理标签: GunType_SNP
[15:53:41] [INFO] [TagUtils] ===== GetOrCreateTag方法被调用 =====
[15:53:41] [INFO] [TagUtils] 参数: tagName='GunType_SNP', displayName=''
[15:53:41] [INFO] [TagUtils] FindExistingTag 查找: GunType_SNP
[15:53:41] [INFO] [TagUtils] 找到 134 个Tag对象，开始查找: GunType_SNP
[15:53:41] [INFO] [TagUtils] 通过属性找到匹配的Tag: GunType_SNP
[15:53:41] [INFO] [TagUtils] 找到现有Tag: GunType_SNP
[15:53:41] [INFO] [Additionalmshookl] [INFO] [TagUtils-DEBUG] 标签 GunType_SNP 创建成功: Tag
[15:53:41] [INFO] [Additionalmshookl] [ERROR] 无法获取Tags列表
[15:53:41] [INFO] [Additionalmshookl] [INFO] 为物品 狙击枪亚音速弹匣 添加FoodDrink组件
[15:53:41] [INFO] [Additionalmshookl] [INFO] 物品 狙击枪亚音速弹匣 能量值: 0, 口渴值: 0
[15:53:41] [INFO] [Additionalmshookl] [INFO] 正在为 CustomItem_1008435 配置 Modifiers...
[15:53:41] [INFO] [Additionalmshookl] [INFO] 成功设置字段 value = 0 (类型: ModifierDescription)
[15:53:41] [INFO] [Additionalmshookl] [INFO] 成功设置字段 display = False (类型: ModifierDescription)
[15:53:41] [INFO] [Additionalmshookl] [INFO]   - Modifier 'ADSTime' (原值: -0.12) 已被移除 (未在配置中指定)。
[15:53:41] [INFO] [Additionalmshookl] [INFO] 成功设置字段 value = 0 (类型: ModifierDescription)
[15:53:41] [INFO] [Additionalmshookl] [INFO] 成功设置字段 display = False (类型: ModifierDescription)
[15:53:41] [INFO] [Additionalmshookl] [INFO]   - Modifier 'ReloadTime' (原值: -0.2) 已被移除 (未在配置中指定)。
[15:53:41] [INFO] [Additionalmshookl] [INFO] 成功设置字段 value = 0 (类型: ModifierDescription)
[15:53:41] [INFO] [Additionalmshookl] [INFO] 成功设置字段 display = False (类型: ModifierDescription)
[15:53:41] [INFO] [Additionalmshookl] [INFO]   - Modifier 'MoveSpeedMultiplier' (原值: 0.05) 已被移除 (未在配置中指定)。
[15:53:41] [INFO] [Additionalmshookl] [INFO] 成功设置字段 value = 0 (类型: ModifierDescription)
[15:53:41] [INFO] [Additionalmshookl] [INFO] 成功设置字段 display = False (类型: ModifierDescription)
[15:53:41] [INFO] [Additionalmshookl] [INFO]   - Modifier 'ScatterRecoverADS' (原值: 0.12) 已被移除 (未在配置中指定)。
[15:53:41] [INFO] [Additionalmshookl] [INFO] CustomItem_1008435: 共修改/移除了 0 个现有 Modifier，添加了 0 个新的 Modifier。
[15:53:41] [INFO] [Additionalmshookl] [INFO] 开始应用防具属性配置
[15:53:41] [INFO] [Additionalmshookl] [INFO] 防具属性配置应用完成
[15:53:41] [INFO] [Additionalmshookl] [INFO] 物品 狙击枪亚音速弹匣 没有配置插槽设置，跳过插槽设置
[15:53:41] [INFO] [Additionalmshookl] [INFO] [原物品Buff分析] 开始分析物品 狙击枪亚音速弹匣 (原始ID: 553) 的原生Buff效果
[15:53:41] [INFO] [Additionalmshookl] [INFO] [原物品Buff分析] 物品上有 1 个UsageBehavior组件:
[15:53:41] [INFO] [Additionalmshookl] [INFO]   [0] FoodDrink
[15:53:41] [INFO] [Additionalmshookl] [INFO]       -> 类型: FoodDrink (非AddBuff)
[15:53:41] [INFO] [Additionalmshookl] [INFO] 物品 狙击枪亚音速弹匣 没有配置Buff持续时间，跳过修改
[15:53:41] [INFO] [Additionalmshookl] [INFO] [CreateCustomItem] 完成设置物品属性 for 狙击枪亚音速弹匣
[15:53:41] [INFO] [Additionalmshookl] [INFO] [CreateCustomItem] 开始设置本地化文本 for 狙击枪亚音速弹匣
[15:53:41] [INFO] [Additionalmshookl] [INFO] 设置物品 狙击枪亚音速弹匣 描述键: 1008435_Desc
[15:53:41] [INFO] [Additionalmshookl] [INFO] [CreateCustomItem] 完成设置本地化文本 for 狙击枪亚音速弹匣
[15:53:41] [INFO] [Additionalmshookl] [INFO] [CreateCustomItem] 开始设置图标 for 狙击枪亚音速弹匣
[15:53:41] [INFO] [Additionalmshookl] [INFO] 从模块文件夹加载图标: D:\SteamLibrary\steamapps\workshop\content\3167020\3661816441\icons\狙击枪亚音速弹匣.png
[15:53:41] [INFO] [Additionalmshookl] [INFO] 加载UI图标成功: 狙击枪亚音速弹匣.png
[15:53:41] [INFO] [Additionalmshookl] [INFO] [CreateCustomItem] 完成设置图标 for 狙击枪亚音速弹匣
[15:53:41] [INFO] [Additionalmshookl] [INFO] [CreateCustomItem] 完成设置世界模型贴图 for 狙击枪亚音速弹匣
[15:53:41] [INFO] [Additionalmshookl] [INFO] [CreateCustomItem] 开始注册物品 for 狙击枪亚音速弹匣
[15:53:41] [INFO] [Additionalmshookl] [INFO] 物品注册成功: 1008435 (ID: 1008435)
[15:53:41] [INFO] [Additionalmshookl] [INFO] [CreateCustomItem] 完成注册物品 for 狙击枪亚音速弹匣
[15:53:41] [INFO] [Additionalmshookl] [INFO] [CreateCustomItem] 准备调用SetupAdditionalSlots for 狙击枪亚音速弹匣
[15:53:41] [INFO] [Additionalmshookl] [INFO] [SetupAdditionalSlots] 开始处理物品 狙击枪亚音速弹匣 的配件槽配置
[15:53:41] [INFO] [Additionalmshookl] [INFO] [SetupAdditionalSlots] AdditionalSlotTags: 
[15:53:41] [INFO] [Additionalmshookl] [INFO] [SetupAdditionalSlots] AdditionalSlotCount: 0
[15:53:41] [INFO] [Additionalmshookl] [INFO] [SetupAdditionalSlots] ReplaceExistingSlots: False
[15:53:41] [INFO] [Additionalmshookl] [INFO] 物品 狙击枪亚音速弹匣 配件槽配置无效或未设置，跳过配件槽添加
[15:53:41] [INFO] [Additionalmshookl] [INFO] [CreateCustomItem] 准备调用SetupDecomposeFormula for 狙击枪亚音速弹匣
[15:53:41] [INFO] [Additionalmshookl] [INFO] [SetupDecomposeFormula] 开始处理物品 狙击枪亚音速弹匣 的分解配方，EnableDecompose: False
[15:53:41] [INFO] [Additionalmshookl] [INFO] [CreateCustomItem] 完成所有方法调用 for 狙击枪亚音速弹匣
[15:53:41] [INFO] [Additionalmshookl] [INFO] [CreateCustomItem] CreateCustomItem方法成功完成 for 狙击枪亚音速弹匣
[15:53:41] [INFO] [Additionalmshookl] [INFO] [MShook-DEBUG] CreateCustomItem方法调用完成
[15:53:41] [INFO] [Additionalmshookl] [INFO] 成功处理配置: 狙击枪亚音速弹匣 (ID: 1008435) 来自 1008435_狙击枪亚音速弹匣.json
[15:53:41] [INFO] [Additionalmshookl] [INFO] 配置文件 1008436_快速轻型枪托.json 中设置的NewItemId: 1008436
[15:53:41] [INFO] [Additionalmshookl] [INFO] [MShook-DEBUG] 正在处理配置: 1008436_快速轻型枪托.json 中的物品 快速轻型枪托
[15:53:41] [INFO] [Additionalmshookl] [INFO] [MShook-DEBUG] 即将调用CreateCustomItem方法
[15:53:41] [INFO] [Additionalmshookl] [INFO] ========== CreateCustomItem 开始处理物品: 快速轻型枪托 ==========
[15:53:41] [INFO] [Additionalmshookl] [INFO] 配置原始ID: 508, 新ID: 1008436
[15:53:41] [INFO] [Additionalmshookl] [INFO] 开始处理物品: 快速轻型枪托，原始ID: 508，配置的新ID: 1008436
[15:53:41] [INFO] [Additionalmshookl] [INFO] 为物品 快速轻型枪托 生成的唯一键: 2060531511
[15:53:41] [INFO] [Additionalmshookl] [INFO] 为物品 快速轻型枪托 使用已保存的ID: 1008436
[15:53:41] [INFO] [Additionalmshookl] [INFO] 将ID 1008436 添加到已使用列表
[15:53:41] [INFO] [Additionalmshookl] [INFO] [CreateCustomItem] 开始设置物品属性 for 快速轻型枪托
[15:53:41] [INFO] [Additionalmshookl] [INFO] [SetItemProperties] 开始设置物品 快速轻型枪托 的基本属性
[15:53:41] [INFO] [Additionalmshookl] [INFO] 成功设置字段 typeID = 1008436 (类型: Item)
[15:53:41] [INFO] [Additionalmshookl] [INFO] 成功设置字段 weight = 0.2 (类型: Item)
[15:53:41] [INFO] [Additionalmshookl] [INFO] 成功设置字段 value = 3600 (类型: Item)
[15:53:41] [INFO] [Additionalmshookl] [INFO] 成功设置字段 displayName = 1008436 (类型: Item)
[15:53:41] [INFO] [Additionalmshookl] [INFO] 成功设置字段 quality = 5 (类型: Item)
[15:53:41] [INFO] [Additionalmshookl] [INFO] 成功设置字段 order = 0 (类型: Item)
[15:53:41] [INFO] [Additionalmshookl] [INFO] [SetItemProperties] 完成基本属性设置，开始处理Tags
[15:53:41] [INFO] [Additionalmshookl] [INFO] [SetItemProperties] 检测到Tags配置，数量: 3
[15:53:41] [INFO] [Additionalmshookl] [INFO] 物品 快速轻型枪托 的所有标签: Accessory, Stock, GunType_AR
[15:53:41] [INFO] [Additionalmshookl] [INFO] [TagUtils-DEBUG] 开始处理标签: Accessory
[15:53:41] [INFO] [TagUtils] ===== GetOrCreateTag方法被调用 =====
[15:53:41] [INFO] [TagUtils] 参数: tagName='Accessory', displayName=''
[15:53:41] [INFO] [TagUtils] FindExistingTag 查找: Accessory
[15:53:41] [INFO] [TagUtils] 找到 134 个Tag对象，开始查找: Accessory
[15:53:41] [INFO] [TagUtils] 通过属性找到匹配的Tag: Accessory
[15:53:41] [INFO] [TagUtils] 找到现有Tag: Accessory
[15:53:41] [INFO] [Additionalmshookl] [INFO] [TagUtils-DEBUG] 标签 Accessory 创建成功: Tag
[15:53:41] [INFO] [Additionalmshookl] [ERROR] 无法获取Tags列表
[15:53:41] [INFO] [Additionalmshookl] [INFO] [TagUtils-DEBUG] 开始处理标签: Stock
[15:53:41] [INFO] [TagUtils] ===== GetOrCreateTag方法被调用 =====
[15:53:41] [INFO] [TagUtils] 参数: tagName='Stock', displayName=''
[15:53:41] [INFO] [TagUtils] FindExistingTag 查找: Stock
[15:53:41] [INFO] [TagUtils] 找到 134 个Tag对象，开始查找: Stock
[15:53:41] [INFO] [TagUtils] 通过属性找到匹配的Tag: Stock
[15:53:41] [INFO] [TagUtils] 找到现有Tag: Stock
[15:53:41] [INFO] [Additionalmshookl] [INFO] [TagUtils-DEBUG] 标签 Stock 创建成功: Tag
[15:53:41] [INFO] [Additionalmshookl] [ERROR] 无法获取Tags列表
[15:53:41] [INFO] [Additionalmshookl] [INFO] [TagUtils-DEBUG] 开始处理标签: GunType_AR
[15:53:41] [INFO] [TagUtils] ===== GetOrCreateTag方法被调用 =====
[15:53:41] [INFO] [TagUtils] 参数: tagName='GunType_AR', displayName=''
[15:53:41] [INFO] [TagUtils] FindExistingTag 查找: GunType_AR
[15:53:41] [INFO] [TagUtils] 找到 134 个Tag对象，开始查找: GunType_AR
[15:53:41] [INFO] [TagUtils] 通过属性找到匹配的Tag: GunType_AR
[15:53:41] [INFO] [TagUtils] 找到现有Tag: GunType_AR
[15:53:41] [INFO] [Additionalmshookl] [INFO] [TagUtils-DEBUG] 标签 GunType_AR 创建成功: Tag
[15:53:41] [INFO] [Additionalmshookl] [ERROR] 无法获取Tags列表
[15:53:41] [INFO] [Additionalmshookl] [INFO] 为物品 快速轻型枪托 添加FoodDrink组件
[15:53:41] [INFO] [Additionalmshookl] [INFO] 物品 快速轻型枪托 能量值: 0, 口渴值: 0
[15:53:41] [INFO] [Additionalmshookl] [INFO] 正在为 CustomItem_1008436 配置 Modifiers...
[15:53:41] [INFO] [Additionalmshookl] [INFO] 成功设置字段 value = 0 (类型: ModifierDescription)
[15:53:41] [INFO] [Additionalmshookl] [INFO] 成功设置字段 display = False (类型: ModifierDescription)
[15:53:41] [INFO] [Additionalmshookl] [INFO]   - Modifier 'ADSTime' (原值: -0.2) 已被移除 (未在配置中指定)。
[15:53:41] [INFO] [Additionalmshookl] [INFO] 成功设置字段 value = 0 (类型: ModifierDescription)
[15:53:41] [INFO] [Additionalmshookl] [INFO] 成功设置字段 display = False (类型: ModifierDescription)
[15:53:41] [INFO] [Additionalmshookl] [INFO]   - Modifier 'MoveSpeedMultiplier' (原值: 0.05) 已被移除 (未在配置中指定)。
[15:53:41] [INFO] [Additionalmshookl] [INFO] CustomItem_1008436: 共修改/移除了 0 个现有 Modifier，添加了 0 个新的 Modifier。
[15:53:41] [INFO] [Additionalmshookl] [INFO] 开始应用防具属性配置
[15:53:41] [INFO] [Additionalmshookl] [INFO] 防具属性配置应用完成
[15:53:41] [INFO] [Additionalmshookl] [INFO] 物品 快速轻型枪托 没有配置插槽设置，跳过插槽设置
[15:53:41] [INFO] [Additionalmshookl] [INFO] [原物品Buff分析] 开始分析物品 快速轻型枪托 (原始ID: 508) 的原生Buff效果
[15:53:41] [INFO] [Additionalmshookl] [INFO] [原物品Buff分析] 物品上有 1 个UsageBehavior组件:
[15:53:41] [INFO] [Additionalmshookl] [INFO]   [0] FoodDrink
[15:53:41] [INFO] [Additionalmshookl] [INFO]       -> 类型: FoodDrink (非AddBuff)
[15:53:41] [INFO] [Additionalmshookl] [INFO] 物品 快速轻型枪托 没有配置Buff持续时间，跳过修改
[15:53:41] [INFO] [Additionalmshookl] [INFO] [CreateCustomItem] 完成设置物品属性 for 快速轻型枪托
[15:53:41] [INFO] [Additionalmshookl] [INFO] [CreateCustomItem] 开始设置本地化文本 for 快速轻型枪托
[15:53:41] [INFO] [Additionalmshookl] [INFO] 设置物品 快速轻型枪托 描述键: 1008436_Desc
[15:53:41] [INFO] [Additionalmshookl] [INFO] [CreateCustomItem] 完成设置本地化文本 for 快速轻型枪托
[15:53:41] [INFO] [Additionalmshookl] [INFO] [CreateCustomItem] 开始设置图标 for 快速轻型枪托
[15:53:41] [INFO] [Additionalmshookl] [INFO] 从模块文件夹加载图标: D:\SteamLibrary\steamapps\workshop\content\3167020\3661816441\icons\快速轻型枪托.png
[15:53:41] [INFO] [Additionalmshookl] [INFO] 加载UI图标成功: 快速轻型枪托.png
[15:53:41] [INFO] [Additionalmshookl] [INFO] [CreateCustomItem] 完成设置图标 for 快速轻型枪托
[15:53:41] [INFO] [Additionalmshookl] [INFO] [CreateCustomItem] 完成设置世界模型贴图 for 快速轻型枪托
[15:53:41] [INFO] [Additionalmshookl] [INFO] [CreateCustomItem] 开始注册物品 for 快速轻型枪托
[15:53:41] [INFO] [Additionalmshookl] [INFO] 物品注册成功: 1008436 (ID: 1008436)
[15:53:41] [INFO] [Additionalmshookl] [INFO] [CreateCustomItem] 完成注册物品 for 快速轻型枪托
[15:53:41] [INFO] [Additionalmshookl] [INFO] [CreateCustomItem] 准备调用SetupAdditionalSlots for 快速轻型枪托
[15:53:41] [INFO] [Additionalmshookl] [INFO] [SetupAdditionalSlots] 开始处理物品 快速轻型枪托 的配件槽配置
[15:53:41] [INFO] [Additionalmshookl] [INFO] [SetupAdditionalSlots] AdditionalSlotTags: 
[15:53:41] [INFO] [Additionalmshookl] [INFO] [SetupAdditionalSlots] AdditionalSlotCount: 0
[15:53:41] [INFO] [Additionalmshookl] [INFO] [SetupAdditionalSlots] ReplaceExistingSlots: False
[15:53:41] [INFO] [Additionalmshookl] [INFO] 物品 快速轻型枪托 配件槽配置无效或未设置，跳过配件槽添加
[15:53:41] [INFO] [Additionalmshookl] [INFO] [CreateCustomItem] 准备调用SetupDecomposeFormula for 快速轻型枪托
[15:53:41] [INFO] [Additionalmshookl] [INFO] [SetupDecomposeFormula] 开始处理物品 快速轻型枪托 的分解配方，EnableDecompose: False
[15:53:41] [INFO] [Additionalmshookl] [INFO] [CreateCustomItem] 完成所有方法调用 for 快速轻型枪托
[15:53:41] [INFO] [Additionalmshookl] [INFO] [CreateCustomItem] CreateCustomItem方法成功完成 for 快速轻型枪托
[15:53:41] [INFO] [Additionalmshookl] [INFO] [MShook-DEBUG] CreateCustomItem方法调用完成
[15:53:41] [INFO] [Additionalmshookl] [INFO] 成功处理配置: 快速轻型枪托 (ID: 1008436) 来自 1008436_快速轻型枪托.json
[15:53:41] [INFO] [Additionalmshookl] [INFO] 配置文件 1008437_步枪双头弹弹匣.json 中设置的NewItemId: 1008437
[15:53:41] [INFO] [Additionalmshookl] [INFO] [MShook-DEBUG] 正在处理配置: 1008437_步枪双头弹弹匣.json 中的物品 步枪双头弹弹匣
[15:53:41] [INFO] [Additionalmshookl] [INFO] [MShook-DEBUG] 即将调用CreateCustomItem方法
[15:53:41] [INFO] [Additionalmshookl] [INFO] ========== CreateCustomItem 开始处理物品: 步枪双头弹弹匣 ==========
[15:53:41] [INFO] [Additionalmshookl] [INFO] 配置原始ID: 546, 新ID: 1008437
[15:53:41] [INFO] [Additionalmshookl] [INFO] 开始处理物品: 步枪双头弹弹匣，原始ID: 546，配置的新ID: 1008437
[15:53:41] [INFO] [Additionalmshookl] [INFO] 为物品 步枪双头弹弹匣 生成的唯一键: 660541160
[15:53:41] [INFO] [Additionalmshookl] [INFO] 为物品 步枪双头弹弹匣 使用已保存的ID: 1008437
[15:53:41] [INFO] [Additionalmshookl] [INFO] 将ID 1008437 添加到已使用列表
[15:53:41] [INFO] [Additionalmshookl] [INFO] [CreateCustomItem] 开始设置物品属性 for 步枪双头弹弹匣
[15:53:41] [INFO] [Additionalmshookl] [INFO] [SetItemProperties] 开始设置物品 步枪双头弹弹匣 的基本属性
[15:53:41] [INFO] [Additionalmshookl] [INFO] 成功设置字段 typeID = 1008437 (类型: Item)
[15:53:41] [INFO] [Additionalmshookl] [INFO] 成功设置字段 weight = 0.35 (类型: Item)
[15:53:41] [INFO] [Additionalmshookl] [INFO] 成功设置字段 value = 3600 (类型: Item)
[15:53:41] [INFO] [Additionalmshookl] [INFO] 成功设置字段 displayName = 1008437 (类型: Item)
[15:53:41] [INFO] [Additionalmshookl] [INFO] 成功设置字段 quality = 5 (类型: Item)
[15:53:41] [INFO] [Additionalmshookl] [INFO] 成功设置字段 order = 0 (类型: Item)
[15:53:41] [INFO] [Additionalmshookl] [INFO] [SetItemProperties] 完成基本属性设置，开始处理Tags
[15:53:41] [INFO] [Additionalmshookl] [INFO] [SetItemProperties] 检测到Tags配置，数量: 3
[15:53:41] [INFO] [Additionalmshookl] [INFO] 物品 步枪双头弹弹匣 的所有标签: Accessory, Magazine, GunType_AR
[15:53:41] [INFO] [Additionalmshookl] [INFO] [TagUtils-DEBUG] 开始处理标签: Accessory
[15:53:41] [INFO] [TagUtils] ===== GetOrCreateTag方法被调用 =====
[15:53:41] [INFO] [TagUtils] 参数: tagName='Accessory', displayName=''
[15:53:41] [INFO] [TagUtils] FindExistingTag 查找: Accessory
[15:53:41] [INFO] [TagUtils] 找到 134 个Tag对象，开始查找: Accessory
[15:53:41] [INFO] [TagUtils] 通过属性找到匹配的Tag: Accessory
[15:53:41] [INFO] [TagUtils] 找到现有Tag: Accessory
[15:53:41] [INFO] [Additionalmshookl] [INFO] [TagUtils-DEBUG] 标签 Accessory 创建成功: Tag
[15:53:41] [INFO] [Additionalmshookl] [ERROR] 无法获取Tags列表
[15:53:41] [INFO] [Additionalmshookl] [INFO] [TagUtils-DEBUG] 开始处理标签: Magazine
[15:53:41] [INFO] [TagUtils] ===== GetOrCreateTag方法被调用 =====
[15:53:41] [INFO] [TagUtils] 参数: tagName='Magazine', displayName=''
[15:53:41] [INFO] [TagUtils] FindExistingTag 查找: Magazine
[15:53:41] [INFO] [TagUtils] 找到 134 个Tag对象，开始查找: Magazine
[15:53:41] [INFO] [TagUtils] 通过属性找到匹配的Tag: Magazine
[15:53:41] [INFO] [TagUtils] 找到现有Tag: Magazine
[15:53:41] [INFO] [Additionalmshookl] [INFO] [TagUtils-DEBUG] 标签 Magazine 创建成功: Tag
[15:53:41] [INFO] [Additionalmshookl] [ERROR] 无法获取Tags列表
[15:53:41] [INFO] [Additionalmshookl] [INFO] [TagUtils-DEBUG] 开始处理标签: GunType_AR
[15:53:41] [INFO] [TagUtils] ===== GetOrCreateTag方法被调用 =====
[15:53:41] [INFO] [TagUtils] 参数: tagName='GunType_AR', displayName=''
[15:53:41] [INFO] [TagUtils] FindExistingTag 查找: GunType_AR
[15:53:41] [INFO] [TagUtils] 找到 134 个Tag对象，开始查找: GunType_AR
[15:53:41] [INFO] [TagUtils] 通过属性找到匹配的Tag: GunType_AR
[15:53:41] [INFO] [TagUtils] 找到现有Tag: GunType_AR
[15:53:41] [INFO] [Additionalmshookl] [INFO] [TagUtils-DEBUG] 标签 GunType_AR 创建成功: Tag
[15:53:41] [INFO] [Additionalmshookl] [ERROR] 无法获取Tags列表
[15:53:41] [INFO] [Additionalmshookl] [INFO] 为物品 步枪双头弹弹匣 添加FoodDrink组件
[15:53:41] [INFO] [Additionalmshookl] [INFO] 物品 步枪双头弹弹匣 能量值: 0, 口渴值: 0
[15:53:41] [INFO] [Additionalmshookl] [INFO] 正在为 CustomItem_1008437 配置 Modifiers...
[15:53:41] [INFO] [Additionalmshookl] [INFO] 成功设置字段 value = 0 (类型: ModifierDescription)
[15:53:41] [INFO] [Additionalmshookl] [INFO] 成功设置字段 display = False (类型: ModifierDescription)
[15:53:41] [INFO] [Additionalmshookl] [INFO]   - Modifier 'Capacity' (原值: 0.5) 已被移除 (未在配置中指定)。
[15:53:41] [INFO] [Additionalmshookl] [INFO] CustomItem_1008437: 共修改/移除了 0 个现有 Modifier，添加了 0 个新的 Modifier。
[15:53:41] [INFO] [Additionalmshookl] [INFO] 开始应用防具属性配置
[15:53:41] [INFO] [Additionalmshookl] [INFO] 防具属性配置应用完成
[15:53:41] [INFO] [Additionalmshookl] [INFO] 物品 步枪双头弹弹匣 没有配置插槽设置，跳过插槽设置
[15:53:41] [INFO] [Additionalmshookl] [INFO] [原物品Buff分析] 开始分析物品 步枪双头弹弹匣 (原始ID: 546) 的原生Buff效果
[15:53:41] [INFO] [Additionalmshookl] [INFO] [原物品Buff分析] 物品上有 1 个UsageBehavior组件:
[15:53:41] [INFO] [Additionalmshookl] [INFO]   [0] FoodDrink
[15:53:41] [INFO] [Additionalmshookl] [INFO]       -> 类型: FoodDrink (非AddBuff)
[15:53:41] [INFO] [Additionalmshookl] [INFO] 物品 步枪双头弹弹匣 没有配置Buff持续时间，跳过修改
[15:53:41] [INFO] [Additionalmshookl] [INFO] [CreateCustomItem] 完成设置物品属性 for 步枪双头弹弹匣
[15:53:41] [INFO] [Additionalmshookl] [INFO] [CreateCustomItem] 开始设置本地化文本 for 步枪双头弹弹匣
[15:53:41] [INFO] [Additionalmshookl] [INFO] 设置物品 步枪双头弹弹匣 描述键: 1008437_Desc
[15:53:41] [INFO] [Additionalmshookl] [INFO] [CreateCustomItem] 完成设置本地化文本 for 步枪双头弹弹匣
[15:53:41] [INFO] [Additionalmshookl] [INFO] [CreateCustomItem] 开始设置图标 for 步枪双头弹弹匣
[15:53:41] [INFO] [Additionalmshookl] [INFO] 从模块文件夹加载图标: D:\SteamLibrary\steamapps\workshop\content\3167020\3661816441\icons\步枪双头弹弹匣.png
[15:53:41] [INFO] [Additionalmshookl] [INFO] 加载UI图标成功: 步枪双头弹弹匣.png
[15:53:41] [INFO] [Additionalmshookl] [INFO] [CreateCustomItem] 完成设置图标 for 步枪双头弹弹匣
[15:53:41] [INFO] [Additionalmshookl] [INFO] [CreateCustomItem] 完成设置世界模型贴图 for 步枪双头弹弹匣
[15:53:41] [INFO] [Additionalmshookl] [INFO] [CreateCustomItem] 开始注册物品 for 步枪双头弹弹匣
[15:53:41] [INFO] [Additionalmshookl] [INFO] 物品注册成功: 1008437 (ID: 1008437)
[15:53:41] [INFO] [Additionalmshookl] [INFO] [CreateCustomItem] 完成注册物品 for 步枪双头弹弹匣
[15:53:41] [INFO] [Additionalmshookl] [INFO] [CreateCustomItem] 准备调用SetupAdditionalSlots for 步枪双头弹弹匣
[15:53:41] [INFO] [Additionalmshookl] [INFO] [SetupAdditionalSlots] 开始处理物品 步枪双头弹弹匣 的配件槽配置
[15:53:41] [INFO] [Additionalmshookl] [INFO] [SetupAdditionalSlots] AdditionalSlotTags: 
[15:53:41] [INFO] [Additionalmshookl] [INFO] [SetupAdditionalSlots] AdditionalSlotCount: 0
[15:53:41] [INFO] [Additionalmshookl] [INFO] [SetupAdditionalSlots] ReplaceExistingSlots: False
[15:53:41] [INFO] [Additionalmshookl] [INFO] 物品 步枪双头弹弹匣 配件槽配置无效或未设置，跳过配件槽添加
[15:53:41] [INFO] [Additionalmshookl] [INFO] [CreateCustomItem] 准备调用SetupDecomposeFormula for 步枪双头弹弹匣
[15:53:41] [INFO] [Additionalmshookl] [INFO] [SetupDecomposeFormula] 开始处理物品 步枪双头弹弹匣 的分解配方，EnableDecompose: False
[15:53:41] [INFO] [Additionalmshookl] [INFO] [CreateCustomItem] 完成所有方法调用 for 步枪双头弹弹匣
[15:53:41] [INFO] [Additionalmshookl] [INFO] [CreateCustomItem] CreateCustomItem方法成功完成 for 步枪双头弹弹匣
[15:53:41] [INFO] [Additionalmshookl] [INFO] [MShook-DEBUG] CreateCustomItem方法调用完成
[15:53:41] [INFO] [Additionalmshookl] [INFO] 成功处理配置: 步枪双头弹弹匣 (ID: 1008437) 来自 1008437_步枪双头弹弹匣.json
[15:53:41] [INFO] [Additionalmshookl] [INFO] 配置文件 1008438_激光-增幅.json 中设置的NewItemId: 1008438
[15:53:41] [INFO] [Additionalmshookl] [INFO] [MShook-DEBUG] 正在处理配置: 1008438_激光-增幅.json 中的物品 激光-增幅
[15:53:41] [INFO] [Additionalmshookl] [INFO] [MShook-DEBUG] 即将调用CreateCustomItem方法
[15:53:41] [INFO] [Additionalmshookl] [INFO] ========== CreateCustomItem 开始处理物品: 激光-增幅 ==========
[15:53:41] [INFO] [Additionalmshookl] [INFO] 配置原始ID: 579, 新ID: 1008438
[15:53:41] [INFO] [Additionalmshookl] [INFO] 开始处理物品: 激光-增幅，原始ID: 579，配置的新ID: 1008438
[15:53:41] [INFO] [Additionalmshookl] [INFO] 为物品 激光-增幅 生成的唯一键: 978759266
[15:53:41] [INFO] [Additionalmshookl] [INFO] 为物品 激光-增幅 使用已保存的ID: 1008438
[15:53:41] [INFO] [Additionalmshookl] [INFO] 将ID 1008438 添加到已使用列表
[15:53:41] [INFO] [Additionalmshookl] [INFO] [CreateCustomItem] 开始设置物品属性 for 激光-增幅
[15:53:41] [INFO] [Additionalmshookl] [INFO] [SetItemProperties] 开始设置物品 激光-增幅 的基本属性
[15:53:41] [INFO] [Additionalmshookl] [INFO] 成功设置字段 typeID = 1008438 (类型: Item)
[15:53:41] [INFO] [Additionalmshookl] [INFO] 成功设置字段 weight = 0.25 (类型: Item)
[15:53:41] [INFO] [Additionalmshookl] [INFO] 成功设置字段 value = 8000 (类型: Item)
[15:53:41] [INFO] [Additionalmshookl] [INFO] 成功设置字段 displayName = 1008438 (类型: Item)
[15:53:41] [INFO] [Additionalmshookl] [INFO] 成功设置字段 quality = 5 (类型: Item)
[15:53:41] [INFO] [Additionalmshookl] [INFO] 成功设置字段 order = 0 (类型: Item)
[15:53:41] [INFO] [Additionalmshookl] [INFO] [SetItemProperties] 完成基本属性设置，开始处理Tags
[15:53:41] [INFO] [Additionalmshookl] [INFO] [SetItemProperties] 检测到Tags配置，数量: 2
[15:53:41] [INFO] [Additionalmshookl] [INFO] 物品 激光-增幅 的所有标签: Accessory, TecEquip
[15:53:41] [INFO] [Additionalmshookl] [INFO] [TagUtils-DEBUG] 开始处理标签: Accessory
[15:53:41] [INFO] [TagUtils] ===== GetOrCreateTag方法被调用 =====
[15:53:41] [INFO] [TagUtils] 参数: tagName='Accessory', displayName=''
[15:53:41] [INFO] [TagUtils] FindExistingTag 查找: Accessory
[15:53:41] [INFO] [TagUtils] 找到 134 个Tag对象，开始查找: Accessory
[15:53:41] [INFO] [TagUtils] 通过属性找到匹配的Tag: Accessory
[15:53:41] [INFO] [TagUtils] 找到现有Tag: Accessory
[15:53:41] [INFO] [Additionalmshookl] [INFO] [TagUtils-DEBUG] 标签 Accessory 创建成功: Tag
[15:53:41] [INFO] [Additionalmshookl] [ERROR] 无法获取Tags列表
[15:53:41] [INFO] [Additionalmshookl] [INFO] [TagUtils-DEBUG] 开始处理标签: TecEquip
[15:53:41] [INFO] [TagUtils] ===== GetOrCreateTag方法被调用 =====
[15:53:41] [INFO] [TagUtils] 参数: tagName='TecEquip', displayName=''
[15:53:41] [INFO] [TagUtils] FindExistingTag 查找: TecEquip
[15:53:41] [INFO] [TagUtils] 找到 134 个Tag对象，开始查找: TecEquip
[15:53:41] [INFO] [TagUtils] 通过属性找到匹配的Tag: TecEquip
[15:53:41] [INFO] [TagUtils] 找到现有Tag: TecEquip
[15:53:41] [INFO] [Additionalmshookl] [INFO] [TagUtils-DEBUG] 标签 TecEquip 创建成功: Tag
[15:53:41] [INFO] [Additionalmshookl] [ERROR] 无法获取Tags列表
[15:53:41] [INFO] [Additionalmshookl] [INFO] 为物品 激光-增幅 添加FoodDrink组件
[15:53:41] [INFO] [Additionalmshookl] [INFO] 物品 激光-增幅 能量值: 0, 口渴值: 0
[15:53:41] [INFO] [Additionalmshookl] [INFO] 正在为 CustomItem_1008438 配置 Modifiers...
[15:53:41] [INFO] [Additionalmshookl] [INFO] 成功设置字段 value = 0 (类型: ModifierDescription)
[15:53:41] [INFO] [Additionalmshookl] [INFO] 成功设置字段 display = False (类型: ModifierDescription)
[15:53:41] [INFO] [Additionalmshookl] [INFO]   - Modifier 'ScatterFactor' (原值: -0.23) 已被移除 (未在配置中指定)。
[15:53:41] [INFO] [Additionalmshookl] [INFO] CustomItem_1008438: 共修改/移除了 0 个现有 Modifier，添加了 0 个新的 Modifier。
[15:53:41] [INFO] [Additionalmshookl] [INFO] 开始应用防具属性配置
[15:53:41] [INFO] [Additionalmshookl] [INFO] 防具属性配置应用完成
[15:53:41] [INFO] [Additionalmshookl] [INFO] 物品 激光-增幅 没有配置插槽设置，跳过插槽设置
[15:53:41] [INFO] [Additionalmshookl] [INFO] [原物品Buff分析] 开始分析物品 激光-增幅 (原始ID: 579) 的原生Buff效果
[15:53:41] [INFO] [Additionalmshookl] [INFO] [原物品Buff分析] 物品上有 1 个UsageBehavior组件:
[15:53:41] [INFO] [Additionalmshookl] [INFO]   [0] FoodDrink
[15:53:41] [INFO] [Additionalmshookl] [INFO]       -> 类型: FoodDrink (非AddBuff)
[15:53:41] [INFO] [Additionalmshookl] [INFO] 物品 激光-增幅 没有配置Buff持续时间，跳过修改
[15:53:41] [INFO] [Additionalmshookl] [INFO] [CreateCustomItem] 完成设置物品属性 for 激光-增幅
[15:53:41] [INFO] [Additionalmshookl] [INFO] [CreateCustomItem] 开始设置本地化文本 for 激光-增幅
[15:53:41] [INFO] [Additionalmshookl] [INFO] 设置物品 激光-增幅 描述键: 1008438_Desc
[15:53:41] [INFO] [Additionalmshookl] [INFO] [CreateCustomItem] 完成设置本地化文本 for 激光-增幅
[15:53:41] [INFO] [Additionalmshookl] [INFO] [CreateCustomItem] 开始设置图标 for 激光-增幅
[15:53:41] [INFO] [Additionalmshookl] [INFO] 从模块文件夹加载图标: D:\SteamLibrary\steamapps\workshop\content\3167020\3661816441\icons\J-Lab增幅器.png
[15:53:41] [INFO] [Additionalmshookl] [INFO] 加载UI图标成功: J-Lab增幅器.png
[15:53:41] [INFO] [Additionalmshookl] [INFO] [CreateCustomItem] 完成设置图标 for 激光-增幅
[15:53:41] [INFO] [Additionalmshookl] [INFO] [CreateCustomItem] 完成设置世界模型贴图 for 激光-增幅
[15:53:41] [INFO] [Additionalmshookl] [INFO] [CreateCustomItem] 开始注册物品 for 激光-增幅
[15:53:41] [INFO] [Additionalmshookl] [INFO] 物品注册成功: 1008438 (ID: 1008438)
[15:53:41] [INFO] [Additionalmshookl] [INFO] [CreateCustomItem] 完成注册物品 for 激光-增幅
[15:53:41] [INFO] [Additionalmshookl] [INFO] [CreateCustomItem] 准备调用SetupAdditionalSlots for 激光-增幅
[15:53:41] [INFO] [Additionalmshookl] [INFO] [SetupAdditionalSlots] 开始处理物品 激光-增幅 的配件槽配置
[15:53:41] [INFO] [Additionalmshookl] [INFO] [SetupAdditionalSlots] AdditionalSlotTags: 
[15:53:41] [INFO] [Additionalmshookl] [INFO] [SetupAdditionalSlots] AdditionalSlotCount: 0
[15:53:41] [INFO] [Additionalmshookl] [INFO] [SetupAdditionalSlots] ReplaceExistingSlots: False
[15:53:41] [INFO] [Additionalmshookl] [INFO] 物品 激光-增幅 配件槽配置无效或未设置，跳过配件槽添加
[15:53:41] [INFO] [Additionalmshookl] [INFO] [CreateCustomItem] 准备调用SetupDecomposeFormula for 激光-增幅
[15:53:41] [INFO] [Additionalmshookl] [INFO] [SetupDecomposeFormula] 开始处理物品 激光-增幅 的分解配方，EnableDecompose: False
[15:53:41] [INFO] [Additionalmshookl] [INFO] [CreateCustomItem] 完成所有方法调用 for 激光-增幅
[15:53:41] [INFO] [Additionalmshookl] [INFO] [CreateCustomItem] CreateCustomItem方法成功完成 for 激光-增幅
[15:53:41] [INFO] [Additionalmshookl] [INFO] [MShook-DEBUG] CreateCustomItem方法调用完成
[15:53:41] [INFO] [Additionalmshookl] [INFO] 成功处理配置: 激光-增幅 (ID: 1008438) 来自 1008438_激光-增幅.json
[15:53:41] [INFO] [Additionalmshookl] [INFO] 配置文件 1008439_暴击握把.json 中设置的NewItemId: 1008439
[15:53:41] [INFO] [Additionalmshookl] [INFO] [MShook-DEBUG] 正在处理配置: 1008439_暴击握把.json 中的物品 暴击握把
[15:53:41] [INFO] [Additionalmshookl] [INFO] [MShook-DEBUG] 即将调用CreateCustomItem方法
[15:53:41] [INFO] [Additionalmshookl] [INFO] ========== CreateCustomItem 开始处理物品: 暴击握把 ==========
[15:53:41] [INFO] [Additionalmshookl] [INFO] 配置原始ID: 458, 新ID: 1008439
[15:53:41] [INFO] [Additionalmshookl] [INFO] 开始处理物品: 暴击握把，原始ID: 458，配置的新ID: 1008439
[15:53:41] [INFO] [Additionalmshookl] [INFO] 为物品 暴击握把 生成的唯一键: 2068013602
[15:53:41] [INFO] [Additionalmshookl] [INFO] 为物品 暴击握把 使用已保存的ID: 1008439
[15:53:41] [INFO] [Additionalmshookl] [INFO] 将ID 1008439 添加到已使用列表
[15:53:41] [INFO] [Additionalmshookl] [INFO] [CreateCustomItem] 开始设置物品属性 for 暴击握把
[15:53:41] [INFO] [Additionalmshookl] [INFO] [SetItemProperties] 开始设置物品 暴击握把 的基本属性
[15:53:41] [INFO] [Additionalmshookl] [INFO] 成功设置字段 typeID = 1008439 (类型: Item)
[15:53:41] [INFO] [Additionalmshookl] [INFO] 成功设置字段 weight = 0.3 (类型: Item)
[15:53:41] [INFO] [Additionalmshookl] [INFO] 成功设置字段 value = 2500 (类型: Item)
[15:53:41] [INFO] [Additionalmshookl] [INFO] 成功设置字段 displayName = 1008439 (类型: Item)
[15:53:41] [INFO] [Additionalmshookl] [INFO] 成功设置字段 quality = 4 (类型: Item)
[15:53:41] [INFO] [Additionalmshookl] [INFO] 成功设置字段 order = 0 (类型: Item)
[15:53:41] [INFO] [Additionalmshookl] [INFO] [SetItemProperties] 完成基本属性设置，开始处理Tags
[15:53:41] [INFO] [Additionalmshookl] [INFO] [SetItemProperties] 检测到Tags配置，数量: 2
[15:53:41] [INFO] [Additionalmshookl] [INFO] 物品 暴击握把 的所有标签: Accessory, Grip
[15:53:41] [INFO] [Additionalmshookl] [INFO] [TagUtils-DEBUG] 开始处理标签: Accessory
[15:53:41] [INFO] [TagUtils] ===== GetOrCreateTag方法被调用 =====
[15:53:41] [INFO] [TagUtils] 参数: tagName='Accessory', displayName=''
[15:53:41] [INFO] [TagUtils] FindExistingTag 查找: Accessory
[15:53:41] [INFO] [TagUtils] 找到 134 个Tag对象，开始查找: Accessory
[15:53:41] [INFO] [TagUtils] 通过属性找到匹配的Tag: Accessory
[15:53:41] [INFO] [TagUtils] 找到现有Tag: Accessory
[15:53:41] [INFO] [Additionalmshookl] [INFO] [TagUtils-DEBUG] 标签 Accessory 创建成功: Tag
[15:53:41] [INFO] [Additionalmshookl] [ERROR] 无法获取Tags列表
[15:53:41] [INFO] [Additionalmshookl] [INFO] [TagUtils-DEBUG] 开始处理标签: Grip
[15:53:41] [INFO] [TagUtils] ===== GetOrCreateTag方法被调用 =====
[15:53:41] [INFO] [TagUtils] 参数: tagName='Grip', displayName=''
[15:53:41] [INFO] [TagUtils] FindExistingTag 查找: Grip
[15:53:41] [INFO] [TagUtils] 找到 134 个Tag对象，开始查找: Grip
[15:53:41] [INFO] [TagUtils] 通过属性找到匹配的Tag: Grip
[15:53:41] [INFO] [TagUtils] 找到现有Tag: Grip
[15:53:41] [INFO] [Additionalmshookl] [INFO] [TagUtils-DEBUG] 标签 Grip 创建成功: Tag
[15:53:41] [INFO] [Additionalmshookl] [ERROR] 无法获取Tags列表
[15:53:41] [INFO] [Additionalmshookl] [INFO] 为物品 暴击握把 添加FoodDrink组件
[15:53:41] [INFO] [Additionalmshookl] [INFO] 物品 暴击握把 能量值: 0, 口渴值: 0
[15:53:41] [INFO] [Additionalmshookl] [INFO] 正在为 CustomItem_1008439 配置 Modifiers...
[15:53:41] [INFO] [Additionalmshookl] [INFO] 成功设置字段 value = 0 (类型: ModifierDescription)
[15:53:41] [INFO] [Additionalmshookl] [INFO] 成功设置字段 display = False (类型: ModifierDescription)
[15:53:41] [INFO] [Additionalmshookl] [INFO]   - Modifier 'RecoilScaleV' (原值: -0.43) 已被移除 (未在配置中指定)。
[15:53:41] [INFO] [Additionalmshookl] [INFO] CustomItem_1008439: 共修改/移除了 0 个现有 Modifier，添加了 0 个新的 Modifier。
[15:53:41] [INFO] [Additionalmshookl] [INFO] 开始应用防具属性配置
[15:53:41] [INFO] [Additionalmshookl] [INFO] 防具属性配置应用完成
[15:53:41] [INFO] [Additionalmshookl] [INFO] 物品 暴击握把 没有配置插槽设置，跳过插槽设置
[15:53:41] [INFO] [Additionalmshookl] [INFO] [原物品Buff分析] 开始分析物品 暴击握把 (原始ID: 458) 的原生Buff效果
[15:53:41] [INFO] [Additionalmshookl] [INFO] [原物品Buff分析] 物品上有 1 个UsageBehavior组件:
[15:53:41] [INFO] [Additionalmshookl] [INFO]   [0] FoodDrink
[15:53:41] [INFO] [Additionalmshookl] [INFO]       -> 类型: FoodDrink (非AddBuff)
[15:53:41] [INFO] [Additionalmshookl] [INFO] 物品 暴击握把 没有配置Buff持续时间，跳过修改
[15:53:41] [INFO] [Additionalmshookl] [INFO] [CreateCustomItem] 完成设置物品属性 for 暴击握把
[15:53:41] [INFO] [Additionalmshookl] [INFO] [CreateCustomItem] 开始设置本地化文本 for 暴击握把
[15:53:41] [INFO] [Additionalmshookl] [INFO] 设置物品 暴击握把 描述键: 1008439_Desc
[15:53:41] [INFO] [Additionalmshookl] [INFO] [CreateCustomItem] 完成设置本地化文本 for 暴击握把
[15:53:41] [INFO] [Additionalmshookl] [INFO] [CreateCustomItem] 开始设置图标 for 暴击握把
[15:53:41] [INFO] [Additionalmshookl] [INFO] 从模块文件夹加载图标: D:\SteamLibrary\steamapps\workshop\content\3167020\3661816441\icons\暴击握把.png
[15:53:41] [INFO] [Additionalmshookl] [INFO] 加载UI图标成功: 暴击握把.png
[15:53:41] [INFO] [Additionalmshookl] [INFO] [CreateCustomItem] 完成设置图标 for 暴击握把
[15:53:41] [INFO] [Additionalmshookl] [INFO] [CreateCustomItem] 完成设置世界模型贴图 for 暴击握把
[15:53:41] [INFO] [Additionalmshookl] [INFO] [CreateCustomItem] 开始注册物品 for 暴击握把
[15:53:41] [INFO] [Additionalmshookl] [INFO] 物品注册成功: 1008439 (ID: 1008439)
[15:53:41] [INFO] [Additionalmshookl] [INFO] [CreateCustomItem] 完成注册物品 for 暴击握把
[15:53:41] [INFO] [Additionalmshookl] [INFO] [CreateCustomItem] 准备调用SetupAdditionalSlots for 暴击握把
[15:53:41] [INFO] [Additionalmshookl] [INFO] [SetupAdditionalSlots] 开始处理物品 暴击握把 的配件槽配置
[15:53:41] [INFO] [Additionalmshookl] [INFO] [SetupAdditionalSlots] AdditionalSlotTags: 
[15:53:41] [INFO] [Additionalmshookl] [INFO] [SetupAdditionalSlots] AdditionalSlotCount: 0
[15:53:41] [INFO] [Additionalmshookl] [INFO] [SetupAdditionalSlots] ReplaceExistingSlots: False
[15:53:41] [INFO] [Additionalmshookl] [INFO] 物品 暴击握把 配件槽配置无效或未设置，跳过配件槽添加
[15:53:41] [INFO] [Additionalmshookl] [INFO] [CreateCustomItem] 准备调用SetupDecomposeFormula for 暴击握把
[15:53:41] [INFO] [Additionalmshookl] [INFO] [SetupDecomposeFormula] 开始处理物品 暴击握把 的分解配方，EnableDecompose: False
[15:53:41] [INFO] [Additionalmshookl] [INFO] [CreateCustomItem] 完成所有方法调用 for 暴击握把
[15:53:41] [INFO] [Additionalmshookl] [INFO] [CreateCustomItem] CreateCustomItem方法成功完成 for 暴击握把
[15:53:41] [INFO] [Additionalmshookl] [INFO] [MShook-DEBUG] CreateCustomItem方法调用完成
[15:53:41] [INFO] [Additionalmshookl] [INFO] 成功处理配置: 暴击握把 (ID: 1008439) 来自 1008439_暴击握把.json
[15:53:41] [INFO] [Additionalmshookl] [INFO] 配置文件 1008440_暴击枪托.json 中设置的NewItemId: 1008440
[15:53:41] [INFO] [Additionalmshookl] [INFO] [MShook-DEBUG] 正在处理配置: 1008440_暴击枪托.json 中的物品 暴击枪托
[15:53:41] [INFO] [Additionalmshookl] [INFO] [MShook-DEBUG] 即将调用CreateCustomItem方法
[15:53:41] [INFO] [Additionalmshookl] [INFO] ========== CreateCustomItem 开始处理物品: 暴击枪托 ==========
[15:53:41] [INFO] [Additionalmshookl] [INFO] 配置原始ID: 511, 新ID: 1008440
[15:53:41] [INFO] [Additionalmshookl] [INFO] 开始处理物品: 暴击枪托，原始ID: 511，配置的新ID: 1008440
[15:53:41] [INFO] [Additionalmshookl] [INFO] 为物品 暴击枪托 生成的唯一键: 177979481
[15:53:41] [INFO] [Additionalmshookl] [INFO] 为物品 暴击枪托 使用已保存的ID: 1008440
[15:53:41] [INFO] [Additionalmshookl] [INFO] 将ID 1008440 添加到已使用列表
[15:53:41] [INFO] [Additionalmshookl] [INFO] [CreateCustomItem] 开始设置物品属性 for 暴击枪托
[15:53:41] [INFO] [Additionalmshookl] [INFO] [SetItemProperties] 开始设置物品 暴击枪托 的基本属性
[15:53:41] [INFO] [Additionalmshookl] [INFO] 成功设置字段 typeID = 1008440 (类型: Item)
[15:53:41] [INFO] [Additionalmshookl] [INFO] 成功设置字段 weight = 0.5 (类型: Item)
[15:53:41] [INFO] [Additionalmshookl] [INFO] 成功设置字段 value = 3600 (类型: Item)
[15:53:41] [INFO] [Additionalmshookl] [INFO] 成功设置字段 displayName = 1008440 (类型: Item)
[15:53:41] [INFO] [Additionalmshookl] [INFO] 成功设置字段 quality = 5 (类型: Item)
[15:53:41] [INFO] [Additionalmshookl] [INFO] 成功设置字段 order = 0 (类型: Item)
[15:53:41] [INFO] [Additionalmshookl] [INFO] [SetItemProperties] 完成基本属性设置，开始处理Tags
[15:53:41] [INFO] [Additionalmshookl] [INFO] [SetItemProperties] 检测到Tags配置，数量: 3
[15:53:41] [INFO] [Additionalmshookl] [INFO] 物品 暴击枪托 的所有标签: Accessory, Stock, GunType_AR
[15:53:41] [INFO] [Additionalmshookl] [INFO] [TagUtils-DEBUG] 开始处理标签: Accessory
[15:53:41] [INFO] [TagUtils] ===== GetOrCreateTag方法被调用 =====
[15:53:41] [INFO] [TagUtils] 参数: tagName='Accessory', displayName=''
[15:53:41] [INFO] [TagUtils] FindExistingTag 查找: Accessory
[15:53:41] [INFO] [TagUtils] 找到 134 个Tag对象，开始查找: Accessory
[15:53:41] [INFO] [TagUtils] 通过属性找到匹配的Tag: Accessory
[15:53:41] [INFO] [TagUtils] 找到现有Tag: Accessory
[15:53:41] [INFO] [Additionalmshookl] [INFO] [TagUtils-DEBUG] 标签 Accessory 创建成功: Tag
[15:53:41] [INFO] [Additionalmshookl] [ERROR] 无法获取Tags列表
[15:53:41] [INFO] [Additionalmshookl] [INFO] [TagUtils-DEBUG] 开始处理标签: Stock
[15:53:41] [INFO] [TagUtils] ===== GetOrCreateTag方法被调用 =====
[15:53:41] [INFO] [TagUtils] 参数: tagName='Stock', displayName=''
[15:53:41] [INFO] [TagUtils] FindExistingTag 查找: Stock
[15:53:41] [INFO] [TagUtils] 找到 134 个Tag对象，开始查找: Stock
[15:53:41] [INFO] [TagUtils] 通过属性找到匹配的Tag: Stock
[15:53:41] [INFO] [TagUtils] 找到现有Tag: Stock
[15:53:41] [INFO] [Additionalmshookl] [INFO] [TagUtils-DEBUG] 标签 Stock 创建成功: Tag
[15:53:41] [INFO] [Additionalmshookl] [ERROR] 无法获取Tags列表
[15:53:41] [INFO] [Additionalmshookl] [INFO] [TagUtils-DEBUG] 开始处理标签: GunType_AR
[15:53:41] [INFO] [TagUtils] ===== GetOrCreateTag方法被调用 =====
[15:53:41] [INFO] [TagUtils] 参数: tagName='GunType_AR', displayName=''
[15:53:41] [INFO] [TagUtils] FindExistingTag 查找: GunType_AR
[15:53:42] [INFO] [TagUtils] 找到 134 个Tag对象，开始查找: GunType_AR
[15:53:42] [INFO] [TagUtils] 通过属性找到匹配的Tag: GunType_AR
[15:53:42] [INFO] [TagUtils] 找到现有Tag: GunType_AR
[15:53:42] [INFO] [Additionalmshookl] [INFO] [TagUtils-DEBUG] 标签 GunType_AR 创建成功: Tag
[15:53:42] [INFO] [Additionalmshookl] [ERROR] 无法获取Tags列表
[15:53:42] [INFO] [Additionalmshookl] [INFO] 为物品 暴击枪托 添加FoodDrink组件
[15:53:42] [INFO] [Additionalmshookl] [INFO] 物品 暴击枪托 能量值: 0, 口渴值: 0
[15:53:42] [INFO] [Additionalmshookl] [INFO] 正在为 CustomItem_1008440 配置 Modifiers...
[15:53:42] [INFO] [Additionalmshookl] [INFO] 成功设置字段 value = 0 (类型: ModifierDescription)
[15:53:42] [INFO] [Additionalmshookl] [INFO] 成功设置字段 display = False (类型: ModifierDescription)
[15:53:42] [INFO] [Additionalmshookl] [INFO]   - Modifier 'MoveSpeedMultiplier' (原值: 0.12) 已被移除 (未在配置中指定)。
[15:53:42] [INFO] [Additionalmshookl] [INFO] CustomItem_1008440: 共修改/移除了 0 个现有 Modifier，添加了 0 个新的 Modifier。
[15:53:42] [INFO] [Additionalmshookl] [INFO] 开始应用防具属性配置
[15:53:42] [INFO] [Additionalmshookl] [INFO] 防具属性配置应用完成
[15:53:42] [INFO] [Additionalmshookl] [INFO] 物品 暴击枪托 没有配置插槽设置，跳过插槽设置
[15:53:42] [INFO] [Additionalmshookl] [INFO] [原物品Buff分析] 开始分析物品 暴击枪托 (原始ID: 511) 的原生Buff效果
[15:53:42] [INFO] [Additionalmshookl] [INFO] [原物品Buff分析] 物品上有 1 个UsageBehavior组件:
[15:53:42] [INFO] [Additionalmshookl] [INFO]   [0] FoodDrink
[15:53:42] [INFO] [Additionalmshookl] [INFO]       -> 类型: FoodDrink (非AddBuff)
[15:53:42] [INFO] [Additionalmshookl] [INFO] 物品 暴击枪托 没有配置Buff持续时间，跳过修改
[15:53:42] [INFO] [Additionalmshookl] [INFO] [CreateCustomItem] 完成设置物品属性 for 暴击枪托
[15:53:42] [INFO] [Additionalmshookl] [INFO] [CreateCustomItem] 开始设置本地化文本 for 暴击枪托
[15:53:42] [INFO] [Additionalmshookl] [INFO] 设置物品 暴击枪托 描述键: 1008440_Desc
[15:53:42] [INFO] [Additionalmshookl] [INFO] [CreateCustomItem] 完成设置本地化文本 for 暴击枪托
[15:53:42] [INFO] [Additionalmshookl] [INFO] [CreateCustomItem] 开始设置图标 for 暴击枪托
[15:53:42] [INFO] [Additionalmshookl] [INFO] 从模块文件夹加载图标: D:\SteamLibrary\steamapps\workshop\content\3167020\3661816441\icons\暴击枪托.png
[15:53:42] [INFO] [Additionalmshookl] [INFO] 加载UI图标成功: 暴击枪托.png
[15:53:42] [INFO] [Additionalmshookl] [INFO] [CreateCustomItem] 完成设置图标 for 暴击枪托
[15:53:42] [INFO] [Additionalmshookl] [INFO] [CreateCustomItem] 完成设置世界模型贴图 for 暴击枪托
[15:53:42] [INFO] [Additionalmshookl] [INFO] [CreateCustomItem] 开始注册物品 for 暴击枪托
[15:53:42] [INFO] [Additionalmshookl] [INFO] 物品注册成功: 1008440 (ID: 1008440)
[15:53:42] [INFO] [Additionalmshookl] [INFO] [CreateCustomItem] 完成注册物品 for 暴击枪托
[15:53:42] [INFO] [Additionalmshookl] [INFO] [CreateCustomItem] 准备调用SetupAdditionalSlots for 暴击枪托
[15:53:42] [INFO] [Additionalmshookl] [INFO] [SetupAdditionalSlots] 开始处理物品 暴击枪托 的配件槽配置
[15:53:42] [INFO] [Additionalmshookl] [INFO] [SetupAdditionalSlots] AdditionalSlotTags: 
[15:53:42] [INFO] [Additionalmshookl] [INFO] [SetupAdditionalSlots] AdditionalSlotCount: 0
[15:53:42] [INFO] [Additionalmshookl] [INFO] [SetupAdditionalSlots] ReplaceExistingSlots: False
[15:53:42] [INFO] [Additionalmshookl] [INFO] 物品 暴击枪托 配件槽配置无效或未设置，跳过配件槽添加
[15:53:42] [INFO] [Additionalmshookl] [INFO] [CreateCustomItem] 准备调用SetupDecomposeFormula for 暴击枪托
[15:53:42] [INFO] [Additionalmshookl] [INFO] [SetupDecomposeFormula] 开始处理物品 暴击枪托 的分解配方，EnableDecompose: False
[15:53:42] [INFO] [Additionalmshookl] [INFO] [CreateCustomItem] 完成所有方法调用 for 暴击枪托
[15:53:42] [INFO] [Additionalmshookl] [INFO] [CreateCustomItem] CreateCustomItem方法成功完成 for 暴击枪托
[15:53:42] [INFO] [Additionalmshookl] [INFO] [MShook-DEBUG] CreateCustomItem方法调用完成
[15:53:42] [INFO] [Additionalmshookl] [INFO] 成功处理配置: 暴击枪托 (ID: 1008440) 来自 1008440_暴击枪托.json
[15:53:42] [INFO] [Additionalmshookl] [INFO] 配置文件 1008441_死寂消音器.json 中设置的NewItemId: 1008441
[15:53:42] [INFO] [Additionalmshookl] [INFO] [MShook-DEBUG] 正在处理配置: 1008441_死寂消音器.json 中的物品 死寂消音器
[15:53:42] [INFO] [Additionalmshookl] [INFO] [MShook-DEBUG] 即将调用CreateCustomItem方法
[15:53:42] [INFO] [Additionalmshookl] [INFO] ========== CreateCustomItem 开始处理物品: 死寂消音器 ==========
[15:53:42] [INFO] [Additionalmshookl] [INFO] 配置原始ID: 776, 新ID: 1008441
[15:53:42] [INFO] [Additionalmshookl] [INFO] 开始处理物品: 死寂消音器，原始ID: 776，配置的新ID: 1008441
[15:53:42] [INFO] [Additionalmshookl] [INFO] 为物品 死寂消音器 生成的唯一键: 1636261718
[15:53:42] [INFO] [Additionalmshookl] [INFO] 为物品 死寂消音器 使用已保存的ID: 1008441
[15:53:42] [INFO] [Additionalmshookl] [INFO] 将ID 1008441 添加到已使用列表
[15:53:42] [INFO] [Additionalmshookl] [INFO] [CreateCustomItem] 开始设置物品属性 for 死寂消音器
[15:53:42] [INFO] [Additionalmshookl] [INFO] [SetItemProperties] 开始设置物品 死寂消音器 的基本属性
[15:53:42] [INFO] [Additionalmshookl] [INFO] 成功设置字段 typeID = 1008441 (类型: Item)
[15:53:42] [INFO] [Additionalmshookl] [INFO] 成功设置字段 weight = 1.1 (类型: Item)
[15:53:42] [INFO] [Additionalmshookl] [INFO] 成功设置字段 value = 8000 (类型: Item)
[15:53:42] [INFO] [Additionalmshookl] [INFO] 成功设置字段 displayName = 1008441 (类型: Item)
[15:53:42] [INFO] [Additionalmshookl] [INFO] 成功设置字段 quality = 6 (类型: Item)
[15:53:42] [INFO] [Additionalmshookl] [INFO] 成功设置字段 order = 0 (类型: Item)
[15:53:42] [INFO] [Additionalmshookl] [INFO] [SetItemProperties] 完成基本属性设置，开始处理Tags
[15:53:42] [INFO] [Additionalmshookl] [INFO] [SetItemProperties] 检测到Tags配置，数量: 3
[15:53:42] [INFO] [Additionalmshookl] [INFO] 物品 死寂消音器 的所有标签: Accessory, Muzzle, GunType_AR
[15:53:42] [INFO] [Additionalmshookl] [INFO] [TagUtils-DEBUG] 开始处理标签: Accessory
[15:53:42] [INFO] [TagUtils] ===== GetOrCreateTag方法被调用 =====
[15:53:42] [INFO] [TagUtils] 参数: tagName='Accessory', displayName=''
[15:53:42] [INFO] [TagUtils] FindExistingTag 查找: Accessory
[15:53:42] [INFO] [TagUtils] 找到 134 个Tag对象，开始查找: Accessory
[15:53:42] [INFO] [TagUtils] 通过属性找到匹配的Tag: Accessory
[15:53:42] [INFO] [TagUtils] 找到现有Tag: Accessory
[15:53:42] [INFO] [Additionalmshookl] [INFO] [TagUtils-DEBUG] 标签 Accessory 创建成功: Tag
[15:53:42] [INFO] [Additionalmshookl] [ERROR] 无法获取Tags列表
[15:53:42] [INFO] [Additionalmshookl] [INFO] [TagUtils-DEBUG] 开始处理标签: Muzzle
[15:53:42] [INFO] [TagUtils] ===== GetOrCreateTag方法被调用 =====
[15:53:42] [INFO] [TagUtils] 参数: tagName='Muzzle', displayName=''
[15:53:42] [INFO] [TagUtils] FindExistingTag 查找: Muzzle
[15:53:42] [INFO] [TagUtils] 找到 134 个Tag对象，开始查找: Muzzle
[15:53:42] [INFO] [TagUtils] 通过属性找到匹配的Tag: Muzzle
[15:53:42] [INFO] [TagUtils] 找到现有Tag: Muzzle
[15:53:42] [INFO] [Additionalmshookl] [INFO] [TagUtils-DEBUG] 标签 Muzzle 创建成功: Tag
[15:53:42] [INFO] [Additionalmshookl] [ERROR] 无法获取Tags列表
[15:53:42] [INFO] [Additionalmshookl] [INFO] [TagUtils-DEBUG] 开始处理标签: GunType_AR
[15:53:42] [INFO] [TagUtils] ===== GetOrCreateTag方法被调用 =====
[15:53:42] [INFO] [TagUtils] 参数: tagName='GunType_AR', displayName=''
[15:53:42] [INFO] [TagUtils] FindExistingTag 查找: GunType_AR
[15:53:42] [INFO] [TagUtils] 找到 134 个Tag对象，开始查找: GunType_AR
[15:53:42] [INFO] [TagUtils] 通过属性找到匹配的Tag: GunType_AR
[15:53:42] [INFO] [TagUtils] 找到现有Tag: GunType_AR
[15:53:42] [INFO] [Additionalmshookl] [INFO] [TagUtils-DEBUG] 标签 GunType_AR 创建成功: Tag
[15:53:42] [INFO] [Additionalmshookl] [ERROR] 无法获取Tags列表
[15:53:42] [INFO] [Additionalmshookl] [INFO] 为物品 死寂消音器 添加FoodDrink组件
[15:53:42] [INFO] [Additionalmshookl] [INFO] 物品 死寂消音器 能量值: 0, 口渴值: 0
[15:53:42] [INFO] [Additionalmshookl] [INFO] 正在为 CustomItem_1008441 配置 Modifiers...
[15:53:42] [INFO] [Additionalmshookl] [INFO] 成功设置字段 value = 0 (类型: ModifierDescription)
[15:53:42] [INFO] [Additionalmshookl] [INFO] 成功设置字段 display = False (类型: ModifierDescription)
[15:53:42] [INFO] [Additionalmshookl] [INFO]   - Modifier 'SoundRange' (原值: -0.5) 已被移除 (未在配置中指定)。
[15:53:42] [INFO] [Additionalmshookl] [INFO] 成功设置字段 value = 0 (类型: ModifierDescription)
[15:53:42] [INFO] [Additionalmshookl] [INFO] 成功设置字段 display = False (类型: ModifierDescription)
[15:53:42] [INFO] [Additionalmshookl] [INFO]   - Modifier 'ScatterFactor' (原值: -0.13) 已被移除 (未在配置中指定)。
[15:53:42] [INFO] [Additionalmshookl] [INFO] 成功设置字段 value = 0 (类型: ModifierDescription)
[15:53:42] [INFO] [Additionalmshookl] [INFO] 成功设置字段 display = False (类型: ModifierDescription)
[15:53:42] [INFO] [Additionalmshookl] [INFO]   - Modifier 'ScatterFactorADS' (原值: -0.13) 已被移除 (未在配置中指定)。
[15:53:42] [INFO] [Additionalmshookl] [INFO] 成功设置字段 value = 0 (类型: ModifierDescription)
[15:53:42] [INFO] [Additionalmshookl] [INFO] 成功设置字段 display = False (类型: ModifierDescription)
[15:53:42] [INFO] [Additionalmshookl] [INFO]   - Modifier 'MoveSpeedMultiplier' (原值: -0.08) 已被移除 (未在配置中指定)。
[15:53:42] [INFO] [Additionalmshookl] [INFO] CustomItem_1008441: 共修改/移除了 0 个现有 Modifier，添加了 0 个新的 Modifier。
[15:53:42] [INFO] [Additionalmshookl] [INFO] 开始应用防具属性配置
[15:53:42] [INFO] [Additionalmshookl] [INFO] 防具属性配置应用完成
[15:53:42] [INFO] [Additionalmshookl] [INFO] 物品 死寂消音器 没有配置插槽设置，跳过插槽设置
[15:53:42] [INFO] [Additionalmshookl] [INFO] [原物品Buff分析] 开始分析物品 死寂消音器 (原始ID: 776) 的原生Buff效果
[15:53:42] [INFO] [Additionalmshookl] [INFO] [原物品Buff分析] 物品上有 1 个UsageBehavior组件:
[15:53:42] [INFO] [Additionalmshookl] [INFO]   [0] FoodDrink
[15:53:42] [INFO] [Additionalmshookl] [INFO]       -> 类型: FoodDrink (非AddBuff)
[15:53:42] [INFO] [Additionalmshookl] [INFO] 物品 死寂消音器 没有配置Buff持续时间，跳过修改
[15:53:42] [INFO] [Additionalmshookl] [INFO] [CreateCustomItem] 完成设置物品属性 for 死寂消音器
[15:53:42] [INFO] [Additionalmshookl] [INFO] [CreateCustomItem] 开始设置本地化文本 for 死寂消音器
[15:53:42] [INFO] [Additionalmshookl] [INFO] 设置物品 死寂消音器 描述键: 1008441_Desc
[15:53:42] [INFO] [Additionalmshookl] [INFO] [CreateCustomItem] 完成设置本地化文本 for 死寂消音器
[15:53:42] [INFO] [Additionalmshookl] [INFO] [CreateCustomItem] 开始设置图标 for 死寂消音器
[15:53:42] [INFO] [Additionalmshookl] [INFO] 从模块文件夹加载图标: D:\SteamLibrary\steamapps\workshop\content\3167020\3661816441\icons\死寂消音器.png
[15:53:42] [INFO] [Additionalmshookl] [INFO] 加载UI图标成功: 死寂消音器.png
[15:53:42] [INFO] [Additionalmshookl] [INFO] [CreateCustomItem] 完成设置图标 for 死寂消音器
[15:53:42] [INFO] [Additionalmshookl] [INFO] [CreateCustomItem] 完成设置世界模型贴图 for 死寂消音器
[15:53:42] [INFO] [Additionalmshookl] [INFO] [CreateCustomItem] 开始注册物品 for 死寂消音器
[15:53:42] [INFO] [Additionalmshookl] [INFO] 物品注册成功: 1008441 (ID: 1008441)
[15:53:42] [INFO] [Additionalmshookl] [INFO] [CreateCustomItem] 完成注册物品 for 死寂消音器
[15:53:42] [INFO] [Additionalmshookl] [INFO] [CreateCustomItem] 准备调用SetupAdditionalSlots for 死寂消音器
[15:53:42] [INFO] [Additionalmshookl] [INFO] [SetupAdditionalSlots] 开始处理物品 死寂消音器 的配件槽配置
[15:53:42] [INFO] [Additionalmshookl] [INFO] [SetupAdditionalSlots] AdditionalSlotTags: 
[15:53:42] [INFO] [Additionalmshookl] [INFO] [SetupAdditionalSlots] AdditionalSlotCount: 0
[15:53:42] [INFO] [Additionalmshookl] [INFO] [SetupAdditionalSlots] ReplaceExistingSlots: False
[15:53:42] [INFO] [Additionalmshookl] [INFO] 物品 死寂消音器 配件槽配置无效或未设置，跳过配件槽添加
[15:53:42] [INFO] [Additionalmshookl] [INFO] [CreateCustomItem] 准备调用SetupDecomposeFormula for 死寂消音器
[15:53:42] [INFO] [Additionalmshookl] [INFO] [SetupDecomposeFormula] 开始处理物品 死寂消音器 的分解配方，EnableDecompose: False
[15:53:42] [INFO] [Additionalmshookl] [INFO] [CreateCustomItem] 完成所有方法调用 for 死寂消音器
[15:53:42] [INFO] [Additionalmshookl] [INFO] [CreateCustomItem] CreateCustomItem方法成功完成 for 死寂消音器
[15:53:42] [INFO] [Additionalmshookl] [INFO] [MShook-DEBUG] CreateCustomItem方法调用完成
[15:53:42] [INFO] [Additionalmshookl] [INFO] 成功处理配置: 死寂消音器 (ID: 1008441) 来自 1008441_死寂消音器.json
[15:53:42] [INFO] [Additionalmshookl] [INFO] 配置文件 1008442_渡鸦消音器.json 中设置的NewItemId: 1008442
[15:53:42] [INFO] [Additionalmshookl] [INFO] [MShook-DEBUG] 正在处理配置: 1008442_渡鸦消音器.json 中的物品 渡鸦消音器
[15:53:42] [INFO] [Additionalmshookl] [INFO] [MShook-DEBUG] 即将调用CreateCustomItem方法
[15:53:42] [INFO] [Additionalmshookl] [INFO] ========== CreateCustomItem 开始处理物品: 渡鸦消音器 ==========
[15:53:42] [INFO] [Additionalmshookl] [INFO] 配置原始ID: 776, 新ID: 1008442
[15:53:42] [INFO] [Additionalmshookl] [INFO] 开始处理物品: 渡鸦消音器，原始ID: 776，配置的新ID: 1008442
[15:53:42] [INFO] [Additionalmshookl] [INFO] 为物品 渡鸦消音器 生成的唯一键: 967007177
[15:53:42] [INFO] [Additionalmshookl] [INFO] 为物品 渡鸦消音器 使用已保存的ID: 1008442
[15:53:42] [INFO] [Additionalmshookl] [INFO] 将ID 1008442 添加到已使用列表
[15:53:42] [INFO] [Additionalmshookl] [INFO] [CreateCustomItem] 开始设置物品属性 for 渡鸦消音器
[15:53:42] [INFO] [Additionalmshookl] [INFO] [SetItemProperties] 开始设置物品 渡鸦消音器 的基本属性
[15:53:42] [INFO] [Additionalmshookl] [INFO] 成功设置字段 typeID = 1008442 (类型: Item)
[15:53:42] [INFO] [Additionalmshookl] [INFO] 成功设置字段 weight = 1.45 (类型: Item)
[15:53:42] [INFO] [Additionalmshookl] [INFO] 成功设置字段 value = 8000 (类型: Item)
[15:53:42] [INFO] [Additionalmshookl] [INFO] 成功设置字段 displayName = 1008442 (类型: Item)
[15:53:42] [INFO] [Additionalmshookl] [INFO] 成功设置字段 quality = 6 (类型: Item)
[15:53:42] [INFO] [Additionalmshookl] [INFO] 成功设置字段 order = 0 (类型: Item)
[15:53:42] [INFO] [Additionalmshookl] [INFO] [SetItemProperties] 完成基本属性设置，开始处理Tags
[15:53:42] [INFO] [Additionalmshookl] [INFO] [SetItemProperties] 检测到Tags配置，数量: 4
[15:53:42] [INFO] [Additionalmshookl] [INFO] 物品 渡鸦消音器 的所有标签: Accessory, Muzzle, GunType_SNP, GunType_SHT
[15:53:42] [INFO] [Additionalmshookl] [INFO] [TagUtils-DEBUG] 开始处理标签: Accessory
[15:53:42] [INFO] [TagUtils] ===== GetOrCreateTag方法被调用 =====
[15:53:42] [INFO] [TagUtils] 参数: tagName='Accessory', displayName=''
[15:53:42] [INFO] [TagUtils] FindExistingTag 查找: Accessory
[15:53:42] [INFO] [TagUtils] 找到 134 个Tag对象，开始查找: Accessory
[15:53:42] [INFO] [TagUtils] 通过属性找到匹配的Tag: Accessory
[15:53:42] [INFO] [TagUtils] 找到现有Tag: Accessory
[15:53:42] [INFO] [Additionalmshookl] [INFO] [TagUtils-DEBUG] 标签 Accessory 创建成功: Tag
[15:53:42] [INFO] [Additionalmshookl] [ERROR] 无法获取Tags列表
[15:53:42] [INFO] [Additionalmshookl] [INFO] [TagUtils-DEBUG] 开始处理标签: Muzzle
[15:53:42] [INFO] [TagUtils] ===== GetOrCreateTag方法被调用 =====
[15:53:42] [INFO] [TagUtils] 参数: tagName='Muzzle', displayName=''
[15:53:42] [INFO] [TagUtils] FindExistingTag 查找: Muzzle
[15:53:42] [INFO] [TagUtils] 找到 134 个Tag对象，开始查找: Muzzle
[15:53:42] [INFO] [TagUtils] 通过属性找到匹配的Tag: Muzzle
[15:53:42] [INFO] [TagUtils] 找到现有Tag: Muzzle
[15:53:42] [INFO] [Additionalmshookl] [INFO] [TagUtils-DEBUG] 标签 Muzzle 创建成功: Tag
[15:53:42] [INFO] [Additionalmshookl] [ERROR] 无法获取Tags列表
[15:53:42] [INFO] [Additionalmshookl] [INFO] [TagUtils-DEBUG] 开始处理标签: GunType_SNP
[15:53:42] [INFO] [TagUtils] ===== GetOrCreateTag方法被调用 =====
[15:53:42] [INFO] [TagUtils] 参数: tagName='GunType_SNP', displayName=''
[15:53:42] [INFO] [TagUtils] FindExistingTag 查找: GunType_SNP
[15:53:42] [INFO] [TagUtils] 找到 134 个Tag对象，开始查找: GunType_SNP
[15:53:42] [INFO] [TagUtils] 通过属性找到匹配的Tag: GunType_SNP
[15:53:42] [INFO] [TagUtils] 找到现有Tag: GunType_SNP
[15:53:42] [INFO] [Additionalmshookl] [INFO] [TagUtils-DEBUG] 标签 GunType_SNP 创建成功: Tag
[15:53:42] [INFO] [Additionalmshookl] [ERROR] 无法获取Tags列表
[15:53:42] [INFO] [Additionalmshookl] [INFO] [TagUtils-DEBUG] 开始处理标签: GunType_SHT
[15:53:42] [INFO] [TagUtils] ===== GetOrCreateTag方法被调用 =====
[15:53:42] [INFO] [TagUtils] 参数: tagName='GunType_SHT', displayName=''
[15:53:42] [INFO] [TagUtils] FindExistingTag 查找: GunType_SHT
[15:53:42] [INFO] [TagUtils] 找到 134 个Tag对象，开始查找: GunType_SHT
[15:53:42] [INFO] [TagUtils] 通过属性找到匹配的Tag: GunType_SHT
[15:53:42] [INFO] [TagUtils] 找到现有Tag: GunType_SHT
[15:53:42] [INFO] [Additionalmshookl] [INFO] [TagUtils-DEBUG] 标签 GunType_SHT 创建成功: Tag
[15:53:42] [INFO] [Additionalmshookl] [ERROR] 无法获取Tags列表
[15:53:42] [INFO] [Additionalmshookl] [INFO] 为物品 渡鸦消音器 添加FoodDrink组件
[15:53:42] [INFO] [Additionalmshookl] [INFO] 物品 渡鸦消音器 能量值: 0, 口渴值: 0
[15:53:42] [INFO] [Additionalmshookl] [INFO] 正在为 CustomItem_1008442 配置 Modifiers...
[15:53:42] [INFO] [Additionalmshookl] [INFO] 成功设置字段 value = 0 (类型: ModifierDescription)
[15:53:42] [INFO] [Additionalmshookl] [INFO] 成功设置字段 display = False (类型: ModifierDescription)
[15:53:42] [INFO] [Additionalmshookl] [INFO]   - Modifier 'SoundRange' (原值: -0.5) 已被移除 (未在配置中指定)。
[15:53:42] [INFO] [Additionalmshookl] [INFO] 成功设置字段 value = 0 (类型: ModifierDescription)
[15:53:42] [INFO] [Additionalmshookl] [INFO] 成功设置字段 display = False (类型: ModifierDescription)
[15:53:42] [INFO] [Additionalmshookl] [INFO]   - Modifier 'ScatterFactor' (原值: -0.13) 已被移除 (未在配置中指定)。
[15:53:42] [INFO] [Additionalmshookl] [INFO] 成功设置字段 value = 0 (类型: ModifierDescription)
[15:53:42] [INFO] [Additionalmshookl] [INFO] 成功设置字段 display = False (类型: ModifierDescription)
[15:53:42] [INFO] [Additionalmshookl] [INFO]   - Modifier 'ScatterFactorADS' (原值: -0.13) 已被移除 (未在配置中指定)。
[15:53:42] [INFO] [Additionalmshookl] [INFO] 成功设置字段 value = 0 (类型: ModifierDescription)
[15:53:42] [INFO] [Additionalmshookl] [INFO] 成功设置字段 display = False (类型: ModifierDescription)
[15:53:42] [INFO] [Additionalmshookl] [INFO]   - Modifier 'MoveSpeedMultiplier' (原值: -0.08) 已被移除 (未在配置中指定)。
[15:53:42] [INFO] [Additionalmshookl] [INFO] CustomItem_1008442: 共修改/移除了 0 个现有 Modifier，添加了 0 个新的 Modifier。
[15:53:42] [INFO] [Additionalmshookl] [INFO] 开始应用防具属性配置
[15:53:42] [INFO] [Additionalmshookl] [INFO] 防具属性配置应用完成
[15:53:42] [INFO] [Additionalmshookl] [INFO] 物品 渡鸦消音器 没有配置插槽设置，跳过插槽设置
[15:53:42] [INFO] [Additionalmshookl] [INFO] [原物品Buff分析] 开始分析物品 渡鸦消音器 (原始ID: 776) 的原生Buff效果
[15:53:42] [INFO] [Additionalmshookl] [INFO] [原物品Buff分析] 物品上有 1 个UsageBehavior组件:
[15:53:42] [INFO] [Additionalmshookl] [INFO]   [0] FoodDrink
[15:53:42] [INFO] [Additionalmshookl] [INFO]       -> 类型: FoodDrink (非AddBuff)
[15:53:42] [INFO] [Additionalmshookl] [INFO] 物品 渡鸦消音器 没有配置Buff持续时间，跳过修改
[15:53:42] [INFO] [Additionalmshookl] [INFO] [CreateCustomItem] 完成设置物品属性 for 渡鸦消音器
[15:53:42] [INFO] [Additionalmshookl] [INFO] [CreateCustomItem] 开始设置本地化文本 for 渡鸦消音器
[15:53:42] [INFO] [Additionalmshookl] [INFO] 设置物品 渡鸦消音器 描述键: 1008442_Desc
[15:53:42] [INFO] [Additionalmshookl] [INFO] [CreateCustomItem] 完成设置本地化文本 for 渡鸦消音器
[15:53:42] [INFO] [Additionalmshookl] [INFO] [CreateCustomItem] 开始设置图标 for 渡鸦消音器
[15:53:42] [INFO] [Additionalmshookl] [INFO] 从模块文件夹加载图标: D:\SteamLibrary\steamapps\workshop\content\3167020\3661816441\icons\渡鸦消音器.png
[15:53:42] [INFO] [Additionalmshookl] [INFO] 加载UI图标成功: 渡鸦消音器.png
[15:53:42] [INFO] [Additionalmshookl] [INFO] [CreateCustomItem] 完成设置图标 for 渡鸦消音器
[15:53:42] [INFO] [Additionalmshookl] [INFO] [CreateCustomItem] 完成设置世界模型贴图 for 渡鸦消音器
[15:53:42] [INFO] [Additionalmshookl] [INFO] [CreateCustomItem] 开始注册物品 for 渡鸦消音器
[15:53:42] [INFO] [Additionalmshookl] [INFO] 物品注册成功: 1008442 (ID: 1008442)
[15:53:42] [INFO] [Additionalmshookl] [INFO] [CreateCustomItem] 完成注册物品 for 渡鸦消音器
[15:53:42] [INFO] [Additionalmshookl] [INFO] [CreateCustomItem] 准备调用SetupAdditionalSlots for 渡鸦消音器
[15:53:42] [INFO] [Additionalmshookl] [INFO] [SetupAdditionalSlots] 开始处理物品 渡鸦消音器 的配件槽配置
[15:53:42] [INFO] [Additionalmshookl] [INFO] [SetupAdditionalSlots] AdditionalSlotTags: 
[15:53:42] [INFO] [Additionalmshookl] [INFO] [SetupAdditionalSlots] AdditionalSlotCount: 0
[15:53:42] [INFO] [Additionalmshookl] [INFO] [SetupAdditionalSlots] ReplaceExistingSlots: False
[15:53:42] [INFO] [Additionalmshookl] [INFO] 物品 渡鸦消音器 配件槽配置无效或未设置，跳过配件槽添加
[15:53:42] [INFO] [Additionalmshookl] [INFO] [CreateCustomItem] 准备调用SetupDecomposeFormula for 渡鸦消音器
[15:53:42] [INFO] [Additionalmshookl] [INFO] [SetupDecomposeFormula] 开始处理物品 渡鸦消音器 的分解配方，EnableDecompose: False
[15:53:42] [INFO] [Additionalmshookl] [INFO] [CreateCustomItem] 完成所有方法调用 for 渡鸦消音器
[15:53:42] [INFO] [Additionalmshookl] [INFO] [CreateCustomItem] CreateCustomItem方法成功完成 for 渡鸦消音器
[15:53:42] [INFO] [Additionalmshookl] [INFO] [MShook-DEBUG] CreateCustomItem方法调用完成
[15:53:42] [INFO] [Additionalmshookl] [INFO] 成功处理配置: 渡鸦消音器 (ID: 1008442) 来自 1008442_渡鸦消音器.json
[15:53:42] [INFO] [Additionalmshookl] [INFO] 配置文件 1008443_暗星扩容弹匣.json 中设置的NewItemId: 1008443
[15:53:42] [INFO] [Additionalmshookl] [INFO] [MShook-DEBUG] 正在处理配置: 1008443_暗星扩容弹匣.json 中的物品 暗星扩容弹匣
[15:53:42] [INFO] [Additionalmshookl] [INFO] [MShook-DEBUG] 即将调用CreateCustomItem方法
[15:53:42] [INFO] [Additionalmshookl] [INFO] ========== CreateCustomItem 开始处理物品: 暗星扩容弹匣 ==========
[15:53:42] [INFO] [Additionalmshookl] [INFO] 配置原始ID: 548, 新ID: 1008443
[15:53:42] [INFO] [Additionalmshookl] [INFO] 开始处理物品: 暗星扩容弹匣，原始ID: 548，配置的新ID: 1008443
[15:53:42] [INFO] [Additionalmshookl] [INFO] 为物品 暗星扩容弹匣 生成的唯一键: 942251425
[15:53:42] [INFO] [Additionalmshookl] [INFO] 为物品 暗星扩容弹匣 使用已保存的ID: 1008443
[15:53:42] [INFO] [Additionalmshookl] [INFO] 将ID 1008443 添加到已使用列表
[15:53:42] [INFO] [Additionalmshookl] [INFO] [CreateCustomItem] 开始设置物品属性 for 暗星扩容弹匣
[15:53:42] [INFO] [Additionalmshookl] [INFO] [SetItemProperties] 开始设置物品 暗星扩容弹匣 的基本属性
[15:53:42] [INFO] [Additionalmshookl] [INFO] 成功设置字段 typeID = 1008443 (类型: Item)
[15:53:42] [INFO] [Additionalmshookl] [INFO] 成功设置字段 weight = 1.2 (类型: Item)
[15:53:42] [INFO] [Additionalmshookl] [INFO] 成功设置字段 value = 16631 (类型: Item)
[15:53:42] [INFO] [Additionalmshookl] [INFO] 成功设置字段 displayName = 1008443 (类型: Item)
[15:53:42] [INFO] [Additionalmshookl] [INFO] 成功设置字段 quality = 6 (类型: Item)
[15:53:42] [INFO] [Additionalmshookl] [INFO] 成功设置字段 order = 0 (类型: Item)
[15:53:42] [INFO] [Additionalmshookl] [INFO] [SetItemProperties] 完成基本属性设置，开始处理Tags
[15:53:42] [INFO] [Additionalmshookl] [INFO] [SetItemProperties] 检测到Tags配置，数量: 4
[15:53:42] [INFO] [Additionalmshookl] [INFO] 物品 暗星扩容弹匣 的所有标签: Accessory, Magazine, GunType_SMG, GunType_PST
[15:53:42] [INFO] [Additionalmshookl] [INFO] [TagUtils-DEBUG] 开始处理标签: Accessory
[15:53:42] [INFO] [TagUtils] ===== GetOrCreateTag方法被调用 =====
[15:53:42] [INFO] [TagUtils] 参数: tagName='Accessory', displayName=''
[15:53:42] [INFO] [TagUtils] FindExistingTag 查找: Accessory
[15:53:42] [INFO] [TagUtils] 找到 134 个Tag对象，开始查找: Accessory
[15:53:42] [INFO] [TagUtils] 通过属性找到匹配的Tag: Accessory
[15:53:42] [INFO] [TagUtils] 找到现有Tag: Accessory
[15:53:42] [INFO] [Additionalmshookl] [INFO] [TagUtils-DEBUG] 标签 Accessory 创建成功: Tag
[15:53:42] [INFO] [Additionalmshookl] [ERROR] 无法获取Tags列表
[15:53:42] [INFO] [Additionalmshookl] [INFO] [TagUtils-DEBUG] 开始处理标签: Magazine
[15:53:42] [INFO] [TagUtils] ===== GetOrCreateTag方法被调用 =====
[15:53:42] [INFO] [TagUtils] 参数: tagName='Magazine', displayName=''
[15:53:42] [INFO] [TagUtils] FindExistingTag 查找: Magazine
[15:53:42] [INFO] [TagUtils] 找到 134 个Tag对象，开始查找: Magazine
[15:53:42] [INFO] [TagUtils] 通过属性找到匹配的Tag: Magazine
[15:53:42] [INFO] [TagUtils] 找到现有Tag: Magazine
[15:53:42] [INFO] [Additionalmshookl] [INFO] [TagUtils-DEBUG] 标签 Magazine 创建成功: Tag
[15:53:42] [INFO] [Additionalmshookl] [ERROR] 无法获取Tags列表
[15:53:42] [INFO] [Additionalmshookl] [INFO] [TagUtils-DEBUG] 开始处理标签: GunType_SMG
[15:53:42] [INFO] [TagUtils] ===== GetOrCreateTag方法被调用 =====
[15:53:42] [INFO] [TagUtils] 参数: tagName='GunType_SMG', displayName=''
[15:53:42] [INFO] [TagUtils] FindExistingTag 查找: GunType_SMG
[15:53:42] [INFO] [TagUtils] 找到 134 个Tag对象，开始查找: GunType_SMG
[15:53:42] [INFO] [TagUtils] 通过属性找到匹配的Tag: GunType_SMG
[15:53:42] [INFO] [TagUtils] 找到现有Tag: GunType_SMG
[15:53:42] [INFO] [Additionalmshookl] [INFO] [TagUtils-DEBUG] 标签 GunType_SMG 创建成功: Tag
[15:53:42] [INFO] [Additionalmshookl] [ERROR] 无法获取Tags列表
[15:53:42] [INFO] [Additionalmshookl] [INFO] [TagUtils-DEBUG] 开始处理标签: GunType_PST
[15:53:42] [INFO] [TagUtils] ===== GetOrCreateTag方法被调用 =====
[15:53:42] [INFO] [TagUtils] 参数: tagName='GunType_PST', displayName=''
[15:53:42] [INFO] [TagUtils] FindExistingTag 查找: GunType_PST
[15:53:42] [INFO] [TagUtils] 找到 134 个Tag对象，开始查找: GunType_PST
[15:53:42] [INFO] [TagUtils] 通过属性找到匹配的Tag: GunType_PST
[15:53:42] [INFO] [TagUtils] 找到现有Tag: GunType_PST
[15:53:42] [INFO] [Additionalmshookl] [INFO] [TagUtils-DEBUG] 标签 GunType_PST 创建成功: Tag
[15:53:42] [INFO] [Additionalmshookl] [ERROR] 无法获取Tags列表
[15:53:42] [INFO] [Additionalmshookl] [INFO] 为物品 暗星扩容弹匣 添加FoodDrink组件
[15:53:42] [INFO] [Additionalmshookl] [INFO] 物品 暗星扩容弹匣 能量值: 0, 口渴值: 0
[15:53:42] [INFO] [Additionalmshookl] [INFO] 正在为 CustomItem_1008443 配置 Modifiers...
[15:53:42] [INFO] [Additionalmshookl] [INFO] 成功设置字段 value = 0 (类型: ModifierDescription)
[15:53:42] [INFO] [Additionalmshookl] [INFO] 成功设置字段 display = False (类型: ModifierDescription)
[15:53:42] [INFO] [Additionalmshookl] [INFO]   - Modifier 'Capacity' (原值: 1.5) 已被移除 (未在配置中指定)。
[15:53:42] [INFO] [Additionalmshookl] [INFO] 成功设置字段 value = 0 (类型: ModifierDescription)
[15:53:42] [INFO] [Additionalmshookl] [INFO] 成功设置字段 display = False (类型: ModifierDescription)
[15:53:42] [INFO] [Additionalmshookl] [INFO]   - Modifier 'ADSTime' (原值: 0.2) 已被移除 (未在配置中指定)。
[15:53:42] [INFO] [Additionalmshookl] [INFO] 成功设置字段 value = 0 (类型: ModifierDescription)
[15:53:42] [INFO] [Additionalmshookl] [INFO] 成功设置字段 display = False (类型: ModifierDescription)
[15:53:42] [INFO] [Additionalmshookl] [INFO]   - Modifier 'MoveSpeedMultiplier' (原值: -0.05) 已被移除 (未在配置中指定)。
[15:53:42] [INFO] [Additionalmshookl] [INFO] CustomItem_1008443: 共修改/移除了 0 个现有 Modifier，添加了 0 个新的 Modifier。
[15:53:42] [INFO] [Additionalmshookl] [INFO] 开始应用防具属性配置
[15:53:42] [INFO] [Additionalmshookl] [INFO] 防具属性配置应用完成
[15:53:42] [INFO] [Additionalmshookl] [INFO] 物品 暗星扩容弹匣 没有配置插槽设置，跳过插槽设置
[15:53:42] [INFO] [Additionalmshookl] [INFO] [原物品Buff分析] 开始分析物品 暗星扩容弹匣 (原始ID: 548) 的原生Buff效果
[15:53:42] [INFO] [Additionalmshookl] [INFO] [原物品Buff分析] 物品上有 1 个UsageBehavior组件:
[15:53:42] [INFO] [Additionalmshookl] [INFO]   [0] FoodDrink
[15:53:42] [INFO] [Additionalmshookl] [INFO]       -> 类型: FoodDrink (非AddBuff)
[15:53:42] [INFO] [Additionalmshookl] [INFO] 物品 暗星扩容弹匣 没有配置Buff持续时间，跳过修改
[15:53:42] [INFO] [Additionalmshookl] [INFO] [CreateCustomItem] 完成设置物品属性 for 暗星扩容弹匣
[15:53:42] [INFO] [Additionalmshookl] [INFO] [CreateCustomItem] 开始设置本地化文本 for 暗星扩容弹匣
[15:53:42] [INFO] [Additionalmshookl] [INFO] 设置物品 暗星扩容弹匣 描述键: 1008443_Desc
[15:53:42] [INFO] [Additionalmshookl] [INFO] [CreateCustomItem] 完成设置本地化文本 for 暗星扩容弹匣
[15:53:42] [INFO] [Additionalmshookl] [INFO] [CreateCustomItem] 开始设置图标 for 暗星扩容弹匣
[15:53:42] [INFO] [Additionalmshookl] [INFO] 从模块文件夹加载图标: D:\SteamLibrary\steamapps\workshop\content\3167020\3661816441\icons\冲锋枪扩容弹匣IV.png
[15:53:42] [INFO] [Additionalmshookl] [INFO] 加载UI图标成功: 冲锋枪扩容弹匣IV.png
[15:53:42] [INFO] [Additionalmshookl] [INFO] [CreateCustomItem] 完成设置图标 for 暗星扩容弹匣
[15:53:42] [INFO] [Additionalmshookl] [INFO] [CreateCustomItem] 完成设置世界模型贴图 for 暗星扩容弹匣
[15:53:42] [INFO] [Additionalmshookl] [INFO] [CreateCustomItem] 开始注册物品 for 暗星扩容弹匣
[15:53:42] [INFO] [Additionalmshookl] [INFO] 物品注册成功: 1008443 (ID: 1008443)
[15:53:42] [INFO] [Additionalmshookl] [INFO] [CreateCustomItem] 完成注册物品 for 暗星扩容弹匣
[15:53:42] [INFO] [Additionalmshookl] [INFO] [CreateCustomItem] 准备调用SetupAdditionalSlots for 暗星扩容弹匣
[15:53:42] [INFO] [Additionalmshookl] [INFO] [SetupAdditionalSlots] 开始处理物品 暗星扩容弹匣 的配件槽配置
[15:53:42] [INFO] [Additionalmshookl] [INFO] [SetupAdditionalSlots] AdditionalSlotTags: 
[15:53:42] [INFO] [Additionalmshookl] [INFO] [SetupAdditionalSlots] AdditionalSlotCount: 0
[15:53:42] [INFO] [Additionalmshookl] [INFO] [SetupAdditionalSlots] ReplaceExistingSlots: False
[15:53:42] [INFO] [Additionalmshookl] [INFO] 物品 暗星扩容弹匣 配件槽配置无效或未设置，跳过配件槽添加
[15:53:42] [INFO] [Additionalmshookl] [INFO] [CreateCustomItem] 准备调用SetupDecomposeFormula for 暗星扩容弹匣
[15:53:42] [INFO] [Additionalmshookl] [INFO] [SetupDecomposeFormula] 开始处理物品 暗星扩容弹匣 的分解配方，EnableDecompose: False
[15:53:42] [INFO] [Additionalmshookl] [INFO] [CreateCustomItem] 完成所有方法调用 for 暗星扩容弹匣
[15:53:42] [INFO] [Additionalmshookl] [INFO] [CreateCustomItem] CreateCustomItem方法成功完成 for 暗星扩容弹匣
[15:53:42] [INFO] [Additionalmshookl] [INFO] [MShook-DEBUG] CreateCustomItem方法调用完成
[15:53:42] [INFO] [Additionalmshookl] [INFO] 成功处理配置: 暗星扩容弹匣 (ID: 1008443) 来自 1008443_暗星扩容弹匣.json
[15:53:42] [INFO] [Additionalmshookl] [INFO] 配置文件 1008444_腰射握把III.json 中设置的NewItemId: 1008444
[15:53:42] [INFO] [Additionalmshookl] [INFO] [MShook-DEBUG] 正在处理配置: 1008444_腰射握把III.json 中的物品 腰射握把III
[15:53:42] [INFO] [Additionalmshookl] [INFO] [MShook-DEBUG] 即将调用CreateCustomItem方法
[15:53:42] [INFO] [Additionalmshookl] [INFO] ========== CreateCustomItem 开始处理物品: 腰射握把III ==========
[15:53:42] [INFO] [Additionalmshookl] [INFO] 配置原始ID: 462, 新ID: 1008444
[15:53:42] [INFO] [Additionalmshookl] [INFO] 开始处理物品: 腰射握把III，原始ID: 462，配置的新ID: 1008444
[15:53:42] [INFO] [Additionalmshookl] [INFO] 为物品 腰射握把III 生成的唯一键: 1026233189
[15:53:42] [INFO] [Additionalmshookl] [INFO] 为物品 腰射握把III 使用已保存的ID: 1008444
[15:53:42] [INFO] [Additionalmshookl] [INFO] 将ID 1008444 添加到已使用列表
[15:53:42] [INFO] [Additionalmshookl] [INFO] [CreateCustomItem] 开始设置物品属性 for 腰射握把III
[15:53:42] [INFO] [Additionalmshookl] [INFO] [SetItemProperties] 开始设置物品 腰射握把III 的基本属性
[15:53:42] [INFO] [Additionalmshookl] [INFO] 成功设置字段 typeID = 1008444 (类型: Item)
[15:53:42] [INFO] [Additionalmshookl] [INFO] 成功设置字段 weight = 0.2 (类型: Item)
[15:53:42] [INFO] [Additionalmshookl] [INFO] 成功设置字段 value = 3600 (类型: Item)
[15:53:42] [INFO] [Additionalmshookl] [INFO] 成功设置字段 displayName = 1008444 (类型: Item)
[15:53:42] [INFO] [Additionalmshookl] [INFO] 成功设置字段 quality = 5 (类型: Item)
[15:53:42] [INFO] [Additionalmshookl] [INFO] 成功设置字段 order = 0 (类型: Item)
[15:53:42] [INFO] [Additionalmshookl] [INFO] [SetItemProperties] 完成基本属性设置，开始处理Tags
[15:53:42] [INFO] [Additionalmshookl] [INFO] [SetItemProperties] 检测到Tags配置，数量: 2
[15:53:42] [INFO] [Additionalmshookl] [INFO] 物品 腰射握把III 的所有标签: Accessory, Grip
[15:53:42] [INFO] [Additionalmshookl] [INFO] [TagUtils-DEBUG] 开始处理标签: Accessory
[15:53:42] [INFO] [TagUtils] ===== GetOrCreateTag方法被调用 =====
[15:53:42] [INFO] [TagUtils] 参数: tagName='Accessory', displayName=''
[15:53:42] [INFO] [TagUtils] FindExistingTag 查找: Accessory
[15:53:42] [INFO] [TagUtils] 找到 134 个Tag对象，开始查找: Accessory
[15:53:42] [INFO] [TagUtils] 通过属性找到匹配的Tag: Accessory
[15:53:42] [INFO] [TagUtils] 找到现有Tag: Accessory
[15:53:42] [INFO] [Additionalmshookl] [INFO] [TagUtils-DEBUG] 标签 Accessory 创建成功: Tag
[15:53:42] [INFO] [Additionalmshookl] [ERROR] 无法获取Tags列表
[15:53:42] [INFO] [Additionalmshookl] [INFO] [TagUtils-DEBUG] 开始处理标签: Grip
[15:53:42] [INFO] [TagUtils] ===== GetOrCreateTag方法被调用 =====
[15:53:42] [INFO] [TagUtils] 参数: tagName='Grip', displayName=''
[15:53:42] [INFO] [TagUtils] FindExistingTag 查找: Grip
[15:53:42] [INFO] [TagUtils] 找到 134 个Tag对象，开始查找: Grip
[15:53:42] [INFO] [TagUtils] 通过属性找到匹配的Tag: Grip
[15:53:42] [INFO] [TagUtils] 找到现有Tag: Grip
[15:53:42] [INFO] [Additionalmshookl] [INFO] [TagUtils-DEBUG] 标签 Grip 创建成功: Tag
[15:53:42] [INFO] [Additionalmshookl] [ERROR] 无法获取Tags列表
[15:53:42] [INFO] [Additionalmshookl] [INFO] 为物品 腰射握把III 添加FoodDrink组件
[15:53:42] [INFO] [Additionalmshookl] [INFO] 物品 腰射握把III 能量值: 0, 口渴值: 0
[15:53:42] [INFO] [Additionalmshookl] [INFO] 正在为 CustomItem_1008444 配置 Modifiers...
[15:53:42] [INFO] [Additionalmshookl] [INFO] 成功设置字段 value = 0 (类型: ModifierDescription)
[15:53:42] [INFO] [Additionalmshookl] [INFO] 成功设置字段 display = False (类型: ModifierDescription)
[15:53:42] [INFO] [Additionalmshookl] [INFO]   - Modifier 'ScatterFactor' (原值: -0.31) 已被移除 (未在配置中指定)。
[15:53:42] [INFO] [Additionalmshookl] [INFO] 成功设置字段 value = 0 (类型: ModifierDescription)
[15:53:42] [INFO] [Additionalmshookl] [INFO] 成功设置字段 display = False (类型: ModifierDescription)
[15:53:42] [INFO] [Additionalmshookl] [INFO]   - Modifier 'MoveSpeedMultiplier' (原值: 0.05) 已被移除 (未在配置中指定)。
[15:53:42] [INFO] [Additionalmshookl] [INFO] CustomItem_1008444: 共修改/移除了 0 个现有 Modifier，添加了 0 个新的 Modifier。
[15:53:42] [INFO] [Additionalmshookl] [INFO] 开始应用防具属性配置
[15:53:42] [INFO] [Additionalmshookl] [INFO] 防具属性配置应用完成
[15:53:42] [INFO] [Additionalmshookl] [INFO] 物品 腰射握把III 没有配置插槽设置，跳过插槽设置
[15:53:42] [INFO] [Additionalmshookl] [INFO] [原物品Buff分析] 开始分析物品 腰射握把III (原始ID: 462) 的原生Buff效果
[15:53:42] [INFO] [Additionalmshookl] [INFO] [原物品Buff分析] 物品上有 1 个UsageBehavior组件:
[15:53:42] [INFO] [Additionalmshookl] [INFO]   [0] FoodDrink
[15:53:42] [INFO] [Additionalmshookl] [INFO]       -> 类型: FoodDrink (非AddBuff)
[15:53:42] [INFO] [Additionalmshookl] [INFO] 物品 腰射握把III 没有配置Buff持续时间，跳过修改
[15:53:42] [INFO] [Additionalmshookl] [INFO] [CreateCustomItem] 完成设置物品属性 for 腰射握把III
[15:53:42] [INFO] [Additionalmshookl] [INFO] [CreateCustomItem] 开始设置本地化文本 for 腰射握把III
[15:53:42] [INFO] [Additionalmshookl] [INFO] 设置物品 腰射握把III 描述键: 1008444_Desc
[15:53:42] [INFO] [Additionalmshookl] [INFO] [CreateCustomItem] 完成设置本地化文本 for 腰射握把III
[15:53:42] [INFO] [Additionalmshookl] [INFO] [CreateCustomItem] 开始设置图标 for 腰射握把III
[15:53:42] [INFO] [Additionalmshookl] [INFO] 从模块文件夹加载图标: D:\SteamLibrary\steamapps\workshop\content\3167020\3661816441\icons\腰射握把III.png
[15:53:42] [INFO] [Additionalmshookl] [INFO] 加载UI图标成功: 腰射握把III.png
[15:53:42] [INFO] [Additionalmshookl] [INFO] [CreateCustomItem] 完成设置图标 for 腰射握把III
[15:53:42] [INFO] [Additionalmshookl] [INFO] [CreateCustomItem] 完成设置世界模型贴图 for 腰射握把III
[15:53:42] [INFO] [Additionalmshookl] [INFO] [CreateCustomItem] 开始注册物品 for 腰射握把III
[15:53:42] [INFO] [Additionalmshookl] [INFO] 物品注册成功: 1008444 (ID: 1008444)
[15:53:42] [INFO] [Additionalmshookl] [INFO] [CreateCustomItem] 完成注册物品 for 腰射握把III
[15:53:42] [INFO] [Additionalmshookl] [INFO] [CreateCustomItem] 准备调用SetupAdditionalSlots for 腰射握把III
[15:53:42] [INFO] [Additionalmshookl] [INFO] [SetupAdditionalSlots] 开始处理物品 腰射握把III 的配件槽配置
[15:53:42] [INFO] [Additionalmshookl] [INFO] [SetupAdditionalSlots] AdditionalSlotTags: 
[15:53:42] [INFO] [Additionalmshookl] [INFO] [SetupAdditionalSlots] AdditionalSlotCount: 0
[15:53:42] [INFO] [Additionalmshookl] [INFO] [SetupAdditionalSlots] ReplaceExistingSlots: False
[15:53:42] [INFO] [Additionalmshookl] [INFO] 物品 腰射握把III 配件槽配置无效或未设置，跳过配件槽添加
[15:53:42] [INFO] [Additionalmshookl] [INFO] [CreateCustomItem] 准备调用SetupDecomposeFormula for 腰射握把III
[15:53:42] [INFO] [Additionalmshookl] [INFO] [SetupDecomposeFormula] 开始处理物品 腰射握把III 的分解配方，EnableDecompose: False
[15:53:42] [INFO] [Additionalmshookl] [INFO] [CreateCustomItem] 完成所有方法调用 for 腰射握把III
[15:53:42] [INFO] [Additionalmshookl] [INFO] [CreateCustomItem] CreateCustomItem方法成功完成 for 腰射握把III
[15:53:42] [INFO] [Additionalmshookl] [INFO] [MShook-DEBUG] CreateCustomItem方法调用完成
[15:53:42] [INFO] [Additionalmshookl] [INFO] 成功处理配置: 腰射握把III (ID: 1008444) 来自 1008444_腰射握把III.json
[15:53:42] [INFO] ModActive_ShowInventoryCount: True
[15:53:42] [INFO] Loading mod dll at path: D:\SteamLibrary\steamapps\workshop\content\3167020\3589651647\ShowInventoryCount.dll
[15:53:42] [INFO] ShowInventoryCount Loaded!!!
[15:53:42] [INFO] Mod Loaded: ShowInventoryCount
[15:53:42] [INFO] ModActive_BlackMarketPriceMod: True
[15:53:42] [INFO] Loading mod dll at path: D:\SteamLibrary\steamapps\workshop\content\3167020\3594592601\BlackMarketPriceMod.dll
[15:53:42] [WARNING] [ModConfig_v1] 在所有程序集中未找到类型 ModConfig.ModBehaviour，已加载程序集数量: 204
[15:53:42] [WARNING] [ModConfig_v1] ModConfig.ModBehaviour 类型未找到，ModConfig可能未加载
[15:53:42] [INFO] Mod Loaded: BlackMarketPriceMod
[15:53:42] [INFO] ModActive_ItemLevelAndSearchSoundMod: True
[15:53:42] [INFO] Loading mod dll at path: D:\SteamLibrary\steamapps\workshop\content\3167020\3588386576\ItemLevelAndSearchSoundMod.dll
[15:53:42] [INFO] Mod Loaded: ItemLevelAndSearchSoundMod
[15:53:42] [INFO] ItemLevelAndSearchSoundMod OnAfterSetup
[15:53:42] [INFO] ModActive_DuckMarket.Loader: True
[15:53:42] [INFO] Loading mod dll at path: D:\SteamLibrary\steamapps\workshop\content\3167020\3591763519\DuckMarket.Loader.dll
[15:53:42] [INFO] ========== Duck Market Mod Loader Awake ==========
[15:53:42] [INFO] [DuckMarket] ========== Duck Market Mod Loader Version Check ==========
[15:53:42] [INFO] [DuckMarket] 当前渠道: stable
[15:53:42] [INFO] [DuckMarket] (同步) 当前本地版本: 1.2.10 code=100020010
[15:53:42] [INFO] [DuckMarket] 目标版本已存在且核心一致，跳过下载，直接加载版本 1.2.10
[15:53:42] [INFO] [DuckMarket] Loaded specified dll: D:\SteamLibrary\steamapps\workshop\content\3167020\3591763519\version\1.2.10\DuckMarket.Core.dll (version 1.2.10)
[15:53:42] [INFO] [鸭鸭市场] ⚡ ========== ModBehaviour static constructor called ==========
[15:53:42] [INFO] [鸭鸭市场] 📍 Assembly: DuckMarket.Core, Version=1.2.10.0, Culture=neutral, PublicKeyToken=null
[15:53:42] [INFO] [鸭鸭市场] 📍 Location: D:\SteamLibrary\steamapps\workshop\content\3167020\3591763519\version\1.2.10\DuckMarket.Core.dll
[15:53:42] [INFO] [鸭鸭市场] 🚀 ========== Duck Market Mod Awake() called ==========
[15:53:42] [INFO] [鸭鸭市场] 🆔 MOD Name: DuckMarket
[15:53:42] [INFO] [鸭鸭市场] 📍 Instance ID: -4384
[15:53:42] [INFO] [鸭鸭市场] 📍 GameObject: DuckMarket.Runtime
[15:53:42] [INFO] [鸭鸭市场] 🔧 ========== Initializing Duck Market Mod ==========
[15:53:42] [INFO] [鸭鸭市场] 📝 Step 0: Initialize settings system...
[15:53:43] [INFO] [鸭鸭市场] [JsonConfigManager] 使用loader目录: D:\SteamLibrary\steamapps\workshop\content\3167020\3591763519
[15:53:43] [INFO] [鸭鸭市场] [JsonConfigManager] 配置文件路径: D:\SteamLibrary\steamapps\workshop\content\3167020\3591763519\DuckMarket_Config.json
[15:53:43] [INFO] [鸭鸭市场] [JsonConfigManager] ✅ 配置文件加载成功
[15:53:43] [INFO] [鸭鸭市场] [DuckMarketSettings] ✅ 设置系统初始化完成
[15:53:43] [INFO] [鸭鸭市场] [DuckMarketSettings] 配置文件路径: D:\SteamLibrary\steamapps\workshop\content\3167020\3591763519\DuckMarket_Config.json
[15:53:43] [INFO] [鸭鸭市场] ✅ Step 0 complete
[15:53:43] [INFO] [鸭鸭市场] 📝 Step 1: Clean up old FleaMarketInteractable instances...
[15:53:43] [INFO] [鸭鸭市场] ✅ Step 1 complete
[15:53:43] [INFO] [鸭鸭市场] 📝 Step 2: Inject localization overrides into game's LocalizationManager...
[15:53:43] [INFO] [鸭鸭市场] [LocalizationOverride] 🌐 Syncing game language before injecting overrides...
[15:53:43] [INFO] [鸭鸭市场] [LocalizationOverride] 🌐 Detected game language: ChineseSimplified
[15:53:43] [INFO] [鸭鸭市场] [LocalizationOverride] ✅ Synced mod language to: ChineseSimplified
[15:53:43] [INFO] [鸭鸭市场] [LocalizationManager] 检测到系统语言: ChineseSimplified -> ChineseSimplified
[15:53:43] [INFO] [鸭鸭市场] [LocalizationOverride] ✅ Updated override: interaction.open_duck_market = 鸭鸭市场
[15:53:43] [INFO] [鸭鸭市场] [LocalizationOverride] ✅ Updated override: options.tab.duckmarket = 鸭鸭市场
[15:53:43] [INFO] [鸭鸭市场] [LocalizationOverride] ✅ Updated override: Options_DuckMarket_SteamId = Steam ID
[15:53:43] [INFO] [鸭鸭市场] [LocalizationOverride] ✅ Updated override: Options_DuckMarket_EnableNotifications = 启用售出通知
[15:53:43] [INFO] [鸭鸭市场] [LocalizationOverride] ✅ Updated override: Options_DuckMarket_NotificationSound = 通知声音
[15:53:43] [INFO] [鸭鸭市场] [LocalizationOverride] ✅ Updated override: Options_DuckMarket_NotificationDuration = 通知显示时长
[15:53:43] [INFO] [鸭鸭市场] [LocalizationOverride] ✅ Updated override: Options_DuckMarket_ShowRecommendedPrice = 显示推荐价格
[15:53:43] [INFO] [鸭鸭市场] [LocalizationOverride] ✅ Updated override: Options_DuckMarket_EnableDebugLog = 启用调试日志
[15:53:43] [INFO] [鸭鸭市场] [LocalizationOverride] ✅ Subscribed to language change events
[15:53:43] [INFO] [鸭鸭市场] [LocalizationOverride] ✅ Localization override system initialized
[15:53:43] [INFO] [鸭鸭市场] ✅ Step 2 complete
[15:53:43] [INFO] [鸭鸭市场] 📝 Step 3: Apply Harmony patches...
[15:53:43] [INFO] [鸭鸭市场] 🔧 Starting Harmony patch application...
[15:53:43] [INFO] [鸭鸭市场] 📦 Applying Harmony patches from assembly: DuckMarket.Core, Version=1.2.10.0, Culture=neutral, PublicKeyToken=null
[15:53:43] [INFO] [鸭鸭市场] 🔍 Found 40 patch classes:
[15:53:43] [INFO] [鸭鸭市场]    - BuildingPatch
[15:53:43] [INFO] [鸭鸭市场]    - GameplayUIManagerPatch
[15:53:43] [INFO] [鸭鸭市场]    - GameVersionDisplayPatch
[15:53:43] [INFO] [鸭鸭市场]    - InteractableBaseAwakePatch
[15:53:43] [INFO] [鸭鸭市场]    - InteractableBasePatch
[15:53:43] [INFO] [鸭鸭市场]    - InteractionMenuPatch
[15:53:43] [INFO] [鸭鸭市场]    - InventoryEntryIsEditablePatch
[15:53:43] [INFO] [鸭鸭市场]    - ItemDetailsPanelPatch
[15:53:43] [INFO] [鸭鸭市场]    - ItemDisplayClickPatch
[15:53:43] [INFO] [鸭鸭市场]    - ItemDisplayDropPatch
[15:53:43] [INFO] [鸭鸭市场]    - ItemDisplayPatch
[15:53:43] [INFO] [鸭鸭市场]    - ItemDropPatch
[15:53:43] [INFO] [鸭鸭市场]    - ItemOperationMenuPatch
[15:53:43] [INFO] [鸭鸭市场]    - ItemShortcutPatch
[15:53:43] [INFO] [鸭鸭市场]    - LootViewPatch
[15:53:43] [INFO] [鸭鸭市场]    - LootViewRefreshDetailsPatch
[15:53:43] [INFO] [鸭鸭市场]    - MultiInteractionPatch
[15:53:43] [INFO] [鸭鸭市场]    - NotificationTextPatch
[15:53:43] [INFO] [鸭鸭市场]    - PauseMenuPatch
[15:53:43] [INFO] [鸭鸭市场]    - PlayerStoragePatch
[15:53:43] [INFO] [鸭鸭市场]    - TestUIKeyListener
[15:53:43] [INFO] [鸭鸭市场]    - <>O
[15:53:43] [INFO] [鸭鸭市场]    - <>c
[15:53:43] [INFO] [鸭鸭市场]    - <>c__DisplayClass40_0
[15:53:43] [INFO] [鸭鸭市场]    - <CheckServerStatusAsync>d__13
[15:53:43] [INFO] [鸭鸭市场]    - <CreateWebLoginDialogAsync>d__25
[15:53:43] [INFO] [鸭鸭市场]    - <PollLoginSessionStatus>d__34
[15:53:43] [INFO] [鸭鸭市场]    - <PollWebLoginStatus>d__32
[15:53:43] [INFO] [鸭鸭市场]    - <StartWebLoginFlow>d__33
[15:53:43] [INFO] [鸭鸭市场]    - <>c__DisplayClass0_0
[15:53:43] [INFO] [鸭鸭市场]    - <FilterMarketByItemType>d__9
[15:53:43] [INFO] [鸭鸭市场]    - <>O
[15:53:43] [INFO] [鸭鸭市场]    - <>c
[15:53:43] [INFO] [鸭鸭市场]    - <FilterMarketByItemType>d__22
[15:53:43] [INFO] [鸭鸭市场]    - <InitializeOptionsTabAsync>d__2
[15:53:43] [INFO] [鸭鸭市场]    - <>c
[15:53:43] [INFO] [鸭鸭市场]    - <OpenNoteCloneAsync>d__5
[15:53:43] [INFO] [鸭鸭市场]    - <<OnPointerClickPrefix>b__0>d
[15:53:43] [INFO] [鸭鸭市场]    - <<InitializePostfix>b__12_0>d
[15:53:43] [INFO] [鸭鸭市场]    - <<OnOpenPostfix>b__15_0>d
[15:53:43] [INFO] [鸭鸭市场] [ItemDetailsPanelPatch] ✅ Target method found: ItemDetailsPanel.Show
[15:53:43] [INFO] [鸭鸭市场] [LootViewPatch] ✅ Target method found: LootView.OnClose
[15:53:43] [INFO] [鸭鸭市场] [LootViewRefreshDetailsPatch] ✅ Target method found: LootView.RefreshDetails
[15:53:43] [INFO] [鸭鸭市场] [PlayerStoragePatch] ✅ Found PlayerStorage.Push method
[15:53:43] [INFO] [鸭鸭市场] ✅ Harmony patches applied successfully
[15:53:43] [INFO] [鸭鸭市场] 📊 Total patched methods: 23
[15:53:43] [INFO] [鸭鸭市场]    ✓ Patched: Duckov.UI.GameplayUIManager.Awake
[15:53:43] [INFO] [鸭鸭市场]    ✓ Patched: Duckov.GameVersionDisplay.Start
[15:53:43] [INFO] [鸭鸭市场]    ✓ Patched: InteractableBase.Awake
[15:53:43] [INFO] [鸭鸭市场]    ✓ Patched: InteractableBase.OnInteractStart
[15:53:43] [INFO] [鸭鸭市场]    ✓ Patched: Duckov.UI.InventoryEntry.IsEditable
[15:53:43] [INFO] [鸭鸭市场]    ✓ Patched: Duckov.UI.ItemDetailsPanel.Show
[15:53:43] [INFO] [鸭鸭市场]    ✓ Patched: Duckov.UI.ItemDisplay.OnPointerClick
[15:53:43] [INFO] [鸭鸭市场]    ✓ Patched: Duckov.UI.ItemDisplay.OnDrop
[15:53:43] [INFO] [鸭鸭市场]    ✓ Patched: Duckov.UI.ItemDisplay.Refresh
[15:53:43] [INFO] [鸭鸭市场]    ✓ Patched: Duckov.UI.ItemDisplay.OnPointerDown
[15:53:43] [INFO] [鸭鸭市场]    ✓ Patched: ItemStatsSystem.Item.get_CanDrop
[15:53:43] [INFO] [鸭鸭市场]    ✓ Patched: Duckov.UI.ItemOperationMenu.Initialize
[15:53:43] [INFO] [鸭鸭市场]    ✓ Patched: Duckov.UI.ItemOperationMenu.Setup
[15:53:43] [INFO] [鸭鸭市场]    ✓ Patched: Duckov.UI.ItemOperationMenu.OnOpen
[15:53:43] [INFO] [鸭鸭市场]    ✓ Patched: Duckov.ItemShortcut.IsItemValid
[15:53:43] [INFO] [鸭鸭市场]    ✓ Patched: CharacterMainControl.UseItem
[15:53:43] [INFO] [鸭鸭市场]    ✓ Patched: Duckov.UI.LootView.OnClose
[15:53:43] [INFO] [鸭鸭市场]    ✓ Patched: Duckov.UI.LootView.RefreshDetails
[15:53:43] [INFO] [鸭鸭市场]    ✓ Patched: MultiInteractionMenu.SetupAndShow
[15:53:43] [INFO] [鸭鸭市场]    ✓ Patched: Duckov.UI.NotificationText.ShowNext
[15:53:43] [INFO] [鸭鸭市场]    ✓ Patched: Duckov.Options.UI.OptionsPanel.OnOpen
[15:53:43] [INFO] [鸭鸭市场]    ✓ Patched: PlayerStorage.Push
[15:53:43] [INFO] [鸭鸭市场]    ✓ Patched: CostDisplay.Setup
[15:53:43] [INFO] [鸭鸭市场] ✅ Step 3 complete
[15:53:43] [INFO] [鸭鸭市场] 📝 Step 4: Initialize core systems...
[15:53:43] [INFO] [鸭鸭市场] ? API Client initialized with HTTP/2 support
[15:53:43] [INFO] [鸭鸭市场]   - Protocol: HTTP/2 (auto-negotiated)
[15:53:43] [INFO] [鸭鸭市场]   - Connection pooling: Enabled
[15:53:43] [INFO] [鸭鸭市场]   - Multiplexing: Enabled
[15:53:43] [INFO] [鸭鸭市场]   - Compression: gzip, deflate
[15:53:43] [INFO] [鸭鸭市场] [SteamTicketAuth] Initialized successfully
[15:53:43] [INFO] [鸭鸭市场] Initializing Flea Market Manager...
[15:53:43] [INFO] [鸭鸭市场] Player Steam ID: 76561198968536704
[15:53:43] [INFO] [鸭鸭市场] Initializing Flea Market UI Manager...
[15:53:43] [INFO] [鸭鸭市场] Flea Market UI Manager initialized successfully
[15:53:43] [INFO] [鸭鸭市场] Flea Market Manager initialized successfully
[15:53:43] [INFO] [鸭鸭市场] [NotificationQueue] Reloaded queue for save slot 1, count=0
[15:53:43] [INFO] [鸭鸭市场] [NotificationQueue] Initialized with 0 pending notifications
[15:53:43] [INFO] [鸭鸭市场] [SoundManager] ========== Initialize() called ==========
[15:53:43] [INFO] [鸭鸭市场] [SoundManager] Starting initialization...
[15:53:43] [INFO] [鸭鸭市场] [SoundManager] Assembly location: D:\SteamLibrary\steamapps\workshop\content\3167020\3591763519\version\1.2.10\DuckMarket.Core.dll
[15:53:43] [INFO] [鸭鸭市场] [SoundManager] Mod directory: D:\SteamLibrary\steamapps\workshop\content\3167020\3591763519\version\1.2.10
[15:53:43] [INFO] [鸭鸭市场] [SoundManager] Checking path: D:\SteamLibrary\steamapps\workshop\content\3167020\3591763519\version\1.2.10\resources\sold.wav
[15:53:43] [INFO] [鸭鸭市场] [SoundManager] ✅ Found sold.wav at: D:\SteamLibrary\steamapps\workshop\content\3167020\3591763519\version\1.2.10\resources\sold.wav
[15:53:43] [INFO] [鸭鸭市场] [SoundManager] Loading sold sound from: D:\SteamLibrary\steamapps\workshop\content\3167020\3591763519\version\1.2.10\resources\sold.wav
[15:53:43] [INFO] [鸭鸭市场] [SoundManager] ✅ Loaded sold.wav successfully
[15:53:43] [INFO] [鸭鸭市场] [SoundManager] Checking path: D:\SteamLibrary\steamapps\workshop\content\3167020\3591763519\version\1.2.10\resources\error.wav
[15:53:43] [INFO] [鸭鸭市场] [SoundManager] ✅ Found error.wav at: D:\SteamLibrary\steamapps\workshop\content\3167020\3591763519\version\1.2.10\resources\error.wav
[15:53:43] [INFO] [鸭鸭市场] [SoundManager] Loading error sound from: D:\SteamLibrary\steamapps\workshop\content\3167020\3591763519\version\1.2.10\resources\error.wav
[15:53:43] [INFO] [鸭鸭市场] [SoundManager] ✅ Loaded error.wav successfully
[15:53:43] [INFO] [鸭鸭市场] [SoundManager] Checking path: D:\SteamLibrary\steamapps\workshop\content\3167020\3591763519\version\1.2.10\resources\success.wav
[15:53:43] [INFO] [鸭鸭市场] [SoundManager] ✅ Found success.wav at: D:\SteamLibrary\steamapps\workshop\content\3167020\3591763519\version\1.2.10\resources\success.wav
[15:53:43] [INFO] [鸭鸭市场] [SoundManager] Loading success sound from: D:\SteamLibrary\steamapps\workshop\content\3167020\3591763519\version\1.2.10\resources\success.wav
[15:53:43] [INFO] [鸭鸭市场] [SoundManager] ✅ Loaded success.wav successfully
[15:53:43] [INFO] [鸭鸭市场] [SoundManager] ✅ Initialized successfully
[15:53:43] [INFO] [鸭鸭市场] [NotificationStyleCustomizer] 🎨 Initializing notification style customization...
[15:53:43] [WARNING] [鸭鸭市场] [NotificationStyleCustomizer] NotificationText not found in scene
[15:53:43] [INFO] [鸭鸭市场] [MarketUpgradeManager] 升级状态加载完成
[15:53:43] [INFO] [鸭鸭市场] [MarketUpgradeManager] 初始化完成，共6个升级项目
[15:53:43] [INFO] [鸭鸭市场] [MarketUpgradeTree] Awake完成，等待首次打开时初始化
[15:53:43] [INFO] [鸭鸭市场] [MarketUpgradeTree] 初始化完成
[15:53:43] [INFO] [鸭鸭市场] ✅ 升级系统初始化完成（原生PerkTree）
[15:53:43] [INFO] [鸭鸭市场] ✅ Step 4 complete
[15:53:43] [INFO] [鸭鸭市场] 📝 Step 5: Setup WebSocket message handlers...
[15:53:43] [INFO] [鸭鸭市场] WebSocket handlers setup complete
[15:53:43] [INFO] [鸭鸭市场] ✅ Step 5 complete
[15:53:43] [INFO] [鸭鸭市场] 📝 Step 6: Subscribe to game events...
[15:53:43] [INFO] [鸭鸭市场] Subscribed to game events for state management
[15:53:43] [INFO] [鸭鸭市场] ✅ Step 6 complete
[15:53:43] [INFO] [鸭鸭市场] 📝 Step 7: Auto-login on game startup...
[15:53:43] [INFO] [鸭鸭市场] [AutoLogin] Retrieved Steam username: 饱经风霜
[15:53:43] [INFO] [鸭鸭市场] [AutoLogin] Checking login status for Steam ID: 76561198968536704
[15:53:43] [INFO] [鸭鸭市场] [AutoLogin] Found cached refresh token, attempting to refresh...
[15:53:43] [INFO] [鸭鸭市场] [Token] Refreshing access token...
[15:53:43] [INFO] [鸭鸭市场] [ModVersion]   - User-Agent: DuckMarket-MOD/1.2.10
[15:53:43] [INFO] [鸭鸭市场] [ModVersion]   - Display: MOD v1.2.10
[15:53:43] [INFO] [鸭鸭市场] ✅ HttpClient initialized with connection pooling
[15:53:43] [INFO] [鸭鸭市场]   - User-Agent: DuckMarket-MOD/1.2.10
[15:53:43] [INFO] [鸭鸭市场]   - Protocol: HTTP/1.1 with Keep-Alive
[15:53:43] [INFO] [鸭鸭市场]   - Connection pooling: Enabled
[15:53:43] [INFO] [鸭鸭市场]   - Compression: gzip, deflate
[15:53:43] [INFO] [鸭鸭市场]   - Note: HTTP/2 requires .NET 5.0+ or SocketsHttpHandler
[15:53:43] [INFO] [鸭鸭市场] ✅ Step 7 complete
[15:53:43] [INFO] [鸭鸭市场] 📝 Step 8: Initialize test UI key listener...
[15:53:43] [INFO] [鸭鸭市场] [TestUIKeyListener]   - 请通过黑市设施的'打开鸭鸭市场'选项打开新市场
[15:53:43] [INFO] [鸭鸭市场] ✅ Step 8 complete
[15:53:43] [INFO] [鸭鸭市场] 📝 Step 9: Setup fallback UI initialization...
[15:53:43] [INFO] [鸭鸭市场] ✅ Step 9 complete
[15:53:43] [INFO] [鸭鸭市场] 🎉 ========== Duck Market Mod initialized successfully! ==========
[15:53:43] [INFO] Mod Loaded: DuckMarket.Loader
[15:53:43] [INFO] ModActive_BattlefieldTypeKillNotice: True
[15:53:43] [INFO] Loading mod dll at path: D:\SteamLibrary\steamapps\workshop\content\3167020\3591589560\BattlefieldTypeKillNotice.dll
[15:53:43] [ERROR] [BattlefieldTypeKillNoticeMod] Could not find HUDManager, build UI failed.
[15:53:43] 0x00007fffd6ce350d (UnityPlayer) UnityMain
0x00007fffd6ce3288 (UnityPlayer) UnityMain
0x00007fffd6cc9cd9 (UnityPlayer) UnityMain
0x00007fffd7369e51 (UnityPlayer) UnityMain
0x00007fffd634b105 (UnityPlayer) 
0x0000020f653acd63 (Mono JIT Code) (wrapper managed-to-native) UnityEngine.DebugLogHandler:Internal_Log (UnityEngine.LogType,UnityEngine.LogOption,string,UnityEngine.Object)
0x0000020f653aca0b (Mono JIT Code) UnityEngine.DebugLogHandler:LogFormat (UnityEngine.LogType,UnityEngine.Object,string,object[])
0x0000020f653ac750 (Mono JIT Code) UnityEngine.Logger:Log (UnityEngine.LogType,object)
0x0000020ff0c66df5 (Mono JIT Code) UnityEngine.Debug:LogError (object)
0x0000020ff0c64f93 (Mono JIT Code) BattlefieldTypeKillNotice.ModBehaviour:BuildUI ()
0x0000020ff0c64bd3 (Mono JIT Code) BattlefieldTypeKillNotice.ModBehaviour:OnEnable ()
0x0000020ff0c647c8 (Mono JIT Code) (wrapper runtime-invoke) object:runtime_invoke_void__this__ (object,intptr,intptr,intptr)
0x00007fffd5b04b7e (mono-2.0-bdwgc) mono_jit_set_domain
0x00007fffd5a3d204 (mono-2.0-bdwgc) mono_object_get_virtual_method
0x00007fffd5a3d37c (mono-2.0-bdwgc) mono_runtime_invoke
0x00007fffd6a4fe96 (UnityPlayer) 
0x00007fffd6a53097 (UnityPlayer) 
0x00007fffd6a43df3 (UnityPlayer) 
0x00007fffd6ab9510 (UnityPlayer) 
0x00007fffd6879e8c (UnityPlayer) 
0x00007fffd687a3aa (UnityPlayer) 
0x00007fffd687b483 (UnityPlayer) 
0x00007fffd69d34e3 (UnityPlayer) 
0x00007fffd63cd158 (UnityPlayer) 
0x0000020f7fcdf58c (Mono JIT Code) (wrapper managed-to-native) UnityEngine.GameObject:Internal_AddComponentWithType (UnityEngine.GameObject,System.Type)
0x0000020f7fcdf4a3 (Mono JIT Code) UnityEngine.GameObject:AddComponent (System.Type)
0x0000020f853a5a63 (Mono JIT Code) Duckov.Modding.ModManager:ActivateMod (Duckov.Modding.ModInfo)
0x0000020f84e6afab (Mono JIT Code) Duckov.Modding.ModManager:ScanAndActivateMods ()
0x0000020f84e69de3 (Mono JIT Code) Duckov.Modding.SteamWorkshopManager:OnSteamUGCQueryCompleted (Steamworks.SteamUGCQueryCompleted_t,bool)
0x0000020f84e698f1 (Mono JIT Code) Steamworks.CallResult`1<Steamworks.SteamUGCQueryCompleted_t>:OnRunCallResult (intptr,bool,ulong)
0x0000020f84e67e87 (Mono JIT Code) Steamworks.CallbackDispatcher:RunFrame (bool)
0x0000020f84e6791b (Mono JIT Code) Steamworks.SteamAPI:RunCallbacks ()
0x0000020f84e678ab (Mono JIT Code) SteamManager:Update ()
0x0000020f1f5d0a88 (Mono JIT Code) (wrapper runtime-invoke) object:runtime_invoke_void__this__ (object,intptr,intptr,intptr)
0x00007fffd5b04b7e (mono-2.0-bdwgc) mono_jit_set_domain
0x00007fffd5a3d204 (mono-2.0-bdwgc) mono_object_get_virtual_method
0x00007fffd5a3d37c (mono-2.0-bdwgc) mono_runtime_invoke
0x00007fffd6a4fe96 (UnityPlayer) 
0x00007fffd6a4ffd1 (UnityPlayer) 
0x00007fffd6720d20 (UnityPlayer) 
0x00007fffd688f778 (UnityPlayer) 
0x00007fffd688f964 (UnityPlayer) 
0x00007fffd688fe82 (UnityPlayer) 
0x00007fffd6ae33db (UnityPlayer) 
0x00007fffd6ae5dab (UnityPlayer) 
0x00007fffd6ae910b (UnityPlayer) 
0x00007fffd6ae93ab (UnityPlayer) UnityMain
0x00007ff63b1311f6 (Duckov) 
0x00007ff8bd8fe8d7 (KERNEL32) BaseThreadInitThunk
0x00007ff8bde6c53c (ntdll) RtlUserThreadStart

[15:53:43] [INFO] Mod Loaded: BattlefieldTypeKillNotice
[15:53:43] [INFO] [BattlefieldTypeKillNoticeMod] Config loaded from D:/SteamLibrary/steamapps/common/Escape from Duckov/Duckov_Data\ModConfig\BattlefieldTypeKillNotice\config.json, current value is BattlefieldTypeKillNotice.ConfigPanel+KillNoticeConfig
[15:53:43] [INFO] [BattlefieldTypeKillNoticeMod]Start load audio resources.
[15:53:43] [INFO] [BattlefieldTypeKillNoticeMod]Try load Normal.wav
[15:53:43] [INFO] [BattlefieldTypeKillNoticeMod]Loaded Normal.wav.
[15:53:43] [INFO] [BattlefieldTypeKillNoticeMod]Try load D:\SteamLibrary\steamapps\workshop\content\3167020\3591589560\sprite\0-Duck\Normal.png
[15:53:43] [INFO] [BattlefieldTypeKillNoticeMod]Loaded D:\SteamLibrary\steamapps\workshop\content\3167020\3591589560\sprite\0-Duck\Normal.png
[15:53:43] [INFO] [BattlefieldTypeKillNoticeMod]Try load D:\SteamLibrary\steamapps\workshop\content\3167020\3591589560\sprite\0-Duck\Normal_circle.png
[15:53:43] [INFO] [BattlefieldTypeKillNoticeMod]Loaded D:\SteamLibrary\steamapps\workshop\content\3167020\3591589560\sprite\0-Duck\Normal_circle.png
[15:53:43] [INFO] [BattlefieldTypeKillNoticeMod]Try load D:\SteamLibrary\steamapps\workshop\content\3167020\3591589560\sprite\1-Duck\Normal.png
[15:53:43] [INFO] [BattlefieldTypeKillNoticeMod]Loaded D:\SteamLibrary\steamapps\workshop\content\3167020\3591589560\sprite\1-Duck\Normal.png
[15:53:43] [INFO] [BattlefieldTypeKillNoticeMod]Try load D:\SteamLibrary\steamapps\workshop\content\3167020\3591589560\sprite\1-Duck\Normal_circle.png
[15:53:43] [INFO] [BattlefieldTypeKillNoticeMod]Loaded D:\SteamLibrary\steamapps\workshop\content\3167020\3591589560\sprite\1-Duck\Normal_circle.png
[15:53:43] [INFO] [BattlefieldTypeKillNoticeMod]Try load D:\SteamLibrary\steamapps\workshop\content\3167020\3591589560\sprite\2-BF5\Normal.png
[15:53:43] [INFO] [BattlefieldTypeKillNoticeMod]Loaded D:\SteamLibrary\steamapps\workshop\content\3167020\3591589560\sprite\2-BF5\Normal.png
[15:53:43] [INFO] [BattlefieldTypeKillNoticeMod]Try load D:\SteamLibrary\steamapps\workshop\content\3167020\3591589560\sprite\2-BF5\Normal_circle.png
[15:53:43] [INFO] [BattlefieldTypeKillNoticeMod]Loaded D:\SteamLibrary\steamapps\workshop\content\3167020\3591589560\sprite\2-BF5\Normal_circle.png
[15:53:43] [INFO] [BattlefieldTypeKillNoticeMod]Try load Headshot.wav
[15:53:43] [INFO] [BattlefieldTypeKillNoticeMod]Loaded Headshot.wav.
[15:53:43] [INFO] [BattlefieldTypeKillNoticeMod]Try load D:\SteamLibrary\steamapps\workshop\content\3167020\3591589560\sprite\0-Duck\Headshot.png
[15:53:43] [INFO] [BattlefieldTypeKillNoticeMod]Loaded D:\SteamLibrary\steamapps\workshop\content\3167020\3591589560\sprite\0-Duck\Headshot.png
[15:53:43] [INFO] [BattlefieldTypeKillNoticeMod]Try load D:\SteamLibrary\steamapps\workshop\content\3167020\3591589560\sprite\0-Duck\Headshot_circle.png
[15:53:43] [INFO] [BattlefieldTypeKillNoticeMod]Loaded D:\SteamLibrary\steamapps\workshop\content\3167020\3591589560\sprite\0-Duck\Headshot_circle.png
[15:53:43] [INFO] [BattlefieldTypeKillNoticeMod]Try load D:\SteamLibrary\steamapps\workshop\content\3167020\3591589560\sprite\1-Duck\Headshot.png
[15:53:43] [INFO] [BattlefieldTypeKillNoticeMod]Loaded D:\SteamLibrary\steamapps\workshop\content\3167020\3591589560\sprite\1-Duck\Headshot.png
[15:53:43] [INFO] [BattlefieldTypeKillNoticeMod]Try load D:\SteamLibrary\steamapps\workshop\content\3167020\3591589560\sprite\1-Duck\Headshot_circle.png
[15:53:43] [INFO] [BattlefieldTypeKillNoticeMod]Loaded D:\SteamLibrary\steamapps\workshop\content\3167020\3591589560\sprite\1-Duck\Headshot_circle.png
[15:53:43] [INFO] [BattlefieldTypeKillNoticeMod]Try load D:\SteamLibrary\steamapps\workshop\content\3167020\3591589560\sprite\2-BF5\Headshot.png
[15:53:43] [INFO] [BattlefieldTypeKillNoticeMod]Loaded D:\SteamLibrary\steamapps\workshop\content\3167020\3591589560\sprite\2-BF5\Headshot.png
[15:53:43] [INFO] [BattlefieldTypeKillNoticeMod]Try load D:\SteamLibrary\steamapps\workshop\content\3167020\3591589560\sprite\2-BF5\Headshot_circle.png
[15:53:43] [INFO] [BattlefieldTypeKillNoticeMod]Loaded D:\SteamLibrary\steamapps\workshop\content\3167020\3591589560\sprite\2-BF5\Headshot_circle.png
[15:53:43] [INFO] [BattlefieldTypeKillNoticeMod]Load All Resources Complete.
[15:53:43] [INFO] ModActive_BossLiveMapMod: True
[15:53:43] [INFO] Loading mod dll at path: D:\SteamLibrary\steamapps\workshop\content\3167020\3589079671\BossLiveMapMod.dll
[15:53:43] [INFO] Mod Loaded: BossLiveMapMod
[15:53:43] [INFO] ModActive_ModConfig: True
[15:53:43] [INFO] Loading mod dll at path: D:\SteamLibrary\steamapps\workshop\content\3167020\3590674339\ModConfig.dll
[15:53:43] [INFO] ModConfig Mod Awake
[15:53:43] [INFO] ModConfig Enabled
[15:53:43] [INFO] Mod Loaded: ModConfig
[15:53:43] [INFO] 已添加MainMenuAwake事件
[15:53:43] [INFO] [ModConfig_v1] 找到 ModConfig相关程序集: ModConfig, Version=1.0.0.0, Culture=neutral, PublicKeyToken=null
[15:53:43] [INFO] [ModConfig_v1] 在程序集 ModConfig, Version=1.0.0.0, Culture=neutral, PublicKeyToken=null 中找到类型 ModConfig.ModBehaviour
[15:53:43] [INFO] [ModConfig_v1] 找到 ModConfig相关程序集: ModConfig, Version=1.0.0.0, Culture=neutral, PublicKeyToken=null
[15:53:43] [INFO] [ModConfig_v1] 在程序集 ModConfig, Version=1.0.0.0, Culture=neutral, PublicKeyToken=null 中找到类型 ModConfig.OptionsManager_Mod
[15:53:43] [INFO] [ModConfig_v1]版本检查通过: 1
[15:53:43] [INFO] [ModConfig_v1] ModConfigAPI 初始化成功
[15:53:43] [INFO] [ModConfig_v1] 成功添加选项变更事件委托
[15:53:43] [INFO] 配置项已加入队列，等待mod菜单初始化。当前队列长度: 1
[15:53:43] [INFO] [ModConfig_v1] 成功添加下拉列表: BlackMarketPriceMod.BlackMarketPriceMod_baselineMode
[15:53:43] [INFO] [ModConfig_v1] 成功加载配置: BlackMarketPriceMod_baselineMode = 0
[15:53:43] [INFO] ModActive_CustomTalentFrame: True
[15:53:43] [INFO] Loading mod dll at path: D:\SteamLibrary\steamapps\workshop\content\3167020\3624426696\CustomTalentFrame.dll
[15:53:43] [INFO] D:\SteamLibrary\steamapps\workshop\content\3167020\3624426696\0Harmony.dll
[15:53:43] [INFO] Mod Loaded: CustomTalentFrame
[15:53:43] [INFO] ModActive_FeatherMod: True
[15:53:43] [INFO] Loading mod dll at path: D:\SteamLibrary\steamapps\workshop\content\3167020\3759478942\FeatherMod.dll
[15:53:43] [INFO] Mod Loaded: FeatherMod
[15:53:43] [WARNING] [FML GraphSerializationFix] No playmode serialization guard pattern detected. The NodeCanvas version may have changed. Patch was safely skipped.
[15:53:43] [INFO] [FML FriendlyNpc] Init: creating new registries (first-time or domain reload).
[15:53:43] [INFO] [FML FriendlyNpc] HookSaveRestore: registered CollectSaveData + LevelInit + MainSceneLoaded + SubSceneLoaded + SaveDeleted handlers.
[15:53:43] [INFO] [GameItemLookup] Indexed 1565 vanilla items, 121 tags.
[15:53:43] [INFO] ModActive_DuckovDrinks: True
[15:53:43] [INFO] Loading mod dll at path: D:\SteamLibrary\steamapps\workshop\content\3167020\3591474962\DuckovDrinks.dll
[15:53:43] [INFO] Mod Loaded: DuckovDrinks
[15:53:43] [INFO] [ModPathResolver] Registered mod 'DuckovDrinks' path: D:\SteamLibrary\steamapps\workshop\content\3167020\3591474962\DuckovDrinks.dll
[15:53:43] [INFO] [TagUtils] Registered Tag: 'CoffeeBean' (show=True, priority=0, color=RGBA(0.500, 0.203, 0.000, 1.000))
[15:53:43] [INFO] [TagUtils] Registered Tag: 'Formula_DrinkStation' (show=True, priority=0, color=RGBA(0.150, 0.708, 0.548, 1.000))
[15:53:43] [INFO] Registered custom item: 30001 - *Suanmeitang*
[15:53:43] [INFO] Registered custom item: 30002 - *WholeMilk*
[15:53:43] [INFO] Registered custom item: 30003 - *IcedTea*
[15:53:43] [INFO] Registered custom item: 30004 - *AppleMilk*
[15:53:43] [INFO] Registered custom item: 30005 - *WhiteSugar*
[15:53:43] [INFO] Registered custom item: 30006 - *OrangeSoda*
[15:53:43] [INFO] Registered custom item: 30007 - *SodaCanLemon*
[15:53:43] [INFO] Registered custom item: 30008 - *SodaCanApple*
[15:53:43] [INFO] Registered custom item: 30009 - *SodaCanOrange*
[15:53:43] [INFO] Registered custom item: 30016 - *CoffeeBean*
[15:53:43] [INFO] Registered custom item: 30012 - *CoffeeBeanPack*
[15:53:43] [INFO] Registered custom item: 30013 - *GreenTeaTeabag*
[15:53:43] [INFO] Registered custom item: 30014 - *BlackTeaTeabag*
[15:53:43] [INFO] Registered custom item: 30041 - *CoffeeBlack*
[15:53:43] [INFO] Registered custom item: 30042 - *CoffeeLatte*
[15:53:43] [INFO] Registered custom item: 30043 - *GreenTea*
[15:53:43] [INFO] Registered custom item: 30044 - *BlackTea*
[15:53:43] [INFO] Registered custom item: 30053 - *GrapeSoda*
[15:53:43] [INFO] Registered custom item: 30054 - *MonsterWebbingOrigin*
[15:53:43] [INFO] Registered custom item: 30055 - *MonsterWebbingPink*
[15:53:43] [INFO] Registered custom item: 30056 - *MonsterWebbingWhite*
[15:53:43] [INFO] Registered custom item: 30010 - *Cream*
[15:53:43] [INFO] Registered custom item: 30057 - *AppleJuice*
[15:53:43] [INFO] Registered custom item: 30058 - *OrangeJuice*
[15:53:43] [INFO] Registered custom item: 30059 - *MixedJuice*
[15:53:43] [INFO] Registered custom item: 30060 - *IceCreamBall*
[15:53:43] [INFO] Registered custom item: 30061 - *IceCreamTub*
[15:53:43] [INFO] Registered custom item: 30062 - *MilkPopsicle*
[15:53:43] [INFO] Registered custom item: 30063 - *ChocIce*
[15:53:43] [INFO] Registered custom item: 30064 - *LemonSodaBottle*
[15:53:43] [INFO] Registered custom item: 30065 - *AppleSodaBottle*
[15:53:43] [INFO] Registered custom item: 30066 - *GrapeSodaBottle*
[15:53:43] [INFO] Registered custom item: 30011 - *RecipeCream*
[15:53:43] [INFO] Registered custom item: 30015 - *RecipeGrapeSoda*
[15:53:43] [INFO] Added crafting formula: recipe_suanmeitang (identifier: DuckovDrinks:recipe_suanmeitang)
[15:53:43] [INFO] Added crafting formula: recipe_apple_milk (identifier: DuckovDrinks:recipe_apple_milk)
[15:53:43] [INFO] Added crafting formula: recipe_lemon_soda (identifier: DuckovDrinks:recipe_lemon_soda)
[15:53:43] [INFO] Added crafting formula: recipe_apple_soda (identifier: DuckovDrinks:recipe_apple_soda)
[15:53:43] [INFO] Added crafting formula: recipe_orange_soda (identifier: DuckovDrinks:recipe_orange_soda)
[15:53:43] [INFO] Added crafting formula: recipe_extra (identifier: DuckovDrinks:recipe_extra)
[15:53:43] [INFO] Added crafting formula: recipe_coffee_black (identifier: DuckovDrinks:recipe_coffee_black)
[15:53:43] [INFO] Added crafting formula: recipe_coffee_latte (identifier: DuckovDrinks:recipe_coffee_latte)
[15:53:43] [INFO] Added crafting formula: recipe_pack_coffee_beans (identifier: DuckovDrinks:recipe_pack_coffee_beans)
[15:53:43] [INFO] Added crafting formula: recipe_green_tea (identifier: DuckovDrinks:recipe_green_tea)
[15:53:43] [INFO] Added crafting formula: recipe_black_tea (identifier: DuckovDrinks:recipe_black_tea)
[15:53:43] [INFO] Added crafting formula: recipe_lemon_soda_bottle (identifier: DuckovDrinks:recipe_lemon_soda_bottle)
[15:53:43] [INFO] Added crafting formula: recipe_cream (identifier: DuckovDrinks:recipe_cream)
[15:53:43] [INFO] Added crafting formula: recipe_grape_soda_can (identifier: DuckovDrinks:recipe_grape_soda_can)
[15:53:43] [INFO] Added crafting formula: recipe_apple_soda_bottle (identifier: DuckovDrinks:recipe_apple_soda_bottle)
[15:53:43] [INFO] Added crafting formula: recipe_grape_soda_bottle (identifier: DuckovDrinks:recipe_grape_soda_bottle)
[15:53:43] [INFO] Added crafting formula: recipe_apple_juice (identifier: DuckovDrinks:recipe_apple_juice)
[15:53:43] [INFO] Added crafting formula: recipe_orange_juice (identifier: DuckovDrinks:recipe_orange_juice)
[15:53:43] [INFO] Added crafting formula: recipe_mixed_juice (identifier: DuckovDrinks:recipe_mixed_juice)
[15:53:43] [INFO] Added crafting formula: recipe_ice_cream_ball (identifier: DuckovDrinks:recipe_ice_cream_ball)
[15:53:43] [INFO] Added crafting formula: recipe_choc_ice (identifier: DuckovDrinks:recipe_choc_ice)
[15:53:43] [INFO] Added crafting formula: recipe_ice_cream_tub (identifier: DuckovDrinks:recipe_ice_cream_tub)
[15:53:43] [INFO] Added crafting formula: recipe_milk_popsicle (identifier: DuckovDrinks:recipe_milk_popsicle)
[15:53:43] [WARNING] [FML Building] RequireQuest 'DuckovDrinks:quest_first_call' not found (not in FML registry or vanilla collection).
[15:53:43] [INFO] Loaded AssetBundle drinks from D:\SteamLibrary\steamapps\workshop\content\3167020\3591474962\assets/bundle/drinks.
[15:53:43] [INFO] [ShaderReplacer] 'DrinkStation(Clone)': replaced 7, skipped 0 URP built-in.
[15:53:43] [WARNING] [CraftingUtils] Overwriting existing decompose formula for item 1181 (identifier: DuckovDrinks:decompose_lollipop). This may be a vanilla game formula or another mod's registration.
[15:53:43] [WARNING] [CraftingUtils] Overwriting existing decompose formula for item 68 (identifier: DuckovDrinks:decompose_item68). This may be a vanilla game formula or another mod's registration.
[15:53:43] [INFO] Added decompose: 30006 (identifier: DuckovDrinks:decompose_orange_soda)
[15:53:43] [INFO] Added decompose: 30012 (identifier: DuckovDrinks:decompose_coffee_bean_pack)
[15:53:43] [INFO] [FML] Registered quest giver: DuckovDrinks:laozheng (custom ID: 50, display key: chara_zheng) from mod: DuckovDrinks
[15:53:43] [INFO] [PerkTreeUtils] Registered PerkTree 'laozheng_arts' from mod 'DuckovDrinks'. (cached=True, treeIds=True, instanceNull=True)
[15:53:43] [INFO] [PerkTreeUtils] EnsureGraphNode: node for 'water_efficiency' already exists in graph.
[15:53:43] [INFO] [PerkTreeUtils] EnsureGraphNode: node for 'gun_affinity' already exists in graph.
[15:53:43] [INFO] [PerkTreeUtils] EnsureGraphNode: node for 'load_bearing' already exists in graph.
[15:53:43] [INFO] [PerkTreeUtils] EnsureGraphNode: node for 'nutrition_sense' already exists in graph.
[15:53:43] [INFO] [PerkTreeUtils] EnsureGraphNode: node for 'recoil_tuning' already exists in graph.
[15:53:44] [INFO] [PerkTreeUtils] EnsureGraphNode: node for 'marksmanship' already exists in graph.
[15:53:44] [INFO] [PerkTreeUtils] EnsureGraphNode: node for 'storm_survivor' already exists in graph.
[15:53:44] [INFO] [PerkTreeUtils] EnsureGraphNode: node for 'true_teaching' already exists in graph.
[15:53:44] [INFO] [PerkTreeUtils] Deferring vanilla inject: 'material_storage' into 'StorageExpand' (graph not loaded yet).
[15:53:44] [INFO] [PerkTreeUtils] Registered PerkTree 'drink_station_perks' from mod 'DuckovDrinks'. (cached=True, treeIds=True, instanceNull=True)
[15:53:44] [INFO] [PerkTreeUtils] EnsureGraphNode: node for 'juicer_machine' already exists in graph.
[15:53:44] [INFO] [PerkTreeUtils] EnsureGraphNode: node for 'ice_cream_machine' already exists in graph.
[15:53:44] [INFO] [PerkTreeUtils] EnsureGraphNode: node for 'coffee_machine_repair' already exists in graph.
[15:53:44] [INFO] [PerkTreeUtils] EnsureGraphNode: node for 'teapot' already exists in graph.
[15:53:44] [INFO] [FML FriendlyNpc] Registered preset 'DuckovDrinks:npc_laozheng' (owner: DuckovDrinks)
[15:53:44] [INFO] [FML] Registered quest: quest_laozheng_firstcall (ID: 1001) from mod: DuckovDrinks (identifier: DuckovDrinks:quest_first_call)
[15:53:44] [INFO] [FML] Registered quest: quest_laozheng_settle (ID: 1002) from mod: DuckovDrinks (identifier: DuckovDrinks:quest_laozheng_settle)
[15:53:44] [INFO] [FML] Registered quest: quest_special_delivery_1 (ID: 1003) from mod: DuckovDrinks (identifier: DuckovDrinks:quest_special_delivery_1)
[15:53:44] [INFO] [FML] Registered quest: quest_soda_1 (ID: 1004) from mod: DuckovDrinks (identifier: DuckovDrinks:quest_soda_1)
[15:53:44] [INFO] [FML] Registered quest: quest_special_delivery_2 (ID: 1005) from mod: DuckovDrinks (identifier: DuckovDrinks:quest_special_delivery_2)
[15:53:44] [INFO] [FML] Registered quest: quest_ice_cream_1 (ID: 1006) from mod: DuckovDrinks (identifier: DuckovDrinks:quest_ice_cream_1)
[15:53:44] [INFO] [FML] Registered quest: quest_soda_2 (ID: 1007) from mod: DuckovDrinks (identifier: DuckovDrinks:quest_soda_2)
[15:53:44] [INFO] [FML] Registered quest: quest_ice_cream_2 (ID: 1008) from mod: DuckovDrinks (identifier: DuckovDrinks:quest_ice_cream_2)
[15:53:44] [INFO] [FML] Registered quest: quest_special_delivery_3 (ID: 1009) from mod: DuckovDrinks (identifier: DuckovDrinks:quest_special_delivery_3)
[15:53:44] [INFO] DuckovDrinks awaked, version: 0.5.0. Presented by Zaia
[15:53:44] [INFO] ModActive_DuckovWeaponExample: True
[15:53:44] [INFO] Loading mod dll at path: D:\SteamLibrary\steamapps\workshop\content\3167020\3610492072\DuckovWeaponExample.dll
[15:53:44] [INFO] Mod Loaded: DuckovWeaponExample
[15:53:44] [INFO] [ModPathResolver] Registered mod 'DuckovWeaponExample' path: D:\SteamLibrary\steamapps\workshop\content\3167020\3610492072\DuckovWeaponExample.dll
[15:53:44] [INFO] Loaded AssetBundle examplebundle from D:\SteamLibrary\steamapps\workshop\content\3167020\3610492072\assets/bundle/examplebundle.
[15:53:44] [INFO] [ShaderReplacer] Bundle 'examplebundle': replaced 8, skipped 8 URP built-in.
[15:53:44] [INFO] Registered custom item: 31001 - 低维护成本步枪
[15:53:44] [INFO] [ShaderReplacer] Bundle 'examplebundle': replaced 8, skipped 8 URP built-in.
[15:53:44] [INFO] Registered custom item: 31003 - MK23 进攻性手枪
[15:53:44] [INFO] Registered custom item: 31002 - 蓝图：低维护成本步枪
[15:53:44] [INFO] ModActive_QuackCore: True
[15:53:44] [INFO] Loading mod dll at path: D:\SteamLibrary\steamapps\workshop\content\3167020\3661617368\QuackCore.dll
[15:53:44] [INFO] [QuackCore][Info][ModBehaviour.Awake] QuackCore 初始化
[15:53:44] [INFO] [QuackCore][Info][ModBehaviour.InitializeHarmony] Harmony 补丁注入成功。
[15:53:44] [INFO] Mod Loaded: QuackCore
[15:53:44] [INFO] [QuackCore][Info][ModBehaviour.OnAfterSetup] QuackCore 已准备就绪。
[15:53:44] [INFO] ModActive_TarkovStimulants: True
[15:53:44] [INFO] Loading mod dll at path: D:\SteamLibrary\steamapps\workshop\content\3167020\3661619836\TarkovStimulants.dll
[15:53:44] [INFO] [TarkovStimulants][Info][ModBehaviour.CheckDepenndencies] 依赖项检查通过。
[15:53:44] [INFO] [TarkovStimulants][Info][ModBehaviour.ApplyHarmonyPatches] Harmony 补丁注入成功。
[15:53:44] [INFO] Mod Loaded: TarkovStimulants
[15:53:44] [INFO] [QuackCore][Info][QuackBuffRegistry.Register] 成功注册 Buff ID: 999101 (TarkovStimulants_eTGc_Buff) (com.LOVEIII486.TarkovStimulants)
[15:53:44] [INFO] [QuackCore][Info][QuackBuffRegistry.Register] 成功注册 Buff ID: 999401 (TarkovStimulants_eTGc_Debuff) (com.LOVEIII486.TarkovStimulants)
[15:53:44] [INFO] [QuackCore][Info][QuackBuffRegistry.Register] 成功注册 Buff ID: 999102 (TarkovStimulants_SJ12_Buff) (com.LOVEIII486.TarkovStimulants)
[15:53:44] [INFO] [QuackCore][Info][QuackBuffRegistry.Register] 成功注册 Buff ID: 999103 (TarkovStimulants_Propital_Buff) (com.LOVEIII486.TarkovStimulants)
[15:53:44] [INFO] [QuackCore][Info][QuackBuffRegistry.Register] 成功注册 Buff ID: 999104 (TarkovStimulants_SJ6_Buff) (com.LOVEIII486.TarkovStimulants)
[15:53:44] [INFO] [QuackCore][Info][QuackBuffRegistry.Register] 成功注册 Buff ID: 999105 (TarkovStimulants_MULE_Buff) (com.LOVEIII486.TarkovStimulants)
[15:53:44] [INFO] [QuackCore][Info][QuackBuffRegistry.Register] 成功注册 Buff ID: 999106 (TarkovStimulants_Adrenaline_Buff) (com.LOVEIII486.TarkovStimulants)
[15:53:44] [INFO] [QuackCore][Info][QuackBuffRegistry.Register] 成功注册 Buff ID: 999406 (TarkovStimulants_Adrenaline_Debuff) (com.LOVEIII486.TarkovStimulants)
[15:53:44] [INFO] [QuackCore][Info][QuackBuffRegistry.Register] 成功注册 Buff ID: 999107 (TarkovStimulants_Meldonin_Buff) (com.LOVEIII486.TarkovStimulants)
[15:53:44] [INFO] [QuackCore][Info][QuackBuffRegistry.Register] 成功注册 Buff ID: 999108 (TarkovStimulants_Morphine_Buff) (com.LOVEIII486.TarkovStimulants)
[15:53:44] [INFO] [QuackCore][Info][QuackBuffRegistry.Register] 成功注册 Buff ID: 999109 (TarkovStimulants_L1_Buff) (com.LOVEIII486.TarkovStimulants)
[15:53:44] [INFO] [QuackCore][Info][QuackBuffRegistry.Register] 成功注册 Buff ID: 999110 (TarkovStimulants_Stim_3bTG_Buff) (com.LOVEIII486.TarkovStimulants)
[15:53:44] [INFO] [QuackCore][Info][QuackBuffRegistry.Register] 成功注册 Buff ID: 999111 (TarkovStimulants_Perfotoran_Buff) (com.LOVEIII486.TarkovStimulants)
[15:53:44] [INFO] [QuackCore][Info][QuackBuffRegistry.Register] 成功注册 Buff ID: 999112 (TarkovStimulants_Stim_2A2bTG_Buff) (com.LOVEIII486.TarkovStimulants)
[15:53:44] [INFO] [QuackCore][Info][QuackBuffRegistry.Register] 成功注册 Buff ID: 999113 (TarkovStimulants_P22_Buff) (com.LOVEIII486.TarkovStimulants)
[15:53:44] [INFO] [QuackCore][Info][QuackBuffRegistry.Register] 成功注册 Buff ID: 999114 (TarkovStimulants_Obdolbos2_Buff) (com.LOVEIII486.TarkovStimulants)
[15:53:44] [INFO] [QuackCore][Info][QuackBuffRegistry.Register] 成功注册 Buff ID: 999115 (TarkovStimulants_Trimadol_Buff) (com.LOVEIII486.TarkovStimulants)
[15:53:44] [INFO] [QuackCore][Info][QuackBuffRegistry.Register] 成功注册 Buff ID: 999116 (TarkovStimulants_SJ1_Buff) (com.LOVEIII486.TarkovStimulants)
[15:53:44] [INFO] [QuackCore][Info][QuackBuffRegistry.Register] 成功注册 Buff ID: 999117 (TarkovStimulants_Zagustin_Buff) (com.LOVEIII486.TarkovStimulants)
[15:53:44] [INFO] [QuackCore][Info][QuackBuffRegistry.Register] 成功注册 Buff ID: 999118 (TarkovStimulants_SJ9_Buff) (com.LOVEIII486.TarkovStimulants)
[15:53:44] [INFO] [QuackCore][Info][QuackBuffRegistry.Register] 成功注册 Buff ID: 999119 (TarkovStimulants_AHF1M_Buff) (com.LOVEIII486.TarkovStimulants)
[15:53:44] [INFO] [QuackCore][Info][QuackBuffRegistry.Register] 成功注册 Buff ID: 999120 (TarkovStimulants_Obdolbos_Buff) (com.LOVEIII486.TarkovStimulants)
[15:53:44] [INFO] [QuackCore][Info][QuackBuffRegistry.Register] 成功注册 Buff ID: 999121 (TarkovStimulants_PNB_Buff) (com.LOVEIII486.TarkovStimulants)
[15:53:44] [INFO] [QuackCore][Info][QuackBuffRegistry.Register] 成功注册 Buff ID: 999421 (TarkovStimulants_PNB_Buff) (com.LOVEIII486.TarkovStimulants)
[15:53:44] [INFO] [QuackCore][Info][QuackBuffRegistry.Register] 成功注册 Buff ID: 999122 (TarkovStimulants_xTG12_Buff) (com.LOVEIII486.TarkovStimulants)
[15:53:44] [INFO] [QuackCore][Info][QuackBuffRegistry.Register] 成功注册 Buff ID: 999301 (TarkovStimulants_Tremor_Debuff) (com.LOVEIII486.TarkovStimulants)
[15:53:44] [INFO] [QuackCore][Info][QuackBuffRegistry.Register] 成功注册 Buff ID: 999302 (TarkovStimulants_TunnelVision_Debuff) (com.LOVEIII486.TarkovStimulants)
[15:53:44] [INFO] [QuackCore][Info][QuackBuffRegistry.Register] 成功注册 Buff ID: 999303 (TarkovStimulants_InstantDeath_Debuff) (com.LOVEIII486.TarkovStimulants)
[15:53:44] [INFO] [TarkovStimulants][Info][BuffRegistry.RegisterAll] 注册了 28 个 Buff
[15:53:44] [INFO] Start Register custom item: 999001 - eTG-change再生兴奋剂
[15:53:44] [INFO] Registered custom item: 999001 - eTG-change再生兴奋剂
[15:53:44] [INFO] Added crafting formula: formula_eTGc_craft
[15:53:44] [INFO] Start Register custom item: 999002 - SJ12 TGLabs战斗兴奋剂
[15:53:44] [INFO] Registered custom item: 999002 - SJ12 TGLabs战斗兴奋剂
[15:53:44] [INFO] Added crafting formula: formula_SJ12_craft
[15:53:44] [INFO] Start Register custom item: 999003 - Propital
[15:53:44] [INFO] Registered custom item: 999003 - Propital
[15:53:44] [INFO] Added crafting formula: formula_Propital_craft
[15:53:44] [INFO] Start Register custom item: 999004 - SJ6 TGLabs战斗兴奋剂
[15:53:44] [INFO] Registered custom item: 999004 - SJ6 TGLabs战斗兴奋剂
[15:53:44] [INFO] Added crafting formula: formula_SJ6_craft
[15:53:44] [INFO] Start Register custom item: 999005 - M.U.L.E. 兴奋剂
[15:53:44] [INFO] Registered custom item: 999005 - M.U.L.E. 兴奋剂
[15:53:44] [INFO] Added crafting formula: formula_MULE_craft
[15:53:44] [INFO] Start Register custom item: 999006 - 肾上腺素注射器
[15:53:44] [INFO] Registered custom item: 999006 - 肾上腺素注射器
[15:53:44] [INFO] Added crafting formula: formula_Adrenaline_craft
[15:53:44] [INFO] Start Register custom item: 999007 - Meldonin
[15:53:44] [INFO] Registered custom item: 999007 - Meldonin
[15:53:44] [INFO] Added crafting formula: formula_Meldonin_craft
[15:53:44] [INFO] Start Register custom item: 999008 - 吗啡
[15:53:44] [INFO] Registered custom item: 999008 - 吗啡
[15:53:44] [INFO] Added crafting formula: formula_Morphine_craft
[15:53:44] [INFO] Start Register custom item: 999009 - L1（去甲肾上腺素）
[15:53:44] [INFO] Registered custom item: 999009 - L1（去甲肾上腺素）
[15:53:44] [INFO] Start Register custom item: 999010 - 3-(b-TG)兴奋剂
[15:53:44] [INFO] Registered custom item: 999010 - 3-(b-TG)兴奋剂
[15:53:44] [INFO] Start Register custom item: 999011 - 人造血注射器
[15:53:44] [INFO] Registered custom item: 999011 - 人造血注射器
[15:53:44] [INFO] Start Register custom item: 999012 - 2A2-(b-TG)兴奋剂
[15:53:44] [INFO] Registered custom item: 999012 - 2A2-(b-TG)兴奋剂
[15:53:44] [INFO] Added crafting formula: formula_2A2bTG_craft
[15:53:44] [INFO] Start Register custom item: 999013 - P22兴奋剂
[15:53:44] [INFO] Registered custom item: 999013 - P22兴奋剂
[15:53:44] [INFO] Start Register custom item: 999014 - Obdolbos 2
[15:53:44] [INFO] Registered custom item: 999014 - Obdolbos 2
[15:53:44] [INFO] Start Register custom item: 999015 - 曲马多注射器
[15:53:44] [INFO] Registered custom item: 999015 - 曲马多注射器
[15:53:44] [INFO] Start Register custom item: 999016 - SJ1 TGLabs战斗兴奋剂
[15:53:44] [INFO] Registered custom item: 999016 - SJ1 TGLabs战斗兴奋剂
[15:53:44] [INFO] Added crafting formula: formula_SJ1_craft
[15:53:44] [INFO] Start Register custom item: 999017 - Zagustin止血剂
[15:53:44] [INFO] Registered custom item: 999017 - Zagustin止血剂
[15:53:44] [WARNING] Exist Crafting formula: formula_SJ1_craft
[15:53:44] [INFO] Start Register custom item: 999018 - SJ9 TGLabs战斗兴奋剂
[15:53:44] [INFO] Registered custom item: 999018 - SJ9 TGLabs战斗兴奋剂
[15:53:44] [INFO] Start Register custom item: 999019 - AHF1-M兴奋剂
[15:53:44] [INFO] Registered custom item: 999019 - AHF1-M兴奋剂
[15:53:44] [INFO] Start Register custom item: 999020 - Obdolbos 鸡尾酒
[15:53:44] [INFO] Registered custom item: 999020 - Obdolbos 鸡尾酒
[15:53:44] [INFO] Start Register custom item: 999021 - PNB肌肉兴奋剂
[15:53:44] [INFO] Registered custom item: 999021 - PNB肌肉兴奋剂
[15:53:44] [INFO] Start Register custom item: 999022 - xTG-12解毒针
[15:53:44] [INFO] Registered custom item: 999022 - xTG-12解毒针
[15:53:44] [INFO] Start Register custom item: 999050 - Omega 针剂收纳盒
[15:53:44] [INFO] Registered custom item: 999050 - Omega 针剂收纳盒
[15:53:44] [INFO] Start Register custom item: 999051 - 战术自动注射盒
[15:53:44] [INFO] Registered custom item: 999051 - 战术自动注射盒
[15:53:44] [INFO] [TarkovStimulants][Info][ItemRegistry.RegisterAll] 注册了 24 个物品。
[15:53:44] [INFO] [FML] Registered quest: Quest_InjectorCase_Name (ID: 999001) from mod: com.LOVEIII486.TarkovStimulants
[15:53:44] [INFO] [FML] Registered quest: Quest_AutoStimCase_Name (ID: 999002) from mod: com.LOVEIII486.TarkovStimulants
[15:53:44] [INFO] [TarkovStimulants][Info][QuestRegistry.RegisterAll] 注册了 2 个自定义任务。
[15:53:44] [INFO] ModActive_LootboxItemDisplay: True
[15:53:44] [INFO] Loading mod dll at path: D:\SteamLibrary\steamapps\workshop\content\3167020\3597621302\LootboxItemDisplay.dll
[15:53:44] [INFO] [ModConfig_v1] 找到 ModConfig 相关程序集: ModConfig, Version=1.0.0.0, Culture=neutral, PublicKeyToken=null
[15:53:44] [INFO] [ModConfig_v1] 在程序集 ModConfig, Version=1.0.0.0, Culture=neutral, PublicKeyToken=null 中找到类型 ModConfig.ModBehaviour
[15:53:44] [INFO] [ModConfig_v1] 找到 ModConfig 相关程序集: ModConfig, Version=1.0.0.0, Culture=neutral, PublicKeyToken=null
[15:53:44] [INFO] [ModConfig_v1] 在程序集 ModConfig, Version=1.0.0.0, Culture=neutral, PublicKeyToken=null 中找到类型 ModConfig.OptionsManager_Mod
[15:53:44] [INFO] [ModConfig_v1] 版本检查通过: 1
[15:53:44] [INFO] [ModConfig_v1] ModConfigAPI 初始化成功
[15:53:44] [INFO] [LootboxItemDisplay] ModConfig 已可用
[15:53:44] [INFO] [LootboxConfig] 开始注册 ModConfig
[15:53:44] [INFO] 配置项已加入队列，等待mod菜单初始化。当前队列长度: 2
[15:53:44] [INFO] [ModConfig_v1] 成功添加滑条输入框: LootboxItemDisplay.LootboxItemDisplay_detectionRadius
[15:53:44] [INFO] 配置项已加入队列，等待mod菜单初始化。当前队列长度: 3
[15:53:44] [INFO] [ModConfig_v1] 成功添加滑条输入框: LootboxItemDisplay.LootboxItemDisplay_detectionInterval
[15:53:44] [INFO] 配置项已加入队列，等待mod菜单初始化。当前队列长度: 4
[15:53:44] [INFO] [ModConfig_v1] 成功添加布尔下拉列表: LootboxItemDisplay.LootboxItemDisplay_showPetInventory
[15:53:44] [INFO] 配置项已加入队列，等待mod菜单初始化。当前队列长度: 5
[15:53:44] [INFO] [ModConfig_v1] 成功添加布尔下拉列表: LootboxItemDisplay.LootboxItemDisplay_showPlayerStorage
[15:53:44] [INFO] 配置项已加入队列，等待mod菜单初始化。当前队列长度: 6
[15:53:44] [INFO] [ModConfig_v1] 成功添加布尔下拉列表: LootboxItemDisplay.LootboxItemDisplay_showLootboxItems
[15:53:44] [INFO] 配置项已加入队列，等待mod菜单初始化。当前队列长度: 7
[15:53:44] [INFO] [ModConfig_v1] 成功添加布尔下拉列表: LootboxItemDisplay.LootboxItemDisplay_showPickupItems
[15:53:44] [INFO] 配置项已加入队列，等待mod菜单初始化。当前队列长度: 8
[15:53:44] [INFO] [ModConfig_v1] 成功添加布尔下拉列表: LootboxItemDisplay.LootboxItemDisplay_showHighestValueItem
[15:53:44] [INFO] 配置项已加入队列，等待mod菜单初始化。当前队列长度: 9
[15:53:44] [INFO] [ModConfig_v1] 成功添加布尔下拉列表: LootboxItemDisplay.LootboxItemDisplay_showItemIcons
[15:53:44] [INFO] 配置项已加入队列，等待mod菜单初始化。当前队列长度: 10
[15:53:44] [INFO] [ModConfig_v1] 成功添加滑条输入框: LootboxItemDisplay.LootboxItemDisplay_toggleKey
[15:53:44] [INFO] 配置项已加入队列，等待mod菜单初始化。当前队列长度: 11
[15:53:44] [INFO] [ModConfig_v1] 成功添加滑条输入框: LootboxItemDisplay.LootboxItemDisplay_highValueToggleKey
[15:53:44] [INFO] 配置项已加入队列，等待mod菜单初始化。当前队列长度: 12
[15:53:44] [INFO] [ModConfig_v1] 成功添加滑条输入框: LootboxItemDisplay.LootboxItemDisplay_panelWidth
[15:53:44] [INFO] 配置项已加入队列，等待mod菜单初始化。当前队列长度: 13
[15:53:44] [INFO] [ModConfig_v1] 成功添加滑条输入框: LootboxItemDisplay.LootboxItemDisplay_panelHeight
[15:53:44] [INFO] 配置项已加入队列，等待mod菜单初始化。当前队列长度: 14
[15:53:44] [INFO] [ModConfig_v1] 成功添加滑条输入框: LootboxItemDisplay.LootboxItemDisplay_highValuePanelOpacity
[15:53:44] [INFO] 配置项已加入队列，等待mod菜单初始化。当前队列长度: 15
[15:53:44] [INFO] [ModConfig_v1] 成功添加滑条输入框: LootboxItemDisplay.LootboxItemDisplay_titleFontSize
[15:53:44] [INFO] 配置项已加入队列，等待mod菜单初始化。当前队列长度: 16
[15:53:44] [INFO] [ModConfig_v1] 成功添加滑条输入框: LootboxItemDisplay.LootboxItemDisplay_lootboxTitleFontSize
[15:53:44] [INFO] 配置项已加入队列，等待mod菜单初始化。当前队列长度: 17
[15:53:44] [INFO] [ModConfig_v1] 成功添加滑条输入框: LootboxItemDisplay.LootboxItemDisplay_itemFontSize
[15:53:44] [INFO] 配置项已加入队列，等待mod菜单初始化。当前队列长度: 18
[15:53:44] [INFO] [ModConfig_v1] 成功添加滑条输入框: LootboxItemDisplay.LootboxItemDisplay_statsFontSize
[15:53:44] [INFO] 配置项已加入队列，等待mod菜单初始化。当前队列长度: 19
[15:53:44] [INFO] [ModConfig_v1] 成功添加滑条输入框: LootboxItemDisplay.LootboxItemDisplay_scrollSensitivity
[15:53:44] [INFO] 配置项已加入队列，等待mod菜单初始化。当前队列长度: 20
[15:53:44] [INFO] [ModConfig_v1] 成功添加滑条输入框: LootboxItemDisplay.LootboxItemDisplay_layoutSpacing
[15:53:44] [INFO] 配置项已加入队列，等待mod菜单初始化。当前队列长度: 21
[15:53:44] [INFO] [ModConfig_v1] 成功添加布尔下拉列表: LootboxItemDisplay.LootboxItemDisplay_debugMode
[15:53:44] [INFO] [LootboxConfig] ModConfig 注册完成
[15:53:44] [INFO] [ModConfig_v1] 成功加载配置: LootboxItemDisplay_detectionRadius = 5
[15:53:44] [INFO] [ModConfig_v1] 成功加载配置: LootboxItemDisplay_detectionInterval = 0.2
[15:53:44] [INFO] [ModConfig_v1] 成功加载配置: LootboxItemDisplay_showPetInventory = False
[15:53:44] [INFO] [ModConfig_v1] 成功加载配置: LootboxItemDisplay_showPlayerStorage = True
[15:53:44] [INFO] [ModConfig_v1] 成功加载配置: LootboxItemDisplay_showLootboxItems = True
[15:53:44] [INFO] [ModConfig_v1] 成功加载配置: LootboxItemDisplay_showPickupItems = True
[15:53:44] [INFO] [ModConfig_v1] 成功加载配置: LootboxItemDisplay_showHighestValueItem = True
[15:53:44] [INFO] [ModConfig_v1] 成功加载配置: LootboxItemDisplay_showItemIcons = True
[15:53:44] [INFO] [ModConfig_v1] 成功加载配置: LootboxItemDisplay_toggleKey = F3
[15:53:44] [INFO] [ModConfig_v1] 成功加载配置: LootboxItemDisplay_highValueToggleKey = F4
[15:53:44] [INFO] [ModConfig_v1] 成功加载配置: LootboxItemDisplay_panelWidth = 380
[15:53:44] [INFO] [ModConfig_v1] 成功加载配置: LootboxItemDisplay_panelHeight = 600
[15:53:44] [INFO] [ModConfig_v1] 成功加载配置: LootboxItemDisplay_highValuePanelOpacity = 0.9
[15:53:44] [INFO] [ModConfig_v1] 成功加载配置: LootboxItemDisplay_titleFontSize = 20
[15:53:44] [INFO] [ModConfig_v1] 成功加载配置: LootboxItemDisplay_lootboxTitleFontSize = 18
[15:53:44] [INFO] [ModConfig_v1] 成功加载配置: LootboxItemDisplay_itemFontSize = 15
[15:53:44] [INFO] [ModConfig_v1] 成功加载配置: LootboxItemDisplay_statsFontSize = 13
[15:53:44] [INFO] [ModConfig_v1] 成功加载配置: LootboxItemDisplay_scrollSensitivity = 20
[15:53:44] [INFO] [ModConfig_v1] 成功加载配置: LootboxItemDisplay_layoutSpacing = 8
[15:53:44] [INFO] [ModConfig_v1] 成功加载配置: LootboxItemDisplay_debugMode = False
[15:53:44] [INFO] Mod Loaded: LootboxItemDisplay
[15:53:44] [INFO] [LootboxItemDisplay] Mod 启动
[15:53:44] [INFO] [LootboxUIPanel] UI 创建成功
[15:53:44] [INFO] [LootboxItemDisplay] Mod 初始化完成
[15:53:44] [INFO] ModActive_MoreTotem: True
[15:53:44] [INFO] Loading mod dll at path: D:\SteamLibrary\steamapps\workshop\content\3167020\3599442514\MoreTotem.dll
[15:53:44] [INFO] MoreTotem Loaded
[15:53:45] [INFO] [MoreTotem] Harmony patches applied
[15:53:45] [INFO] Mod Loaded: MoreTotem
[15:53:45] [INFO] ModActive_MSA: True
[15:53:45] [INFO] Loading mod dll at path: D:\SteamLibrary\steamapps\workshop\content\3167020\3661816441\MSA.dll
[15:53:45] [INFO] Mod Loaded: MSA
[15:53:45] [INFO] [Custom2A90] Mod initialized!
[15:53:45] [INFO] [ItemLoader] Initialized
[15:53:45] [INFO] [BulletLoader] 弹药加载器初始化完成
[15:53:45] [INFO] [RecipeLoader] Initialized
[15:53:45] [INFO] [Custom2A90] Services initialized
[15:53:45] [INFO] [Custom2A90] Loading content from: D:\SteamLibrary\steamapps\workshop\content\3167020\3661816441
[15:53:45] [INFO] [BulletLoader] 正在扫描目录中的弹药配置: D:\SteamLibrary\steamapps\workshop\content\3167020\3661816441
[15:53:45] [INFO] [BulletLoader] 找到 0 个弹药配置文件:
[15:53:45] [WARNING] [BulletLoader] 未找到 '*bullets.yaml' 文件
[15:53:45] [INFO] [ItemLoader] Scanning for items in: D:\SteamLibrary\steamapps\workshop\content\3167020\3661816441
[15:53:45] [WARNING] [ItemLoader] No '*items.yaml' files found
[15:53:45] [INFO] ModActive_PLAWeaponExpand: True
[15:53:45] [INFO] Loading mod dll at path: D:\SteamLibrary\steamapps\workshop\content\3167020\3617124759\PLAWeaponExpand.dll
[15:53:45] [INFO] Mod Loaded: PLAWeaponExpand
[15:53:45] [INFO] [ModPathResolver] Registered mod 'PLAWeaponExpand' path: D:\SteamLibrary\steamapps\workshop\content\3167020\3617124759\PLAWeaponExpand.dll
[15:53:46] [INFO] Loaded AssetBundle dragon from D:\SteamLibrary\steamapps\workshop\content\3167020\3617124759\assets/bundle/dragon.
[15:53:46] [INFO] [ShaderReplacer] Bundle 'dragon': replaced 13, skipped 9 URP built-in.
[15:53:46] [INFO] Registered custom item: 95601 - 95式自动步枪
[15:53:46] [INFO] [ShaderReplacer] Bundle 'dragon': replaced 13, skipped 9 URP built-in.
[15:53:46] [INFO] Registered custom item: 95602 - 95式班用机枪
[15:53:46] [INFO] [ShaderReplacer] Bundle 'dragon': replaced 13, skipped 9 URP built-in.
[15:53:46] [INFO] Registered custom item: 95603 - 09式军用散弹枪
[15:53:46] [INFO] [ShaderReplacer] Bundle 'dragon': replaced 13, skipped 9 URP built-in.
[15:53:46] [INFO] Registered custom item: 95604 - 10式狙击步枪
[15:53:46] [INFO] [ShaderReplacer] Bundle 'dragon': replaced 13, skipped 9 URP built-in.
[15:53:46] [INFO] Registered custom item: 95605 - 88式狙击步枪
[15:53:46] [INFO] [ShaderReplacer] Bundle 'dragon': replaced 13, skipped 9 URP built-in.
[15:53:46] [INFO] Registered custom item: 95606 - 05式微声冲锋枪
[15:53:46] [INFO] [ShaderReplacer] Bundle 'dragon': replaced 13, skipped 9 URP built-in.
[15:53:46] [INFO] Registered custom item: 95613 - 192式短突击步枪
[15:53:46] [INFO] [ShaderReplacer] Bundle 'dragon': replaced 13, skipped 9 URP built-in.
[15:53:46] [INFO] Registered custom item: 95615 - 171轻型冲锋枪
[15:53:46] [INFO] [ShaderReplacer] Bundle 'dragon': replaced 13, skipped 9 URP built-in.
[15:53:46] [INFO] Registered custom item: 95614 - 22式自动散弹枪
[15:53:46] [INFO] [ShaderReplacer] Bundle 'dragon': replaced 13, skipped 9 URP built-in.
[15:53:46] [INFO] Registered custom item: 95612 - 20-1式班用机枪
[15:53:46] [INFO] [ShaderReplacer] Bundle 'dragon': replaced 13, skipped 9 URP built-in.
[15:53:46] [INFO] Registered custom item: 95616 - 11式狙击榴弹发射器
[15:53:46] [INFO] Registered custom item: 95607 - 蓝图：95式自动步枪
[15:53:46] [INFO] Registered custom item: 95608 - 蓝图：95式班用机枪
[15:53:46] [INFO] Registered custom item: 95609 - 蓝图：09式军用散弹枪
[15:53:46] [INFO] Registered custom item: 95610 - 05式微声冲锋枪
[15:53:46] [INFO] Registered custom item: 95618 - 蓝图：192式短突击步枪
[15:53:46] [INFO] Registered custom item: 95619 - 蓝图：171轻型冲锋枪
[15:53:46] [INFO] Registered custom item: 95611 - 钨钢弹头霰弹枪模组
[15:53:46] [INFO] Registered custom item: 95620 - Y/MJL11-005型光电瞄准镜
[15:53:46] [INFO] Registered custom item: 95617 - 破甲榴弹
[15:53:46] [INFO] [FML] Registered quest: PLAWE_First (ID: 1010) from mod: PLAWeaponExpand (identifier: PLAWeaponExpand:first)
[15:53:46] [INFO] [FML] Registered quest: PLAWE_Farm (ID: 1011) from mod: PLAWeaponExpand (identifier: PLAWeaponExpand:farm)
[15:53:46] [INFO] [FML] Registered quest: PLAWE_Guns (ID: 1012) from mod: PLAWeaponExpand (identifier: PLAWeaponExpand:guns)
[15:53:46] [INFO] [FML] Registered quest: PLAWE_Last (ID: 1013) from mod: PLAWeaponExpand (identifier: PLAWeaponExpand:last)
[15:53:46] [INFO] [FML] Registered quest: PLAWE_NextGenAR (ID: 1014) from mod: PLAWeaponExpand (identifier: PLAWeaponExpand:nextgen_ar)
[15:53:46] [INFO] [FML] Registered quest: PLAWE_NextGenSHT (ID: 1015) from mod: PLAWeaponExpand (identifier: PLAWeaponExpand:nextgen_sht)
[15:53:46] [INFO] [FML] Registered quest: PLAWE_NextGenSMG (ID: 1016) from mod: PLAWeaponExpand (identifier: PLAWeaponExpand:nextgen_smg)
[15:53:46] [INFO] [FML] Registered quest: PLAWE_Heavy (ID: 1017) from mod: PLAWeaponExpand (identifier: PLAWeaponExpand:heavy_fire)
[15:53:46] [INFO] Added crafting formula: plawe_qbz95 (identifier: PLAWeaponExpand:plawe_qbz95)
[15:53:46] [INFO] Added crafting formula: plawe_qbb95 (identifier: PLAWeaponExpand:plawe_qbb95)
[15:53:46] [INFO] Added crafting formula: plawe_qbs09 (identifier: PLAWeaponExpand:plawe_qbs09)
[15:53:46] [INFO] Added crafting formula: plawe_qcw05 (identifier: PLAWeaponExpand:plawe_qcw05)
[15:53:46] [INFO] Added crafting formula: plawe_qbz192 (identifier: PLAWeaponExpand:plawe_qbz192)
[15:53:46] [INFO] Added crafting formula: plawe_qcq171 (identifier: PLAWeaponExpand:plawe_qcq171)
[15:53:46] [INFO] Added decompose: 95601 (identifier: PLAWeaponExpand:decompose_qbz95)
[15:53:46] [INFO] Added decompose: 95602 (identifier: PLAWeaponExpand:decompose_qbb95)
[15:53:46] [INFO] Added decompose: 95603 (identifier: PLAWeaponExpand:decompose_qbs09)
[15:53:46] [INFO] Added decompose: 95604 (identifier: PLAWeaponExpand:decompose_qbu10)
[15:53:46] [INFO] Added decompose: 95605 (identifier: PLAWeaponExpand:decompose_qbu88)
[15:53:46] [INFO] Added decompose: 95606 (identifier: PLAWeaponExpand:decompose_qcw05)
[15:53:46] [INFO] Added decompose: 95613 (identifier: PLAWeaponExpand:decompose_qbz192)
[15:53:46] [INFO] Added decompose: 95615 (identifier: PLAWeaponExpand:decompose_qcq171)
[15:53:46] [INFO] Added decompose: 95614 (identifier: PLAWeaponExpand:decompose_qba221)
[15:53:46] [INFO] Added decompose: 95612 (identifier: PLAWeaponExpand:decompose_qjb201)
[15:53:46] [INFO] Added decompose: 95616 (identifier: PLAWeaponExpand:decompose_qlu11)
[15:53:46] [INFO] [FML] LotteryBox: registered injection 'LotteryBox_Guns*' <- typeID=95601 weight=1.00 mod=FeatherMod
[15:53:46] [INFO] [FML] LotteryBox: registered injection 'LotteryBox_Guns*' <- typeID=95602 weight=1.00 mod=FeatherMod
[15:53:46] [INFO] [FML] LotteryBox: registered injection 'LotteryBox_Guns*' <- typeID=95603 weight=1.00 mod=FeatherMod
[15:53:46] [INFO] [FML] LotteryBox: registered injection 'LotteryBox_Guns*' <- typeID=95604 weight=1.00 mod=FeatherMod
[15:53:46] [INFO] [FML] LotteryBox: registered injection 'LotteryBox_Guns*' <- typeID=95605 weight=1.00 mod=FeatherMod
[15:53:46] [INFO] [FML] LotteryBox: registered injection 'LotteryBox_Guns*' <- typeID=95606 weight=1.00 mod=FeatherMod
[15:53:46] [INFO] [FML] LotteryBox: registered injection 'LotteryBox_Guns*' <- typeID=95613 weight=1.00 mod=FeatherMod
[15:53:46] [INFO] [FML] LotteryBox: registered injection 'LotteryBox_Guns*' <- typeID=95615 weight=1.00 mod=FeatherMod
[15:53:46] [INFO] [FML] LotteryBox: registered injection 'LotteryBox_Guns*' <- typeID=95614 weight=1.00 mod=FeatherMod
[15:53:46] [INFO] [FML] LotteryBox: registered injection 'LotteryBox_Guns*' <- typeID=95612 weight=1.00 mod=FeatherMod
[15:53:46] [INFO] [FML] LotteryBox: registered injection 'LotteryBox_Guns*' <- typeID=95616 weight=1.00 mod=FeatherMod
[15:53:46] [INFO] [FML] WeaponInjection: preset='Cname_Usec*' weapon=95601 chance=0.20 mod=FeatherMod
[15:53:46] [INFO] [FML] WeaponInjection: preset='Cname_Usec*' weapon=95603 chance=0.20 mod=FeatherMod
[15:53:46] [INFO] [FML] WeaponInjection: preset='Cname_Raider*' weapon=95601 chance=0.35 mod=FeatherMod
[15:53:46] [INFO] [FML] WeaponInjection: preset='Cname_Raider*' weapon=95606 chance=0.25 mod=FeatherMod
[15:53:46] [INFO] ModActive_YABetterReload: True
[15:53:46] [INFO] Loading mod dll at path: D:\SteamLibrary\steamapps\workshop\content\3167020\3634058107\YABetterReload.dll
[15:53:46] [INFO] YABetterReload: Awake - Mod is loading.
[15:53:46] [INFO] YABetterReload: Harmony Patches Applied Successfully
[15:53:46] [INFO] YABetterReload: Patched -> System.Boolean ItemSetting_Gun::AutoSetTypeInInventory(ItemStatsSystem.Inventory inventory)
[15:53:46] [INFO] YABetterReload: Patched -> System.Void BulletCountHUD::Update()
[15:53:46] [INFO] YABetterReload: Patched -> System.Int32 ItemSetting_Gun::GetBulletCountofTypeInInventory(System.Int32 bulletItemTypeID, ItemStatsSystem.Inventory inventory)
[15:53:46] [INFO] YABetterReload: Patched -> System.Collections.Generic.Dictionary`2<System.Int32, BulletTypeInfo> ItemSetting_Gun::GetBulletTypesInInventory(ItemStatsSystem.Inventory inventory)
[15:53:46] [INFO] YABetterReload: Patched -> static Cysharp.Threading.Tasks.UniTask`1<System.Collections.Generic.List`1<ItemStatsSystem.Item>> ItemExtensions::GetItemsOfAmount(ItemStatsSystem.Inventory inventory, System.Int32 itemTypeID, System.Int32 amount)
[15:53:46] [INFO] YABetterReload: Harmony patched a total of 5 methods.
[15:53:46] [INFO] YABetterReload: Unsubscribe inventory change events
[15:53:46] [INFO] YABetterReload: Subscribe inventory change events
[15:53:46] [INFO] YABetterReload: OnEnable - Enable mod and apply patches successfully.
[15:53:46] [INFO] Mod Loaded: YABetterReload
[15:53:46] [INFO] ModActive_TopTierWeaponExpansion: True
[15:53:46] [INFO] Loading mod dll at path: D:\SteamLibrary\steamapps\workshop\content\3167020\3634078039\TopTierWeaponExpansion.dll
[15:53:46] [INFO] Mod Loaded: TopTierWeaponExpansion
[15:53:46] [INFO] [ModPathResolver] Registered mod 'TopTierWeaponExpansion' path: D:\SteamLibrary\steamapps\workshop\content\3167020\3634078039\TopTierWeaponExpansion.dll
[15:53:47] [INFO] Loaded AssetBundle toptier from D:\SteamLibrary\steamapps\workshop\content\3167020\3634078039\assets/bundle/toptier.
[15:53:47] [INFO] [ShaderReplacer] Bundle 'toptier': replaced 11, skipped 15 URP built-in.
[15:53:47] [INFO] Registered custom item: 95801 - Saiga-12K
[15:53:47] [INFO] [ShaderReplacer] Bundle 'toptier': replaced 11, skipped 15 URP built-in.
[15:53:47] [INFO] Registered custom item: 95802 - AA-12 Gen 1
[15:53:47] [INFO] [ShaderReplacer] Bundle 'toptier': replaced 11, skipped 15 URP built-in.
[15:53:47] [INFO] Registered custom item: 95803 - SCAR-L
[15:53:47] [INFO] [ShaderReplacer] Bundle 'toptier': replaced 11, skipped 15 URP built-in.
[15:53:47] [INFO] Registered custom item: 95804 - P90
[15:53:47] [INFO] [ShaderReplacer] Bundle 'toptier': replaced 11, skipped 15 URP built-in.
[15:53:47] [INFO] Registered custom item: 95805 - ASh-12 纪念款
[15:53:47] [INFO] [ShaderReplacer] Bundle 'toptier': replaced 11, skipped 15 URP built-in.
[15:53:47] [INFO] Registered custom item: 95806 - MG338
[15:53:47] [INFO] [ShaderReplacer] Bundle 'toptier': replaced 11, skipped 15 URP built-in.
[15:53:47] [INFO] Registered custom item: 95807 - SCAR-H
[15:53:47] [INFO] [ShaderReplacer] Bundle 'toptier': replaced 11, skipped 15 URP built-in.
[15:53:47] [INFO] Registered custom item: 95808 - VKS
[15:53:47] [INFO] [ShaderReplacer] Bundle 'toptier': replaced 11, skipped 15 URP built-in.
[15:53:47] [INFO] Registered custom item: 95814 - 连发式榴弹发射器
[15:53:47] [INFO] Registered custom item: 95815 - 40mm高爆榴弹
[15:53:47] [INFO] Registered custom item: 95810 - 蓝图：P90
[15:53:47] [INFO] Registered custom item: 95811 - 蓝图：SCAR-L
[15:53:47] [INFO] Registered custom item: 95812 - 蓝图：SCAR-H
[15:53:47] [INFO] [FML] Registered quest: TWEQuest_RUS (ID: 1018) from mod: TopTierWeaponExpansion (identifier: TopTierWeaponExpansion:quest_rus)
[15:53:47] [INFO] [FML] Registered quest: TWEQuest_SCAR (ID: 1019) from mod: TopTierWeaponExpansion (identifier: TopTierWeaponExpansion:quest_scar)
[15:53:47] [INFO] [FML] Registered quest: TWEQuest_P90 (ID: 1020) from mod: TopTierWeaponExpansion (identifier: TopTierWeaponExpansion:quest_p90)
[15:53:47] [INFO] [FML] Registered quest: TWEQuest_BEST (ID: 1021) from mod: TopTierWeaponExpansion (identifier: TopTierWeaponExpansion:quest_best)
[15:53:47] [INFO] Added crafting formula: p90_crafting (identifier: TopTierWeaponExpansion:p90_crafting)
[15:53:47] [INFO] Added crafting formula: scar_l_crafting (identifier: TopTierWeaponExpansion:scar_l_crafting)
[15:53:47] [INFO] Added crafting formula: scar_h_crafting (identifier: TopTierWeaponExpansion:scar_h_crafting)
[15:53:47] [INFO] Added decompose: 95801 (identifier: TopTierWeaponExpansion:decompose_s12k)
[15:53:47] [INFO] Added decompose: 95802 (identifier: TopTierWeaponExpansion:decompose_aa12)
[15:53:47] [INFO] Added decompose: 95803 (identifier: TopTierWeaponExpansion:decompose_scar_l)
[15:53:47] [INFO] Added decompose: 95804 (identifier: TopTierWeaponExpansion:decompose_p90)
[15:53:47] [INFO] Added decompose: 95805 (identifier: TopTierWeaponExpansion:decompose_ash12)
[15:53:47] [INFO] Added decompose: 95806 (identifier: TopTierWeaponExpansion:decompose_mg338)
[15:53:47] [INFO] Added decompose: 95807 (identifier: TopTierWeaponExpansion:decompose_scar_h)
[15:53:47] [INFO] Added decompose: 95808 (identifier: TopTierWeaponExpansion:decompose_vks)
[15:53:47] [INFO] [FML] LotteryBox: registered injection 'LotteryBox_Guns' <- typeID=95801 weight=1.00 mod=FeatherMod
[15:53:47] [INFO] [FML] LotteryBox: registered injection 'LotteryBox_Guns' <- typeID=95802 weight=1.00 mod=FeatherMod
[15:53:47] [INFO] [FML] LotteryBox: registered injection 'LotteryBox_Guns' <- typeID=95803 weight=1.00 mod=FeatherMod
[15:53:47] [INFO] [FML] LotteryBox: registered injection 'LotteryBox_Guns' <- typeID=95804 weight=1.00 mod=FeatherMod
[15:53:47] [INFO] [FML] LotteryBox: registered injection 'LotteryBox_Guns' <- typeID=95805 weight=1.00 mod=FeatherMod
[15:53:47] [INFO] [FML] LotteryBox: registered injection 'LotteryBox_Guns' <- typeID=95806 weight=1.00 mod=FeatherMod
[15:53:47] [INFO] [FML] LotteryBox: registered injection 'LotteryBox_Guns' <- typeID=95807 weight=1.00 mod=FeatherMod
[15:53:47] [INFO] [FML] LotteryBox: registered injection 'LotteryBox_Guns' <- typeID=95808 weight=1.00 mod=FeatherMod
[15:53:47] [INFO] [FML] LotteryBox: registered injection 'LotteryBox_Guns' <- typeID=95814 weight=1.00 mod=FeatherMod
[15:53:47] [INFO] [FML] WeaponInjection: preset='Cname_Usec*' weapon=95804 chance=0.20 mod=FeatherMod
[15:53:47] [INFO] [FML] WeaponInjection: preset='Cname_Raider*' weapon=95804 chance=0.30 mod=FeatherMod
[15:53:47] [INFO] [FML] WeaponInjection: preset='Cname_Usec*' weapon=95803 chance=0.20 mod=FeatherMod
[15:53:47] [INFO] [FML] WeaponInjection: preset='Cname_Raider*' weapon=95803 chance=0.30 mod=FeatherMod
[15:53:47] [INFO] [FML] WeaponInjection: preset='Cname_Usec*' weapon=95807 chance=0.20 mod=FeatherMod
[15:53:47] [INFO] [FML] WeaponInjection: preset='Cname_Raider*' weapon=95807 chance=0.30 mod=FeatherMod
[15:53:47] [INFO] [FML] WeaponInjection: preset='Cname_Usec*' weapon=95802 chance=0.20 mod=FeatherMod
[15:53:47] [INFO] [FML] WeaponInjection: preset='Cname_Raider*' weapon=95802 chance=0.30 mod=FeatherMod
[15:53:47] [INFO] [FML] WeaponInjection: preset='Cname_Usec*' weapon=95801 chance=0.20 mod=FeatherMod
[15:53:47] [INFO] [FML] WeaponInjection: preset='Cname_Raider*' weapon=95801 chance=0.30 mod=FeatherMod
[15:53:47] [INFO] TopTierWeaponExpansion loaded. Presented by Zaia
[15:53:47] [INFO] ModActive_TriangleDuckAttachmentExpansion: True
[15:53:47] [INFO] Loading mod dll at path: D:\SteamLibrary\steamapps\workshop\content\3167020\3596818981\TriangleDuckAttachmentExpansion.dll
[15:53:47] [INFO] Mod Loaded: TriangleDuckAttachmentExpansion
[15:53:47] [INFO] [TDAE] 开始初始化所有系统...
[15:53:47] [INFO] [TDAE] 创建了(单例) TriangleDuckAttachmentExpansion.Systems.UserSettingSystem (UnityEngine.GameObject) 并设置为跨场景不销毁。
[15:53:47] [INFO] [TDAE] 用户设置系统加载完毕
[15:53:47] [INFO] [TDAE] 创建了(单例) TriangleDuckAttachmentExpansion.Managers.LanguageManager (UnityEngine.GameObject) 并设置为跨场景不销毁。
[15:53:47] [INFO] [TDAE] 本地化系统初始化...
[15:53:47] [INFO] [TDAE] 加载 ChineseSimplified 翻译: 588 条
[15:53:47] [INFO] [TDAE] 本地化系统初始化完成
[15:53:47] [INFO] [TDAE] 创建了(单例) TriangleDuckAttachmentExpansion.Managers.ConfigManager (UnityEngine.GameObject) 并设置为跨场景不销毁。
[15:53:47] [INFO] [TDAE] 配置加载完成，总数: 263
[15:53:47] [INFO] [TDAE] 创建了(单例) TriangleDuckAttachmentExpansion.Systems.StorageSystem (UnityEngine.GameObject) 并设置为跨场景不销毁。
[15:53:47] [INFO] [TDAE] 创建了(单例) TriangleDuckAttachmentExpansion.Systems.EventSystem (UnityEngine.GameObject) 并设置为跨场景不销毁。
[15:53:47] [INFO] [TDAE] 存储系统初始化完毕
[15:53:47] [INFO] [TDAE] 创建了(单例) TriangleDuckAttachmentExpansion.Managers.TagManager (UnityEngine.GameObject) 并设置为跨场景不销毁。
[15:53:47] [INFO] [TDAE] 标签管理系统初始化完成
[15:53:47] [INFO] [TDAE] 创建了(单例) TriangleDuckAttachmentExpansion.Systems.OriginalItemResetSystem (UnityEngine.GameObject) 并设置为跨场景不销毁。
[15:53:47] [INFO] [TDAE] 事件系统初始化完成
[15:53:47] [INFO] [TDAE] 原物品属性重置系统初始化完成
[15:53:47] [INFO] [TDAE] 创建了(单例) TriangleDuckAttachmentExpansion.Systems.MerchantSystem (UnityEngine.GameObject) 并设置为跨场景不销毁。
[15:53:47] [INFO] [TDAE] 商店系统初始化完成
[15:53:47] [INFO] [TDAE] 创建了(单例) TriangleDuckAttachmentExpansion.Systems.WeaponSystem (UnityEngine.GameObject) 并设置为跨场景不销毁。
[15:53:47] [INFO] [TDAE]事件处理器注册完成
[15:53:47] [INFO] [TDAE]输入系统初始化完成
[15:53:47] [INFO] [TDAE]武器系统初始化完成
[15:53:47] [INFO] [TDAE] 创建了(单例) TriangleDuckAttachmentExpansion.Systems.CharacterSystem (UnityEngine.GameObject) 并设置为跨场景不销毁。
[15:53:47] [INFO] [TDAE] 技能注册成功: 外骨骼 (ID: Exoskeleton)
[15:53:47] [INFO] [TDAE] 技能注册成功: 声波震慑 (ID: AcousticShockWave)
[15:53:47] [INFO] [TDAE] 输入系统初始化完成
[15:53:47] [INFO] [TDAE] 角色系统初始化完成
[15:53:47] [INFO] [TDAE] 创建了(单例) TriangleDuckAttachmentExpansion.Systems.SpecialItemSystem (UnityEngine.GameObject) 并设置为跨场景不销毁。
[15:53:47] [INFO] [TDAE] 特殊物品系统初始化完成
[15:53:47] [INFO] [TDAE] 创建了(单例) TriangleDuckAttachmentExpansion.Systems.CraftingSystem (UnityEngine.GameObject) 并设置为跨场景不销毁。
[15:53:47] [INFO] [TDAE] 配方管理系统初始化完成
[15:53:47] [INFO] [TDAE] 创建了(单例) TriangleDuckAttachmentExpansion.Systems.SlotSystem (UnityEngine.GameObject) 并设置为跨场景不销毁。
[15:53:47] [INFO] [TDAE] 物品槽位系统初始化完成
[15:53:47] [INFO] [TDAE] 创建了(单例) TriangleDuckAttachmentExpansion.Systems.ItemCreationSystem (UnityEngine.GameObject) 并设置为跨场景不销毁。
[15:53:47] [INFO] [TDAE] 创建成功: DT MDR-762 改进型 ID:10101
[15:53:47] [INFO] [TDAE] 创建成功: VSS 改进型 ID:10102
[15:53:47] [INFO] [TDAE] 创建成功: M14 EBR ID:10103
[15:53:47] [INFO] [TDAE] 创建成功: M7 [NEX] ID:10104
[15:53:47] [INFO] [TDAE] 创建成功: RPK 改进型 ID:10105
[15:53:47] [INFO] [TDAE] 创建成功: AS Val 改进型 ID:10106
[15:53:47] [INFO] [TDAE] 创建成功: 火麒麟 [NEX] ID:10107
[15:53:47] [INFO] [TDAE] 创建成功: MP5 [NEX] ID:10108
[15:53:47] [INFO] [TDAE] 创建成功: AWM [NEX] ID:10109
[15:53:47] [INFO] [TDAE] 创建成功: MP-155 ULTIMA 改进型 ID:10110
[15:53:47] [INFO] [TDAE] 创建成功: M700 改进型 ID:10111
[15:53:47] [INFO] [TDAE] 创建成功: 马卡洛夫全自动手枪 ID:10112
[15:53:47] [INFO] [TDAE] 创建成功: 黑商之鹰 ID:10113
[15:53:47] [INFO] [TDAE] 创建成功: 风暴枪 改进型 ID:10114
[15:53:47] [INFO] [TDAE] 创建成功: M107 改进型 ID:10115
[15:53:47] [INFO] [TDAE] 创建成功: MP7 改进型 ID:10116
[15:53:47] [INFO] [TDAE] 创建成功: UZI 改进型 ID:10117
[15:53:47] [INFO] [TDAE] 创建成功: 野牛 改进型 ID:10118
[15:53:47] [INFO] [TDAE] 创建成功: SR-3M 改进型 ID:10119
[15:53:47] [INFO] [TDAE] 创建成功: Vector 改进型 ID:10120
[15:53:47] [INFO] [TDAE] 创建成功: 雷神 ID:10121
[15:53:47] [INFO] [TDAE] 创建成功: AK47 改进型 ID:10122
[15:53:47] [INFO] [TDAE] 创建成功: MF 改进型 ID:10123
[15:53:47] [INFO] [TDAE] 创建成功: MMG 改进型 ID:10124
[15:53:47] [INFO] [TDAE] 创建成功: STG 77A3 改进型 ID:10125
[15:53:47] [INFO] [TDAE] 创建成功: DT MDR-556 改进型 ID:10126
[15:53:47] [INFO] [TDAE] 创建成功: MF异形 [NEX] ID:10127
[15:53:47] [INFO] [TDAE] 创建成功: M1A 改进型 ID:10128
[15:53:47] [INFO] [TDAE] 创建成功: AK-103 改进型 ID:10129
[15:53:47] [INFO] [TDAE] 创建成功: SK12 ID:10130
[15:53:47] [INFO] [TDAE] 创建成功: 比利枪 改进型 ID:10131
[15:53:47] [INFO] [TDAE] 创建成功: 咕噜枪 改进型 ID:10132
[15:53:47] [INFO] [TDAE] 创建成功: 啪啦枪 改进型 ID:10133
[15:53:47] [INFO] [TDAE] 创建成功: J-Lab火箭弹发射器 [NEX] ID:10134
[15:53:47] [INFO] [TDAE] 创建成功: 复合弓 ID:10135
[15:53:47] [INFO] [TDAE] 创建成功: 冰魄SR3-M ID:10136
[15:53:47] [INFO] [TDAE] 创建成功: 冰魄MMG ID:10137
[15:53:47] [INFO] [TDAE] 创建成功: 冰魄RPD ID:10138
[15:53:47] [INFO] [TDAE] 创建成功: RPD 改进型 ID:10139
[15:53:47] [INFO] [TDAE] 创建成功: MK-47 [NEX] ID:10140
[15:53:47] [INFO] [TDAE] 创建成功: 铸币厂之息 ID:10141
[15:53:47] [INFO] [TDAE] 创建成功: ASh-12 改进型 ID:10142
[15:53:47] [INFO] [TDAE] 创建成功: TS-128 改进型 ID:10143
[15:53:47] [INFO] [TDAE] 创建成功: 亮剑 [NEX] ID:10144
[15:53:47] [INFO] [TDAE] 创建成功: AA-12 改进型 ID:10145
[15:53:47] [INFO] [TDAE] 创建成功: AWP ID:10146
[15:53:47] [INFO] [TDAE] 创建成功: J-Lab大口径消音器 ID:10001
[15:53:47] [INFO] [TDAE] 创建成功: J-Lab大口径均衡消音器 ID:10002
[15:53:47] [INFO] [TDAE] 创建成功: J-Lab大口径制退器 ID:10003
[15:53:47] [INFO] [TDAE] 创建成功: J-Lab大口径垂直制退器 ID:10004
[15:53:47] [INFO] [TDAE] 创建成功: J-Lab大口径水平制退器 ID:10005
[15:53:47] [INFO] [TDAE] 创建成功: J-Lab小口径消音器 ID:10006
[15:53:47] [INFO] [TDAE] 创建成功: J-Lab小口径均衡消音器 ID:10007
[15:53:47] [INFO] [TDAE] 创建成功: J-Lab小口径制退器 ID:10008
[15:53:47] [INFO] [TDAE] 创建成功: J-Lab小口径垂直制退器 ID:10009
[15:53:47] [INFO] [TDAE] 创建成功: J-Lab小口径水平制退器 ID:10010
[15:53:47] [INFO] [TDAE] 创建成功: J-Lab瞄准握把 ID:10011
[15:53:47] [INFO] [TDAE] 创建成功: J-Lab平衡握把 ID:10012
[15:53:47] [INFO] [TDAE] 创建成功: J-Lab垂直握把 ID:10013
[15:53:47] [INFO] [TDAE] 创建成功: J-Lab水平握把 ID:10014
[15:53:47] [INFO] [TDAE] 创建成功: J-Lab腰射握把 ID:10015
[15:53:47] [INFO] [TDAE] 创建成功: J-Lab扩容弹鼓 ID:10016
[15:53:47] [INFO] [TDAE] 创建成功: J-Lab扩容弹匣 ID:10017
[15:53:47] [INFO] [TDAE] 创建成功: J-Lab快速弹匣 ID:10018
[15:53:47] [INFO] [TDAE] 创建成功: J-Lab战术激光X ID:10019
[15:53:47] [INFO] [TDAE] 创建成功: J-Lab战术激光B ID:10020
[15:53:47] [INFO] [TDAE] 创建成功: J-Lab战术激光O ID:10021
[15:53:47] [INFO] [TDAE] 创建成功: J-Lab瞄准枪托 ID:10022
[15:53:47] [INFO] [TDAE] 创建成功: J-Lab轻型枪托 ID:10023
[15:53:47] [INFO] [TDAE] 创建成功: J-Lab稳定枪托 ID:10024
[15:53:47] [INFO] [TDAE] 创建成功: J-Lab腰射枪托 ID:10025
[15:53:47] [INFO] [TDAE] 创建成功: J-Lab全景红点 ID:10026
[15:53:47] [INFO] [TDAE] 创建成功: J-Lab全息瞄准镜 ID:10027
[15:53:47] [INFO] [TDAE] 创建成功: J-Lab无框红点 ID:10028
[15:53:47] [INFO] [TDAE] 创建成功: J-Lab2倍镜 ID:10029
[15:53:47] [INFO] [TDAE] 创建成功: J-Lab步枪4倍镜 ID:10030
[15:53:47] [INFO] [TDAE] 创建成功: J-Lab狙击枪8倍镜 ID:10031
[15:53:47] [INFO] [TDAE] 创建成功: J-Lab战术长枪管 ID:10032
[15:53:47] [INFO] [TDAE] 创建成功: J-Lab射速枪管 ID:10033
[15:53:47] [INFO] [TDAE] 创建成功: J-Lab增伤枪管 ID:10034
[15:53:47] [INFO] [TDAE] 创建成功: J-Lab战壕枪管 ID:10035
[15:53:47] [INFO] [TDAE] 创建成功: J-Lab稳定枪管 ID:10036
[15:53:47] [INFO] [TDAE] 创建成功: J-Lab战术长枪管II ID:10037
[15:53:47] [INFO] [TDAE] 创建成功: J-Lab射速枪管II ID:10038
[15:53:47] [INFO] [TDAE] 创建成功: J-Lab增伤枪管II ID:10039
[15:53:47] [INFO] [TDAE] 创建成功: J-Lab战壕枪管II ID:10040
[15:53:47] [INFO] [TDAE] 创建成功: J-Lab稳定枪管II ID:10041
[15:53:47] [INFO] [TDAE] 创建成功: J-Lab腰射后握把 ID:10042
[15:53:47] [INFO] [TDAE] 创建成功: J-Lab控制后握把 ID:10043
[15:53:47] [INFO] [TDAE] 创建成功: J-Lab瞄准后握把 ID:10044
[15:53:47] [INFO] [TDAE] 创建成功: J-Lab聚焦后握把 ID:10045
[15:53:47] [INFO] [TDAE] 创建成功: J-Lab腰射后握把II ID:10046
[15:53:47] [INFO] [TDAE] 创建成功: J-Lab控制后握把II ID:10047
[15:53:47] [INFO] [TDAE] 创建成功: J-Lab瞄准后握把II ID:10048
[15:53:47] [INFO] [TDAE] 创建成功: J-Lab聚焦后握把II ID:10049
[15:53:47] [INFO] [TDAE] 创建成功: J-Lab蟒蛇护木片 ID:10050
[15:53:47] [INFO] [TDAE] 创建成功: J-Lab淬峰护木片 ID:10051
[15:53:47] [INFO] [TDAE] 创建成功: J-Lab游侠护木片 ID:10052
[15:53:47] [INFO] [TDAE] 创建成功: J-Lab蟒蛇护木片II ID:10053
[15:53:47] [INFO] [TDAE] 创建成功: J-Lab淬峰护木片II ID:10054
[15:53:47] [INFO] [TDAE] 创建成功: J-Lab游侠护木片II ID:10055
[15:53:47] [INFO] [TDAE] 创建成功: J-Lab弹匣套 ID:10056
[15:53:47] [INFO] [TDAE] 创建成功: J-Lab弹匣套II ID:10057
[15:53:47] [INFO] [TDAE] 创建成功: J-Lab大口径消音器[特种] ID:10058
[15:53:47] [INFO] [TDAE] 创建成功: J-Lab大口径补偿器[特种] ID:10059
[15:53:47] [INFO] [TDAE] 创建成功: J-Lab小口径消音器[特种] ID:10060
[15:53:47] [INFO] [TDAE] 创建成功: J-Lab小口径补偿器[特种] ID:10061
[15:53:47] [INFO] [TDAE] 创建成功: J-Lab瞄准握把[特种] ID:10062
[15:53:47] [INFO] [TDAE] 创建成功: J-Lab腰射握把[特种] ID:10063
[15:53:47] [INFO] [TDAE] 创建成功: J-Lab控制握把[特种] ID:10064
[15:53:47] [INFO] [TDAE] 创建成功: J-Lab均衡握把[特种] ID:10065
[15:53:47] [INFO] [TDAE] 创建成功: J-Lab瞄准枪托[特种] ID:10066
[15:53:47] [INFO] [TDAE] 创建成功: J-Lab闪电枪托[特种] ID:10067
[15:53:47] [INFO] [TDAE] 创建成功: J-Lab稳定枪托[特种] ID:10068
[15:53:47] [INFO] [TDAE] 创建成功: J-Lab腰射枪托[特种] ID:10069
[15:53:47] [INFO] [TDAE] 创建成功: J-Lab弹道瞄准系统 ID:10070
[15:53:47] [INFO] [TDAE] 创建成功: J-Lab战术长枪管[特种] ID:10071
[15:53:47] [INFO] [TDAE] 创建成功: J-Lab射速枪管[特种] ID:10072
[15:53:47] [INFO] [TDAE] 创建成功: J-Lab增伤枪管[特种] ID:10073
[15:53:47] [INFO] [TDAE] 创建成功: J-Lab战壕枪管[特种] ID:10074
[15:53:47] [INFO] [TDAE] 创建成功: J-Lab稳定枪管[特种] ID:10075
[15:53:47] [INFO] [TDAE] 创建成功: J-Lab腰射后握把[特种] ID:10076
[15:53:47] [INFO] [TDAE] 创建成功: J-Lab控制后握把[特种] ID:10077
[15:53:47] [INFO] [TDAE] 创建成功: J-Lab瞄准后握把[特种] ID:10078
[15:53:47] [INFO] [TDAE] 创建成功: J-Lab聚焦后握把[特种] ID:10079
[15:53:47] [INFO] [TDAE] 创建成功: J-Lab战术激光X[特种] ID:10080
[15:53:47] [INFO] [TDAE] 创建成功: J-Lab战术激光B[特种] ID:10081
[15:53:47] [INFO] [TDAE] 创建成功: J-Lab战术激光O[特种] ID:10082
[15:53:47] [INFO] [TDAE] 创建成功: J-Lab全自动弹链供应装置[特种] ID:10083
[15:53:47] [INFO] [TDAE] 创建成功: J-Lab蟒蛇护木片[特种] ID:10084
[15:53:47] [INFO] [TDAE] 创建成功: J-Lab淬峰护木片[特种] ID:10085
[15:53:47] [INFO] [TDAE] 创建成功: J-Lab游侠护木片[特种] ID:12001
[15:53:47] [INFO] [TDAE] 创建成功: J-Lab弹匣套[特种] ID:12002
[15:53:47] [INFO] [TDAE] 创建成功: J-Lab均衡枪托[特种] ID:12003
[15:53:47] [INFO] [TDAE] 创建成功: [幽光翡翠] ID:12004
[15:53:47] [INFO] [TDAE] 创建成功: [熔火之心] ID:12005
[15:53:47] [INFO] [TDAE] 创建成功: [窃魂者] ID:12006
[15:53:47] [INFO] [TDAE] 创建成功: [星界电芒] ID:12007
[15:53:47] [INFO] [TDAE] 创建成功: [紫境梦魇] ID:12008
[15:53:47] [INFO] [TDAE] 创建成功: [原初奇点] ID:12009
[15:53:47] [INFO] [TDAE] 创建成功: 榴弹发射器 ID:12010
[15:53:47] [INFO] [TDAE] 创建成功: J-Lab榴弹发射器 ID:12011
[15:53:47] [INFO] [TDAE] 创建成功: J-Lab榴弹发射器[特种] ID:12012
[15:53:47] [INFO] [TDAE] 创建成功: J-Lab大口径均衡制退器[特种] ID:12013
[15:53:47] [INFO] [TDAE] 创建成功: J-Lab小口径均衡制退器[特种] ID:12014
[15:53:47] [INFO] [TDAE] 创建成功: 下挂式霰弹枪 ID:12015
[15:53:47] [INFO] [TDAE] 创建成功: J-Lab下挂式霰弹枪 ID:12016
[15:53:47] [INFO] [TDAE] 创建成功: J-Lab下挂式霰弹枪[特种] ID:12017
[15:53:47] [INFO] [TDAE] 创建成功: 复合弓瞄具[特种] ID:12018
[15:53:47] [INFO] [TDAE] 创建成功: 复合弓箭台[特种] ID:12019
[15:53:47] [INFO] [TDAE] 创建成功: 复合弓专用弓弦[特种] ID:12020
[15:53:47] [INFO] [TDAE] 创建成功: 复合弓重型弓臂[特种] ID:12021
[15:53:47] [INFO] [TDAE] 创建成功: 复合弓轻型弓臂[特种] ID:12022
[15:53:47] [INFO] [TDAE] 创建成功: 复合弓竞赛握把[特种] ID:12023
[15:53:47] [INFO] [TDAE] 创建成功: 复合弓控制握把[特种] ID:12024
[15:53:47] [INFO] [TDAE] 创建成功: 复合弓竞赛平衡杆[特种] ID:12025
[15:53:47] [INFO] [TDAE] 创建成功: 复合弓控制平衡杆[特种] ID:12026
[15:53:47] [INFO] [TDAE] 创建成功: [陨冰的残响] ID:12027
[15:53:47] [INFO] [TDAE] 创建成功: J-Lab快速瞄具[智慧核心] ID:12028
[15:53:47] [INFO] [TDAE] 创建成功: J-Lab2倍镜[智慧核心] ID:12029
[15:53:47] [INFO] [TDAE] 创建成功: J-Lab步枪4倍镜[智慧核心] ID:12030
[15:53:47] [INFO] [TDAE] 创建成功: J-Lab狙击枪8倍镜[智慧核心] ID:12031
[15:53:47] [INFO] [TDAE] 创建成功: J-Lab弹道瞄准系统[智慧核心] ID:12032
[15:53:47] [INFO] [TDAE] 创建成功: J-Lab枪械全自动模组 ID:12033
[15:53:47] [INFO] [TDAE] 创建成功: J-Lab枪械全自动模组[特种] ID:12034
[15:53:47] [INFO] [TDAE] 创建成功: J-Lab枪械半自动模组 ID:12035
[15:53:47] [INFO] [TDAE] 创建成功: J-Lab枪械半自动模组[特种] ID:12036
[15:53:47] [INFO] [TDAE] 创建成功: J-Lab蓄能射击模组 ID:12037
[15:53:47] [INFO] [TDAE] 创建成功: J-Lab蓄能射击模组[特种] ID:12038
[15:53:47] [INFO] [TDAE] 创建成功: J-Lab枪械稳定模组 ID:12039
[15:53:47] [INFO] [TDAE] 创建成功: J-Lab枪械稳定模组[特种] ID:12040
[15:53:47] [INFO] [TDAE] 创建成功: J-Lab枪械射速模组 ID:12041
[15:53:47] [INFO] [TDAE] 创建成功: J-Lab枪械射速模组[特种] ID:12042
[15:53:47] [INFO] [TDAE] 创建成功: J-Lab子弹分裂模组 ID:12043
[15:53:47] [INFO] [TDAE] 创建成功: J-Lab子弹分裂模组[特种] ID:12044
[15:53:47] [INFO] [TDAE] 创建成功: 复合弓瞄具[智慧核心] ID:12045
[15:53:47] [INFO] [TDAE] 创建成功: 高级武器膛线 ID:12046
[15:53:47] [INFO] [TDAE] 创建成功: J-Lab先进膛线 ID:12047
[15:53:47] [INFO] [TDAE] 创建成功: J-Lab先进膛线[特种] ID:12048
[15:53:47] [INFO] [TDAE] 创建成功: J-Lab大口径余烬消音器[特种] ID:12049
[15:53:48] [INFO] [TDAE] 创建成功: J-Lab小口径余烬消音器[特种] ID:12050
[15:53:48] [INFO] [TDAE] 创建成功: .338马格南-特种穿甲弹 ID:12401
[15:53:48] [INFO] [TDAE] 创建成功: J-Lab火箭弹 ID:12402
[15:53:48] [INFO] [TDAE] 创建成功: J-Lab尖端火箭弹[特种] ID:12403
[15:53:48] [INFO] [TDAE] 创建成功: 地狱风暴导弹[特种] ID:12404
[15:53:48] [INFO] [TDAE] 创建成功: 40mm破片榴弹 ID:12405
[15:53:48] [INFO] [TDAE] 创建成功: 破片手榴弹 ID:12406
[15:53:48] [INFO] [TDAE] 创建成功: 高爆手雷[特种] ID:12407
[15:53:48] [INFO] [TDAE] 创建成功: J-Lab穿甲箭 ID:12408
[15:53:48] [INFO] [TDAE] 创建成功: J-Lab震撼弹 ID:12409
[15:53:48] [INFO] [TDAE] 创建成功: J-Lab烟雾弹 ID:12410
[15:53:48] [INFO] [TDAE] 创建成功: .338马格南-穿甲弹 ID:12411
[15:53:48] [INFO] [TDAE] 创建成功: J-Lab附魔核心 ID:12501
[15:53:48] [INFO] [TDAE] 创建成功: J-Lab净化核心 ID:12502
[15:53:48] [INFO] [TDAE] 创建成功: J-Lab物质粉碎机 ID:12503
[15:53:48] [INFO] [TDAE] 创建成功: J-Lab武器箱 ID:12504
[15:53:48] [INFO] [TDAE] 创建成功: J-Lab装备箱 ID:12505
[15:53:48] [INFO] [TDAE] 创建成功: J-Lab弹药箱 ID:12506
[15:53:48] [INFO] [TDAE] 创建成功: J-Lab医疗箱 ID:12507
[15:53:48] [INFO] [TDAE] 创建成功: J-Lab物品箱 ID:12508
[15:53:48] [INFO] [TDAE] 创建成功: J-Lab藏品箱 ID:12509
[15:53:48] [INFO] [TDAE] 创建成功: J-Lab显卡集群 ID:12510
[15:53:48] [INFO] [TDAE] 创建成功: J-Lab 4级护甲维修包 ID:12511
[15:53:48] [INFO] [TDAE] 创建成功: J-Lab 5级护甲维修包 ID:12512
[15:53:48] [INFO] [TDAE] 创建成功: 三角鸭普通武器礼盒 ID:12513
[15:53:48] [INFO] [TDAE] 创建成功: 三角鸭高级武器礼盒 ID:12514
[15:53:48] [INFO] [TDAE] 创建成功: 三角鸭武器礼盒 ID:12515
[15:53:48] [INFO] [TDAE] 创建成功: 三角鸭普通配件礼盒 ID:12516
[15:53:48] [INFO] [TDAE] 创建成功: 三角鸭中级配件礼盒 ID:12517
[15:53:48] [INFO] [TDAE] 创建成功: 三角鸭高级配件礼盒 ID:12518
[15:53:48] [INFO] [TDAE] 创建成功: 三角鸭配件礼盒 ID:12519
[15:53:48] [INFO] [TDAE] 创建成功: 三角鸭普通装备礼盒 ID:12520
[15:53:48] [INFO] [TDAE] 创建成功: 三角鸭高级装备礼盒 ID:12521
[15:53:48] [INFO] [TDAE] 创建成功: 三角鸭装备礼盒 ID:12522
[15:53:48] [INFO] [TDAE] 创建成功: 三角鸭子弹礼盒 ID:12523
[15:53:48] [INFO] [TDAE] 创建成功: 三角鸭特殊物品礼盒 ID:12524
[15:53:48] [INFO] [TDAE] 创建成功: J-Lab 7级护甲维修包 ID:12525
[15:53:48] [INFO] [TDAE] 创建成功: J-Lab 4级头盔维修包 ID:12526
[15:53:48] [INFO] [TDAE] 创建成功: J-Lab 5级头盔维修包 ID:12527
[15:53:48] [INFO] [TDAE] 创建成功: J-Lab 7级头盔维修包 ID:12528
[15:53:48] [INFO] [TDAE] 创建成功: J-Lab 4级武器维修包 ID:12529
[15:53:48] [INFO] [TDAE] 创建成功: J-Lab 5级武器维修包 ID:12530
[15:53:48] [INFO] [TDAE] 创建成功: J-Lab 7级武器维修包 ID:12531
[15:53:48] [INFO] [TDAE] 创建成功: J-Lab 战地急救箱 ID:12532
[15:53:48] [INFO] [TDAE] 创建成功: J-Lab 战地手术包 ID:12533
[15:53:48] [INFO] [TDAE] 创建成功: J-Lab空间商人 ID:12534
[15:53:48] [INFO] [TDAE] 创建成功: J-Lab精确空袭 ID:12535
[15:53:48] [INFO] [TDAE] 创建成功: 普通冲锋枪兑换卷 ID:12536
[15:53:48] [INFO] [TDAE] 创建成功: J-Lab 冲锋枪兑换卷 ID:12537
[15:53:48] [INFO] [TDAE] 创建成功: 普通步枪兑换卷 ID:12538
[15:53:48] [INFO] [TDAE] 创建成功: J-Lab 步枪兑换卷 ID:12539
[15:53:48] [INFO] [TDAE] 创建成功: 普通狙击枪兑换卷 ID:12540
[15:53:48] [INFO] [TDAE] 创建成功: J-Lab 狙击枪兑换卷 ID:12541
[15:53:48] [INFO] [TDAE] 创建成功: J-Lab物质粉碎机II ID:12542
[15:53:48] [INFO] [TDAE] 创建成功: J-Lab空间商人II ID:12543
[15:53:48] [INFO] [TDAE] 创建成功: J-Lab 礼盒拆解器 ID:12544
[15:53:48] [INFO] [TDAE] 创建成功: 非酋币 ID:12545
[15:53:48] [INFO] [TDAE] 创建成功: J-Lab战术头盔 ID:12601
[15:53:48] [INFO] [TDAE] 创建成功: J-Lab热像头盔 ID:12602
[15:53:48] [INFO] [TDAE] 创建成功: J-Lab重型头盔 ID:12603
[15:53:48] [INFO] [TDAE] 创建成功: J-Lab指挥官头盔 ID:12604
[15:53:48] [INFO] [TDAE] 创建成功: J-Lab战术防弹衣 ID:12605
[15:53:48] [INFO] [TDAE] 创建成功: J-Lab重型装甲 ID:12606
[15:53:48] [INFO] [TDAE] 创建成功: J-Lab泰坦装甲 ID:12607
[15:53:48] [INFO] [TDAE] 创建成功: J-Lab战术背包 ID:12608
[15:53:48] [INFO] [TDAE] 创建成功: J-Lab野战背包 ID:12609
[15:53:48] [INFO] [TDAE] 创建成功: J-Lab吞天包 ID:12610
[15:53:48] [INFO] [TDAE] 创建成功: J-Lab战术耳机 ID:12611
[15:53:48] [INFO] [TDAE] 创建成功: J-Lab热像防毒面具 ID:12612
[15:53:48] [INFO] [TDAE] 创建成功: J-Lab透视眼镜 ID:12613
[15:53:48] [INFO] [TDAE] 创建成功: J-Lab透视眼镜[特种] ID:12614
[15:53:48] [INFO] [TDAE] 创建成功: J-Lab防弹插板[物理] ID:12615
[15:53:48] [INFO] [TDAE] 创建成功: J-Lab防弹插板[火] ID:12616
[15:53:48] [INFO] [TDAE] 创建成功: J-Lab防弹插板[毒] ID:12617
[15:53:48] [INFO] [TDAE] 创建成功: J-Lab防弹插板[电] ID:12618
[15:53:48] [INFO] [TDAE] 创建成功: J-Lab防弹插板[空间] ID:12619
[15:53:48] [INFO] [TDAE] 创建成功: J-Lab防弹插板[幽灵] ID:12620
[15:53:48] [INFO] [TDAE] 创建成功: J-Lab防弹插板[冰] ID:12621
[15:53:48] [INFO] [TDAE] 创建成功: J-Lab外骨骼 ID:12622
[15:53:48] [INFO] [TDAE] 创建成功: J-Lab裁决者护甲 ID:12623
[15:53:48] [INFO] [TDAE] 创建成功: J-Lab声波震慑装置 ID:12624
[15:53:48] [INFO] [TDAE] 创建成功: J-Lab反应装甲 ID:12625
[15:53:48] [INFO] [TDAE] 创建成功: J-Lab反应头盔 ID:12626
[15:53:48] [INFO] [TDAE] 所有自定义物品创建完成
[15:53:48] [INFO] [TDAE] 物品创建系统初始化完成
[15:53:48] [INFO] [TDAE] TDAE 模组所有系统初始化完成
[15:53:48] [INFO] ModActive_MoreTriangularDuckCollections: True
[15:53:48] [INFO] Loading mod dll at path: D:\SteamLibrary\steamapps\workshop\content\3167020\3627962071\MoreTriangularDuckCollections.dll
[15:53:48] [INFO] [MTDC] 创建了(单例) MoreTriangularDuckCollections.Managers.ConfigManager (UnityEngine.GameObject) 并设置为跨场景不销毁。
[15:53:48] [INFO] [MTDC] 配置加载完成，总数: 110
[15:53:48] [INFO] [MTDC] 物品配置初始化完成
[15:53:48] [INFO] Mod Loaded: MoreTriangularDuckCollections
[15:53:48] [INFO] [MTDC] 开始初始化所有系统...
[15:53:48] [INFO] [MTDC] 创建了(单例) MoreTriangularDuckCollections.Managers.LanguageManager (UnityEngine.GameObject) 并设置为跨场景不销毁。
[15:53:48] [INFO] [MTDC] 本地化系统初始化...
[15:53:48] [INFO] [MTDC] 加载 ChineseSimplified 翻译: 232 条
[15:53:48] [INFO] [MTDC] 本地化系统初始化完成
[15:53:48] [INFO] [MTDC] 创建了(单例) MoreTriangularDuckCollections.Managers.TagManager (UnityEngine.GameObject) 并设置为跨场景不销毁。
[15:53:48] [INFO] [MTDC] 标签管理系统初始化完成
[15:53:48] [INFO] [MTDC] 创建了(单例) MoreTriangularDuckCollections.Systems.CraftingSystem (UnityEngine.GameObject) 并设置为跨场景不销毁。
[15:53:48] [INFO] [MTDC] 配方管理系统初始化完成
[15:53:48] [INFO] [MTDC] 创建了(单例) MoreTriangularDuckCollections.Systems.ItemCreationSystem (UnityEngine.GameObject) 并设置为跨场景不销毁。
[15:53:48] [INFO] [TDAE] 创建成功: 浮力补偿设备SCUBA ID:13001
[15:53:48] [INFO] [TDAE] 创建成功: ECMO ID:13002
[15:53:48] [INFO] [TDAE] 创建成功: 近卫阿米娅手办 ID:13003
[15:53:48] [INFO] [TDAE] 创建成功: 阿米娅手办 ID:13004
[15:53:48] [INFO] [TDAE] 创建成功: 阿米娅手办? ID:13005
[15:53:48] [INFO] [TDAE] 创建成功: 机密实验数据A? ID:13006
[15:53:48] [INFO] [TDAE] 创建成功: 鸭科夫金杯 ID:13007
[15:53:48] [INFO] [TDAE] 创建成功: 机密实验文件C ID:13008
[15:53:48] [INFO] [TDAE] 创建成功: 主战坦克模型 ID:13009
[15:53:48] [INFO] [TDAE] 创建成功: 纯金打火机 ID:13010
[15:53:48] [INFO] [TDAE] 创建成功: 鸭科夫金戒指 ID:13011
[15:53:48] [INFO] [TDAE] 创建成功: 金怀表 ID:13012
[15:53:48] [INFO] [TDAE] 创建成功: 数码相机 ID:13013
[15:53:48] [INFO] [TDAE] 创建成功: 钻戒 ID:13014
[15:53:48] [INFO] [TDAE] 创建成功: 生化培养箱 ID:13015
[15:53:48] [INFO] [TDAE] 创建成功: 机密实验数据B ID:13016
[15:53:48] [INFO] [TDAE] 创建成功: 试管离心机 ID:13017
[15:53:48] [INFO] [TDAE] 创建成功: 心脏支架 ID:13018
[15:53:48] [INFO] [TDAE] 创建成功: 万金泪冠 ID:13019
[15:53:48] [INFO] [TDAE] 创建成功: 超声波皿器清洗仪 ID:13020
[15:53:48] [INFO] [TDAE] 创建成功: 名贵机械表 ID:13021
[15:53:48] [INFO] [TDAE] 创建成功: 飞船燃料 ID:13022
[15:53:48] [INFO] [TDAE] 创建成功: 源石 ID:13023
[15:53:48] [INFO] [TDAE] 创建成功: 小珍珠 ID:13024
[15:53:48] [INFO] [TDAE] 创建成功: 大珍珠 ID:13025
[15:53:48] [INFO] [TDAE] 创建成功: 卫星电话 ID:13026
[15:53:48] [INFO] [TDAE] 创建成功: 非洲之心 ID:13027
[15:53:48] [INFO] [TDAE] 创建成功: 别尔哥罗德号潜艇模型 ID:13028
[15:53:48] [INFO] [TDAE] 创建成功: 金香槟 ID:13029
[15:53:48] [INFO] [TDAE] 创建成功: 纯金瞪羚 ID:13030
[15:53:48] [INFO] [TDAE] 创建成功: 步战车模型 ID:13031
[15:53:48] [INFO] [TDAE] 创建成功: 金钢笔 ID:13032
[15:53:48] [INFO] [TDAE] 创建成功: 机密实验数据EX ID:13033
[15:53:48] [INFO] [TDAE] 创建成功: 海洋之泪 ID:13034
[15:53:48] [INFO] [TDAE] 创建成功: 黑匣子 ID:13035
[15:53:48] [INFO] [TDAE] 创建成功: 高性能笔记本电脑 ID:13036
[15:53:48] [INFO] [TDAE] 创建成功: 纪念勋章 ID:13037
[15:53:48] [INFO] [TDAE] 创建成功: 便携军用暖气片 ID:13038
[15:53:48] [INFO] [TDAE] 创建成功: 神秘牛角 ID:13039
[15:53:48] [INFO] [TDAE] 创建成功: 天圆地方 ID:13040
[15:53:48] [INFO] [TDAE] 创建成功: 奢华古典留声机 ID:13041
[15:53:48] [INFO] [TDAE] 创建成功: 军用信息终端 ID:13042
[15:53:48] [INFO] [TDAE] 创建成功: 医疗机器人 ID:13043
[15:53:48] [INFO] [TDAE] 创建成功: 荷美尔陶俑 ID:13044
[15:53:48] [INFO] [TDAE] 创建成功: 蓝宝石龙舌兰 ID:13045
[15:53:48] [INFO] [TDAE] 创建成功: 复苏呼吸机 ID:13046
[15:53:48] [INFO] [TDAE] 创建成功: 黄金鸟窝 ID:13047
[15:53:48] [INFO] [TDAE] 创建成功: 三角粥 ID:13048
[15:53:48] [INFO] [TDAE] 创建成功: 万足金条 ID:13049
[15:53:48] [INFO] [TDAE] 创建成功: 全家福 ID:13050
[15:53:48] [INFO] [TDAE] 创建成功: 座钟 ID:13051
[15:53:48] [INFO] [TDAE] 创建成功: 瓶装咖啡 ID:13052
[15:53:48] [INFO] [TDAE] 创建成功: 方粥 ID:13053
[15:53:48] [INFO] [TDAE] 创建成功: 源石碎片 ID:13054
[15:53:48] [INFO] [TDAE] 创建成功: 邪恶猫耳女印象派画作 ID:13055
[15:53:48] [INFO] [TDAE] 创建成功: 棘龙角化石 ID:13056
[15:53:48] [INFO] [TDAE] 创建成功: 金质发条八音盒 ID:13057
[15:53:49] [INFO] [TDAE] 创建成功: 云存储阵列 ID:13058
[15:53:49] [INFO] [TDAE] 创建成功: 军用远距离通信终端 ID:13059
[15:53:49] [INFO] [TDAE] 创建成功: 远距离卫星通讯天线 ID:13060
[15:53:49] [INFO] [TDAE] 创建成功: 柠檬茶 ID:13061
[15:53:49] [INFO] [TDAE] 创建成功: 高能燃料电池 ID:13062
[15:53:49] [INFO] [TDAE] 创建成功: 纵横 ID:13063
[15:53:49] [INFO] [TDAE] 创建成功: 高级鱼子酱 ID:13064
[15:53:49] [INFO] [TDAE] 创建成功: 军用高能炸药 ID:13065
[15:53:49] [INFO] [TDAE] 创建成功: 高级咖啡豆 ID:13066
[15:53:49] [INFO] [TDAE] 创建成功: 金鸭雕像 ID:13067
[15:53:49] [INFO] [TDAE] 创建成功: 奢华茶壶 ID:13068
[15:53:49] [INFO] [TDAE] 创建成功: 便携音箱 ID:13069
[15:53:49] [INFO] [TDAE] 创建成功: 军用电台 ID:13070
[15:53:49] [INFO] [TDAE] 创建成功: J-Lab机密飞船数据 ID:13071
[15:53:49] [INFO] [TDAE] 创建成功: 自热军粮 ID:13072
[15:53:49] [INFO] [TDAE] 创建成功: 军用无人机 ID:13073
[15:53:49] [INFO] [TDAE] 创建成功: 鳄鱼蛋 ID:13074
[15:53:49] [INFO] [TDAE] 创建成功: 鸭鸭雕像 ID:13075
[15:53:49] [INFO] [TDAE] 创建成功: 高速磁盘阵列 ID:13076
[15:53:49] [INFO] [TDAE] 创建成功: 游戏手柄 ID:13077
[15:53:49] [INFO] [TDAE] 创建成功: 任地狱Switch第二代游戏机 ID:13078
[15:53:49] [INFO] [TDAE] 创建成功: J-Lab三防电脑 ID:13079
[15:53:49] [INFO] [TDAE] 创建成功: 战机模型 ID:13080
[15:53:49] [INFO] [TDAE] 创建成功: 大容量游戏储存卡 ID:13081
[15:53:49] [INFO] [TDAE] 创建成功: 海森堡大花卷4头戴耳机 ID:13082
[15:53:49] [INFO] [TDAE] 创建成功: '理想国'试剂 ID:13083
[15:53:49] [INFO] [TDAE] 创建成功: GOR联名Zbox游戏掌机 ID:13084
[15:53:49] [INFO] [TDAE] 创建成功: 洲际导弹模型 ID:13085
[15:53:49] [INFO] [TDAE] 创建成功: UPS电源 ID:13086
[15:53:49] [INFO] [TDAE] 创建成功: 黄金鳄鱼头雕 ID:13087
[15:53:49] [INFO] [TDAE] 创建成功: 聚变功能单元原型 ID:13088
[15:53:49] [INFO] [TDAE] 创建成功: 烽火世界杯纪念金杯 ID:13089
[15:53:49] [INFO] [TDAE] 创建成功: 白瓷净瓶 ID:13090
[15:53:49] [INFO] [TDAE] 创建成功: 通用直升机模型 ID:13091
[15:53:49] [INFO] [TDAE] 创建成功: 武装直升机模型 ID:13092
[15:53:49] [INFO] [TDAE] 创建成功: 液压破门器 ID:13093
[15:53:49] [INFO] [TDAE] 创建成功: 风暴瓦斯罐 ID:13094
[15:53:49] [INFO] [TDAE] 创建成功: 姜饼人 ID:13095
[15:53:49] [INFO] [TDAE] 创建成功: 超声波切割刀 ID:13096
[15:53:49] [INFO] [TDAE] 创建成功: Zbox游戏主机 ID:13097
[15:53:49] [INFO] [TDAE] 创建成功: 鸭德尔超算单元 ID:13098
[15:53:49] [INFO] [TDAE] 创建成功: Dockov超算单元 ID:13099
[15:53:49] [INFO] [TDAE] 创建成功: DTX3090 ID:13100
[15:53:49] [INFO] [TDAE] 创建成功: DTX4090 ID:13101
[15:53:49] [INFO] [TDAE] 创建成功: DTX5090 ID:13102
[15:53:49] [INFO] [TDAE] 创建成功: DTX5177s ID:13103
[15:53:49] [INFO] [TDAE] 创建成功: J-Lab卫星天线 ID:13104
[15:53:49] [INFO] [TDAE] 创建成功: J-Lab装甲车电池 ID:13105
[15:53:49] [INFO] [TDAE] 创建成功: 鸭角币 ID:13106
[15:53:49] [INFO] [TDAE] 创建成功: 收藏币 ID:13107
[15:53:49] [INFO] [TDAE] 创建成功: 三角鸭宝石礼盒 ID:13501
[15:53:49] [INFO] [TDAE] 创建成功: 三角鸭显卡礼盒 ID:13502
[15:53:49] [INFO] [TDAE] 创建成功: 三角鸭食品礼盒 ID:13503
[15:53:49] [INFO] [TDAE] 所有自定义物品创建完成
[15:53:49] [INFO] [TDAE] 物品创建系统初始化完成
[15:53:49] [INFO] [MTDC] 创建了(单例) MoreTriangularDuckCollections.Systems.MerchantSystem (UnityEngine.GameObject) 并设置为跨场景不销毁。
[15:53:49] [INFO] [MTDC] 商店系统初始化完成
[15:53:49] [INFO] [MTDC] 创建了(单例) MoreTriangularDuckCollections.Systems.EventSystem (UnityEngine.GameObject) 并设置为跨场景不销毁。
[15:53:49] [INFO] [MTDC] 事件系统初始化完成
[15:53:49] [INFO] [MTDC] MTDC 模组所有系统初始化完成
[15:53:49] [INFO] ModActive_CombatMaidVanilla: True
[15:53:49] [INFO] Loading mod dll at path: D:\SteamLibrary\steamapps\workshop\content\3167020\3637110954\CombatMaidVanilla.dll
[15:53:49] [INFO] Mod Loaded: CombatMaidVanilla
[15:53:49] [INFO] [CombatMaidVanilla.Localization] 已加载并切换语言: ChineseSimplified.csv
[15:53:49] [INFO] ModActive_CombatMaid: True
[15:53:49] [INFO] Loading mod dll at path: D:\SteamLibrary\steamapps\workshop\content\3167020\3620608412\CombatMaid.dll
[15:53:49] [INFO] [CombatMaid][Info][HarmonyLoad.LoadHarmony] 检测到环境已加载 Harmony: 0Harmony, Version=2.4.1.0, Culture=neutral, PublicKeyToken=null
[15:53:49] [INFO] [CombatMaid][Info][ModBehaviour.InitializeHarmonyPatches] Harmony 补丁应用成功
[15:53:49] [INFO] [CombatMaid][Info][ModBehaviour.OnEnable] 模组已启用
[15:53:49] [INFO] Mod Loaded: CombatMaid
[15:53:49] [INFO] [CombatMaid][Info][LocalizationManager.LoadAndSetLanguage] 已加载语言文件: ChineseSimplified.csv
[15:53:49] [INFO] [CombatMaid][Info][LocalizationManager.InjectToGameManager] 注入了 137 个本地化条目。
[15:53:49] [INFO] Start Register custom item: 88000 - 酒狐女仆契约
[15:53:49] [INFO] Registered custom item: 88000 - 酒狐女仆契约
[15:53:49] [INFO] Start Register custom item: 88001 - 瓶中女仆·I型
[15:53:49] [INFO] Registered custom item: 88001 - 瓶中女仆·I型
[15:53:49] [INFO] Start Register custom item: 88002 - 瓶中女仆·II型
[15:53:49] [INFO] Registered custom item: 88002 - 瓶中女仆·II型
[15:53:49] [INFO] Start Register custom item: 88003 - 瓶中女仆·III型
[15:53:49] [INFO] Registered custom item: 88003 - 瓶中女仆·III型
[15:53:49] [INFO] Start Register custom item: 88101 - 酒狐御制回复药
[15:53:49] [INFO] Registered custom item: 88101 - 酒狐御制回复药
[15:53:49] [INFO] Start Register custom item: 88102 - 女仆召回铃
[15:53:49] [INFO] Registered custom item: 88102 - 女仆召回铃
[15:53:49] [INFO] Start Register custom item: 88103 - 酒狐的魔力抛光剂
[15:53:49] [INFO] Registered custom item: 88103 - 酒狐的魔力抛光剂
[15:53:49] [INFO] Start Register custom item: 88104 - 战斗女仆体检套装
[15:53:49] [INFO] Registered custom item: 88104 - 战斗女仆体检套装
[15:53:49] [INFO] Start Register custom item: 88105 - 酒狐的心意曲奇
[15:53:49] [INFO] Registered custom item: 88105 - 酒狐的心意曲奇
[15:53:49] [INFO] Start Register custom item: 88106 - 酒狐的衔玉酒瓶
[15:53:49] [INFO] Registered custom item: 88106 - 酒狐的衔玉酒瓶
[15:53:49] [INFO] Start Register custom item: 88107 - 酒狐的圣诞礼物
[15:53:49] [INFO] Registered custom item: 88107 - 酒狐的圣诞礼物
[15:53:49] [INFO] Start Register custom item: 88108 - 空白契约瓶
[15:53:49] [INFO] Registered custom item: 88108 - 空白契约瓶
[15:53:49] [INFO] [CombatMaid][Info][MaidItemRegistry.Initialize] 战斗女仆物品初始化完成！成功注册 12/12 个物品。
[15:53:49] [INFO] [CombatMaid][Info][MaidManager.Awake] MaidManager 初始化完成。
[15:53:49] [INFO] ModActive_jiuhu: True
[15:53:49] [INFO] Loading mod dll at path: D:\SteamLibrary\steamapps\workshop\content\3167020\3601557685\jiuhu.dll
[15:53:49] [INFO] Mod Loaded: jiuhu
[15:53:49] [INFO] ModActive_EscapeFromDuckovCoopMod: False
[15:53:49] [INFO] ModActive_LiteNetLibLoader: False
[15:53:49] [INFO] ModActive_BetterSlotDisplay: True
[15:53:49] [INFO] Loading mod dll at path: D:\SteamLibrary\steamapps\workshop\content\3167020\3629415967\BetterSlotDisplay.dll
[15:53:49] [INFO] Mod Loaded: BetterSlotDisplay
[15:53:49] [INFO] ModActive_NoDurabilityLoss: True
[15:53:49] [INFO] Loading mod dll at path: D:\SteamLibrary\steamapps\workshop\content\3167020\3588717210\NoDurabilityLoss.dll
[15:53:49] [INFO] Mod Loaded: NoDurabilityLoss
[15:53:49] [INFO] Initializing storage search bar
[15:53:49] [INFO] [BetterHydrationEnergyHUD] Start
[15:53:49] [INFO] harmony.PatchAll();成功0000
[15:53:49] [INFO] [鸭鸭市场] [Token] Token refreshed successfully
[15:53:49] [INFO] [鸭鸭市场] [Token] User ID from response: 144083
[15:53:49] [INFO] [鸭鸭市场] [JsonConfigManager] ✅ 配置文件保存成功
[15:53:49] [INFO] [鸭鸭市场] [DuckMarketSettings] Auth token saved, expires at: 2026-08-08 15:53:43 UTC, user_id: 144083
[15:53:49] [INFO] [鸭鸭市场] [AutoLogin] ✅ Token refreshed successfully
[15:53:49] [INFO] [鸭鸭市场] [AutoLogin] ✅ Login successful: 76561198968536704
[15:53:49] [INFO] [鸭鸭市场] [AutoLogin] WebSocket will connect when player enters game
[15:53:49] [INFO] [鸭鸭市场] [AutoLogin] Login process completed
[15:53:50] [INFO] [IndependentStash] 场景卸载: Startup
[15:53:50] [INFO] [TDAE] 场景卸载: Startup, 重置技能状态
[15:53:50] [INFO] [TDAE] 所有技能已停用
[15:53:50] [INFO] [TDAE] 外骨骼技能重置完成
[15:53:50] [INFO] [TDAE] 所有技能已重置
[15:53:50] [INFO] ModConfig: OnMenuAwake
[15:53:50] [INFO] 开始创建Mod设置标签页
[15:53:50] [INFO] OptionsPanel Found
[15:53:50] [INFO] [ReflectionHelper] 成功获取实例字段 'OptionsPanel.tabButtons' = System.Collections.Generic.List`1[OptionsPanel_TabButton]
[15:53:50] [INFO] 已反射获取tabButtons
[15:53:50] [INFO] [ReflectionHelper] 成功获取实例字段 'OptionsPanel_TabButton.tab' = Common (UnityEngine.GameObject)
[15:53:50] [INFO] [ReflectionHelper] 成功设置实例字段 'OptionsPanel_TabButton.tab' = modContent (UnityEngine.GameObject)
[15:53:50] [INFO] [ReflectionHelper] 成功调用实例方法 'OptionsPanel.Setup'
[15:53:50] [INFO] 成功创建下拉列表预制体
[15:53:50] [INFO] [ReflectionHelper] 成功获取实例字段 'OptionsUIEntry_Slider.label' = Label (TMPro.TextMeshProUGUI)
[15:53:50] [INFO] [ReflectionHelper] 成功获取实例字段 'OptionsUIEntry_Slider.slider' = Slider (UnityEngine.UI.Slider)
[15:53:50] [INFO] [ReflectionHelper] 成功获取实例字段 'OptionsUIEntry_Slider.valueField' = Value_Input (TMPro.TMP_InputField)
[15:53:50] [INFO] Mod设置标签页创建完成
[15:53:50] [INFO] 开始处理等待的配置项，剩余数量: 21
[15:53:50] [INFO] [ReflectionHelper] 成功获取实例字段 'OptionsUIEntry_Dropdown.label' = Label (TMPro.TextMeshProUGUI)
[15:53:50] [INFO] === DropDownOptionsProvider 构造函数开始 ===
[15:53:50] [INFO] 参数 - key: BlackMarketPriceMod_baselineMode, description: 黑市需求比较基准
[15:53:50] [INFO] 参数 - options: True, valueType: System.Int32, defaultValue: 0
[15:53:50] [INFO] 字段设置完成 - Key: BlackMarketPriceMod_baselineMode, OptionsCount: 2
[15:53:50] [INFO] this == null: False
[15:53:50] [INFO] === DropDownOptionsProvider 构造函数结束 ===
[15:53:50] [INFO] [ReflectionHelper] 成功设置实例字段 'OptionsUIEntry_Dropdown.provider' = dropDownPrefab(Clone) (ModConfig.DropDownOptionsProvider)
[15:53:50] [INFO] 已成功添加下拉选项: 黑市需求比较基准
[15:53:50] [INFO] 配置项执行成功
[15:53:50] [INFO] [ReflectionHelper] 成功调用实例方法 'ES3JSONReader.Goto'
[15:53:50] [INFO] [ReflectionHelper] 成功调用实例方法 'ES3JSONReader.ReadKeyPrefix'
[15:53:50] [INFO] 正在读取float配置默认值
[15:53:50] [INFO] float配置默认值为5.0
[15:53:50] [INFO] float配置数值已读取=5.0
[15:53:50] [INFO] 已成功添加滑条选项: 检测半径(米)
[15:53:50] [INFO] 配置项执行成功
[15:53:50] [INFO] [ReflectionHelper] 成功调用实例方法 'ES3JSONReader.Goto'
[15:53:50] [INFO] [ReflectionHelper] 成功调用实例方法 'ES3JSONReader.ReadKeyPrefix'
[15:53:50] [INFO] 正在读取float配置默认值
[15:53:50] [INFO] float配置默认值为0.2
[15:53:50] [INFO] float配置数值已读取=0.2
[15:53:50] [INFO] 已成功添加滑条选项: 检测间隔(秒)
[15:53:50] [INFO] 配置项执行成功
[15:53:50] [INFO] [ReflectionHelper] 成功获取实例字段 'OptionsUIEntry_Dropdown.label' = Label (TMPro.TextMeshProUGUI)
[15:53:50] [INFO] === DropDownOptionsProvider 构造函数开始 ===
[15:53:50] [INFO] 参数 - key: LootboxItemDisplay_showPetInventory, description: 显示宠物栏
[15:53:50] [INFO] 参数 - options: True, valueType: System.Boolean, defaultValue: False
[15:53:50] [INFO] 字段设置完成 - Key: LootboxItemDisplay_showPetInventory, OptionsCount: 2
[15:53:50] [INFO] this == null: False
[15:53:50] [INFO] === DropDownOptionsProvider 构造函数结束 ===
[15:53:50] [INFO] [ReflectionHelper] 成功设置实例字段 'OptionsUIEntry_Dropdown.provider' = dropDownPrefab(Clone) (ModConfig.DropDownOptionsProvider)
[15:53:50] [INFO] 已成功添加下拉选项: 显示宠物栏
[15:53:50] [INFO] 配置项执行成功
[15:53:50] [INFO] [ReflectionHelper] 成功获取实例字段 'OptionsUIEntry_Dropdown.label' = Label (TMPro.TextMeshProUGUI)
[15:53:50] [INFO] === DropDownOptionsProvider 构造函数开始 ===
[15:53:50] [INFO] 参数 - key: LootboxItemDisplay_showPlayerStorage, description: 显示仓库栏
[15:53:50] [INFO] 参数 - options: True, valueType: System.Boolean, defaultValue: True
[15:53:50] [INFO] 字段设置完成 - Key: LootboxItemDisplay_showPlayerStorage, OptionsCount: 2
[15:53:50] [INFO] this == null: False
[15:53:50] [INFO] === DropDownOptionsProvider 构造函数结束 ===
[15:53:50] [INFO] [ReflectionHelper] 成功设置实例字段 'OptionsUIEntry_Dropdown.provider' = dropDownPrefab(Clone) (ModConfig.DropDownOptionsProvider)
[15:53:50] [INFO] 已成功添加下拉选项: 显示仓库栏
[15:53:50] [INFO] 配置项执行成功
[15:53:50] [INFO] [ReflectionHelper] 成功获取实例字段 'OptionsUIEntry_Dropdown.label' = Label (TMPro.TextMeshProUGUI)
[15:53:50] [INFO] === DropDownOptionsProvider 构造函数开始 ===
[15:53:50] [INFO] 参数 - key: LootboxItemDisplay_showLootboxItems, description: 显示箱子物品
[15:53:50] [INFO] 参数 - options: True, valueType: System.Boolean, defaultValue: True
[15:53:50] [INFO] 字段设置完成 - Key: LootboxItemDisplay_showLootboxItems, OptionsCount: 2
[15:53:50] [INFO] this == null: False
[15:53:50] [INFO] === DropDownOptionsProvider 构造函数结束 ===
[15:53:50] [INFO] [ReflectionHelper] 成功设置实例字段 'OptionsUIEntry_Dropdown.provider' = dropDownPrefab(Clone) (ModConfig.DropDownOptionsProvider)
[15:53:50] [INFO] 已成功添加下拉选项: 显示箱子物品
[15:53:50] [INFO] 配置项执行成功
[15:53:50] [INFO] [ReflectionHelper] 成功获取实例字段 'OptionsUIEntry_Dropdown.label' = Label (TMPro.TextMeshProUGUI)
[15:53:50] [INFO] === DropDownOptionsProvider 构造函数开始 ===
[15:53:50] [INFO] 参数 - key: LootboxItemDisplay_showPickupItems, description: 显示地面掉落物
[15:53:50] [INFO] 参数 - options: True, valueType: System.Boolean, defaultValue: True
[15:53:50] [INFO] 字段设置完成 - Key: LootboxItemDisplay_showPickupItems, OptionsCount: 2
[15:53:50] [INFO] this == null: False
[15:53:50] [INFO] === DropDownOptionsProvider 构造函数结束 ===
[15:53:50] [INFO] [ReflectionHelper] 成功设置实例字段 'OptionsUIEntry_Dropdown.provider' = dropDownPrefab(Clone) (ModConfig.DropDownOptionsProvider)
[15:53:50] [INFO] 已成功添加下拉选项: 显示地面掉落物
[15:53:50] [INFO] 配置项执行成功
[15:53:50] [INFO] [ReflectionHelper] 成功获取实例字段 'OptionsUIEntry_Dropdown.label' = Label (TMPro.TextMeshProUGUI)
[15:53:50] [INFO] === DropDownOptionsProvider 构造函数开始 ===
[15:53:50] [INFO] 参数 - key: LootboxItemDisplay_showHighestValueItem, description: 显示最高价值物品
[15:53:50] [INFO] 参数 - options: True, valueType: System.Boolean, defaultValue: True
[15:53:50] [INFO] 字段设置完成 - Key: LootboxItemDisplay_showHighestValueItem, OptionsCount: 2
[15:53:50] [INFO] this == null: False
[15:53:50] [INFO] === DropDownOptionsProvider 构造函数结束 ===
[15:53:50] [INFO] [ReflectionHelper] 成功设置实例字段 'OptionsUIEntry_Dropdown.provider' = dropDownPrefab(Clone) (ModConfig.DropDownOptionsProvider)
[15:53:50] [INFO] 已成功添加下拉选项: 显示最高价值物品
[15:53:50] [INFO] 配置项执行成功
[15:53:50] [INFO] [ReflectionHelper] 成功获取实例字段 'OptionsUIEntry_Dropdown.label' = Label (TMPro.TextMeshProUGUI)
[15:53:50] [INFO] === DropDownOptionsProvider 构造函数开始 ===
[15:53:50] [INFO] 参数 - key: LootboxItemDisplay_showItemIcons, description: 显示物品图标
[15:53:50] [INFO] 参数 - options: True, valueType: System.Boolean, defaultValue: True
[15:53:50] [INFO] 字段设置完成 - Key: LootboxItemDisplay_showItemIcons, OptionsCount: 2
[15:53:50] [INFO] this == null: False
[15:53:50] [INFO] === DropDownOptionsProvider 构造函数结束 ===
[15:53:50] [INFO] [ReflectionHelper] 成功设置实例字段 'OptionsUIEntry_Dropdown.provider' = dropDownPrefab(Clone) (ModConfig.DropDownOptionsProvider)
[15:53:50] [INFO] 已成功添加下拉选项: 显示物品图标
[15:53:50] [INFO] 配置项执行成功
[15:53:50] [INFO] 已解除slider范围限制 - Key: LootboxItemDisplay_toggleKey, 新范围: [0.1, 50]
[15:53:50] [INFO] [ReflectionHelper] 成功调用实例方法 'ES3JSONReader.Goto'
[15:53:50] [INFO] [ReflectionHelper] 成功调用实例方法 'ES3JSONReader.ReadKeyPrefix'
[15:53:50] [INFO] 正在读取string配置默认值
[15:53:50] [INFO] 已成功添加滑条选项: UI切换键(权宜之计)
[15:53:50] [INFO] 配置项执行成功
[15:53:50] [INFO] 已解除slider范围限制 - Key: LootboxItemDisplay_highValueToggleKey, 新范围: [0.1, 50]
[15:53:50] [INFO] [ReflectionHelper] 成功调用实例方法 'ES3JSONReader.Goto'
[15:53:50] [INFO] [ReflectionHelper] 成功调用实例方法 'ES3JSONReader.ReadKeyPrefix'
[15:53:50] [INFO] 正在读取string配置默认值
[15:53:50] [INFO] 已成功添加滑条选项: 最高价值UI切换键
[15:53:50] [INFO] 配置项执行成功
[15:53:50] [INFO] [ReflectionHelper] 成功调用实例方法 'ES3JSONReader.Goto'
[15:53:50] [INFO] [ReflectionHelper] 成功调用实例方法 'ES3JSONReader.ReadKeyPrefix'
[15:53:50] [INFO] 正在读取float配置默认值
[15:53:50] [INFO] float配置默认值为380.0
[15:53:50] [INFO] float配置数值已读取=380.0
[15:53:50] [INFO] 已成功添加滑条选项: 最小面板宽度
[15:53:50] [INFO] 配置项执行成功
[15:53:50] [INFO] [ReflectionHelper] 成功调用实例方法 'ES3JSONReader.Goto'
[15:53:50] [INFO] [ReflectionHelper] 成功调用实例方法 'ES3JSONReader.ReadKeyPrefix'
[15:53:50] [INFO] 正在读取float配置默认值
[15:53:50] [INFO] float配置默认值为600.0
[15:53:50] [INFO] float配置数值已读取=600.0
[15:53:50] [INFO] 已成功添加滑条选项: 最大面板高度
[15:53:50] [INFO] 配置项执行成功
[15:53:50] [INFO] [ReflectionHelper] 成功调用实例方法 'ES3JSONReader.Goto'
[15:53:50] [INFO] [ReflectionHelper] 成功调用实例方法 'ES3JSONReader.ReadKeyPrefix'
[15:53:50] [INFO] 正在读取float配置默认值
[15:53:50] [INFO] float配置默认值为0.9
[15:53:50] [INFO] float配置数值已读取=0.9
[15:53:50] [INFO] 已成功添加滑条选项: 面板透明度
[15:53:50] [INFO] 配置项执行成功
[15:53:50] [INFO] [ReflectionHelper] 成功调用实例方法 'ES3JSONReader.Goto'
[15:53:50] [INFO] [ReflectionHelper] 成功调用实例方法 'ES3JSONReader.ReadKeyPrefix'
[15:53:50] [INFO] 已成功添加滑条选项: 标题字体大小
[15:53:50] [INFO] 配置项执行成功
[15:53:50] [INFO] [ReflectionHelper] 成功调用实例方法 'ES3JSONReader.Goto'
[15:53:50] [INFO] [ReflectionHelper] 成功调用实例方法 'ES3JSONReader.ReadKeyPrefix'
[15:53:50] [INFO] 已成功添加滑条选项: 箱子标题字体大小
[15:53:50] [INFO] 配置项执行成功
[15:53:50] [INFO] [ReflectionHelper] 成功调用实例方法 'ES3JSONReader.Goto'
[15:53:50] [INFO] [ReflectionHelper] 成功调用实例方法 'ES3JSONReader.ReadKeyPrefix'
[15:53:50] [INFO] 已成功添加滑条选项: 物品字体大小
[15:53:50] [INFO] 配置项执行成功
[15:53:50] [INFO] [ReflectionHelper] 成功调用实例方法 'ES3JSONReader.Goto'
[15:53:50] [INFO] [ReflectionHelper] 成功调用实例方法 'ES3JSONReader.ReadKeyPrefix'
[15:53:50] [INFO] 已成功添加滑条选项: 统计字体大小
[15:53:50] [INFO] 配置项执行成功
[15:53:50] [INFO] [ReflectionHelper] 成功调用实例方法 'ES3JSONReader.Goto'
[15:53:50] [INFO] [ReflectionHelper] 成功调用实例方法 'ES3JSONReader.ReadKeyPrefix'
[15:53:50] [INFO] 正在读取float配置默认值
[15:53:50] [INFO] float配置默认值为20.0
[15:53:50] [INFO] float配置数值已读取=20.0
[15:53:50] [INFO] 已成功添加滑条选项: 滚动灵敏度
[15:53:50] [INFO] 配置项执行成功
[15:53:50] [INFO] [ReflectionHelper] 成功调用实例方法 'ES3JSONReader.Goto'
[15:53:50] [INFO] [ReflectionHelper] 成功调用实例方法 'ES3JSONReader.ReadKeyPrefix'
[15:53:50] [INFO] 已成功添加滑条选项: 内容间距
[15:53:50] [INFO] 配置项执行成功
[15:53:50] [INFO] [ReflectionHelper] 成功获取实例字段 'OptionsUIEntry_Dropdown.label' = Label (TMPro.TextMeshProUGUI)
[15:53:50] [INFO] === DropDownOptionsProvider 构造函数开始 ===
[15:53:50] [INFO] 参数 - key: LootboxItemDisplay_debugMode, description: 调试模式
[15:53:50] [INFO] 参数 - options: True, valueType: System.Boolean, defaultValue: False
[15:53:50] [INFO] 字段设置完成 - Key: LootboxItemDisplay_debugMode, OptionsCount: 2
[15:53:50] [INFO] this == null: False
[15:53:50] [INFO] === DropDownOptionsProvider 构造函数结束 ===
[15:53:50] [INFO] [ReflectionHelper] 成功设置实例字段 'OptionsUIEntry_Dropdown.provider' = dropDownPrefab(Clone) (ModConfig.DropDownOptionsProvider)
[15:53:50] [INFO] 已成功添加下拉选项: 调试模式
[15:53:50] [INFO] 配置项执行成功
[15:53:50] [INFO] [鸭鸭市场] [Scene] Active scene changing:  -> MainMenu
[15:53:50] [INFO] [IndependentStash] 场景加载: MainMenu
[15:53:50] [INFO] [鸭鸭市场] [Scene] Scene loaded: MainMenu (mode: Single)
[15:53:50] [INFO] [鸭鸭市场] [State] Returning to main menu, disconnecting WebSocket...
[15:53:50] [INFO] [TDAE] 场景加载: MainMenu, 重置技能状态
[15:53:50] [INFO] [TDAE] 所有技能已停用
[15:53:50] [INFO] [TDAE] 外骨骼技能重置完成
[15:53:50] [INFO] [TDAE] 所有技能已重置
[15:53:50] [INFO] [RecipeLoader] Scanning for recipes in: D:\SteamLibrary\steamapps\workshop\content\3167020\3661816441
[15:53:50] [INFO] [RecipeLoader] Found 1 recipe files
[15:53:50] [INFO] [RecipeLoader] Skipping item validation for recipe '1008404', assuming items exist
[15:53:50] [INFO] [RecipeLoader] Recipe '1008404': Output=1008404x1, Cost=0, Workbench=WorkBenchAdvanced
[15:53:50] [INFO] [RecipeLoader] Recipe '1008404' ingredients: 534x1, 367x3, 833x1, 834x1
[15:53:50] [INFO] [RecipeLoader] Adding recipe: 1008404
[15:53:50] [INFO] [Fox.Shared] 成功添加配方: 1008404
[15:53:50] [INFO] [RecipeLoader] Successfully added recipe: 1008404
[15:53:50] [INFO] [RecipeLoader] Skipping item validation for recipe '1008443', assuming items exist
[15:53:50] [INFO] [RecipeLoader] Recipe '1008443': Output=1008443x1, Cost=0, Workbench=WorkBenchAdvanced
[15:53:50] [INFO] [RecipeLoader] Recipe '1008443' ingredients: 1008404x1, 388x1
[15:53:50] [INFO] [RecipeLoader] Adding recipe: 1008443
[15:53:50] [INFO] [Fox.Shared] 成功添加配方: 1008443
[15:53:50] [INFO] [RecipeLoader] Successfully added recipe: 1008443
[15:53:50] [INFO] [RecipeLoader] Skipping item validation for recipe '1008425', assuming items exist
[15:53:50] [INFO] [RecipeLoader] Recipe '1008425': Output=1008425x1, Cost=6000, Workbench=WorkBenchAdvanced
[15:53:50] [INFO] [RecipeLoader] Recipe '1008425' ingredients: 99x1, 746x2
[15:53:50] [INFO] [RecipeLoader] Adding recipe: 1008425
[15:53:50] [INFO] [Fox.Shared] 成功添加配方: 1008425
[15:53:50] [INFO] [RecipeLoader] Successfully added recipe: 1008425
[15:53:50] [INFO] [RecipeLoader] Skipping item validation for recipe '1008430', assuming items exist
[15:53:50] [INFO] [RecipeLoader] Recipe '1008430': Output=1008430x1, Cost=10000, Workbench=WorkBenchAdvanced
[15:53:50] [INFO] [RecipeLoader] Recipe '1008430' ingredients: 861x1, 1171x5
[15:53:50] [INFO] [RecipeLoader] Adding recipe: 1008430
[15:53:50] [INFO] [Fox.Shared] 成功添加配方: 1008430
[15:53:50] [INFO] [RecipeLoader] Successfully added recipe: 1008430
[15:53:50] [INFO] [RecipeLoader] Skipping item validation for recipe '1008441', assuming items exist
[15:53:50] [INFO] [RecipeLoader] Recipe '1008441': Output=1008441x1, Cost=10000, Workbench=WorkBenchAdvanced
[15:53:50] [INFO] [RecipeLoader] Recipe '1008441' ingredients: 861x2, 1171x5
[15:53:50] [INFO] [RecipeLoader] Adding recipe: 1008441
[15:53:50] [INFO] [Fox.Shared] 成功添加配方: 1008441
[15:53:50] [INFO] [RecipeLoader] Successfully added recipe: 1008441
[15:53:50] [INFO] [RecipeLoader] Skipping item validation for recipe '1008442', assuming items exist
[15:53:50] [INFO] [RecipeLoader] Recipe '1008442': Output=1008442x1, Cost=12000, Workbench=WorkBenchAdvanced
[15:53:50] [INFO] [RecipeLoader] Recipe '1008442' ingredients: 861x2, 1171x5
[15:53:50] [INFO] [RecipeLoader] Adding recipe: 1008442
[15:53:50] [INFO] [Fox.Shared] 成功添加配方: 1008442
[15:53:50] [INFO] [RecipeLoader] Successfully added recipe: 1008442
[15:53:50] [INFO] [RecipeLoader] Skipping item validation for recipe '1008430b', assuming items exist
[15:53:50] [INFO] [RecipeLoader] Recipe '1008430b': Output=1008430x1, Cost=10000, Workbench=Printer
[15:53:50] [INFO] [RecipeLoader] Recipe '1008430b' ingredients: 663x6, 1171x5
[15:53:50] [INFO] [RecipeLoader] Adding recipe: 1008430b
[15:53:50] [INFO] [Fox.Shared] 成功添加配方: 1008430b
[15:53:50] [INFO] [RecipeLoader] Successfully added recipe: 1008430b
[15:53:50] [INFO] [RecipeLoader] Skipping item validation for recipe '1008441b', assuming items exist
[15:53:50] [INFO] [RecipeLoader] Recipe '1008441b': Output=1008441x1, Cost=10000, Workbench=Printer
[15:53:50] [INFO] [RecipeLoader] Recipe '1008441b' ingredients: 663x8, 1171x5
[15:53:50] [INFO] [RecipeLoader] Adding recipe: 1008441b
[15:53:50] [INFO] [Fox.Shared] 成功添加配方: 1008441b
[15:53:50] [INFO] [RecipeLoader] Successfully added recipe: 1008441b
[15:53:50] [INFO] [RecipeLoader] Skipping item validation for recipe '1008442b', assuming items exist
[15:53:50] [INFO] [RecipeLoader] Recipe '1008442b': Output=1008442x1, Cost=12000, Workbench=Printer
[15:53:50] [INFO] [RecipeLoader] Recipe '1008442b' ingredients: 663x8, 1171x8
[15:53:50] [INFO] [RecipeLoader] Adding recipe: 1008442b
[15:53:50] [INFO] [Fox.Shared] 成功添加配方: 1008442b
[15:53:50] [INFO] [RecipeLoader] Successfully added recipe: 1008442b
[15:53:50] [INFO] [RecipeLoader] Skipping item validation for recipe '1008431', assuming items exist
[15:53:50] [INFO] [RecipeLoader] Recipe '1008431': Output=1008431x1, Cost=3500, Workbench=WorkBenchAdvanced
[15:53:50] [INFO] [RecipeLoader] Recipe '1008431' ingredients: 662x3, 1192x1
[15:53:50] [INFO] [RecipeLoader] Adding recipe: 1008431
[15:53:50] [INFO] [Fox.Shared] 成功添加配方: 1008431
[15:53:50] [INFO] [RecipeLoader] Successfully added recipe: 1008431
[15:53:50] [INFO] [RecipeLoader] Skipping item validation for recipe '1008432', assuming items exist
[15:53:50] [INFO] [RecipeLoader] Recipe '1008432': Output=1008432x1, Cost=5500, Workbench=WorkBenchAdvanced
[15:53:50] [INFO] [RecipeLoader] Recipe '1008432' ingredients: 662x4, 1192x1
[15:53:50] [INFO] [RecipeLoader] Adding recipe: 1008432
[15:53:50] [INFO] [Fox.Shared] 成功添加配方: 1008432
[15:53:50] [INFO] [RecipeLoader] Successfully added recipe: 1008432
[15:53:50] [INFO] [RecipeLoader] Skipping item validation for recipe '1008433', assuming items exist
[15:53:50] [INFO] [RecipeLoader] Recipe '1008433': Output=1008433x1, Cost=6000, Workbench=WorkBenchAdvanced
[15:53:50] [INFO] [RecipeLoader] Recipe '1008433' ingredients: 663x1, 1192x2
[15:53:50] [INFO] [RecipeLoader] Adding recipe: 1008433
[15:53:50] [INFO] [Fox.Shared] 成功添加配方: 1008433
[15:53:50] [INFO] [RecipeLoader] Successfully added recipe: 1008433
[15:53:50] [INFO] [RecipeLoader] Skipping item validation for recipe '1008437', assuming items exist
[15:53:50] [INFO] [RecipeLoader] Recipe '1008437': Output=1008437x1, Cost=8000, Workbench=WorkBenchAdvanced
[15:53:50] [INFO] [RecipeLoader] Recipe '1008437' ingredients: 663x1, 362x6, 1194x4
[15:53:50] [INFO] [RecipeLoader] Adding recipe: 1008437
[15:53:50] [INFO] [Fox.Shared] 成功添加配方: 1008437
[15:53:50] [INFO] [RecipeLoader] Successfully added recipe: 1008437
[15:53:50] [INFO] [RecipeLoader] Skipping item validation for recipe '1008438', assuming items exist
[15:53:50] [INFO] [RecipeLoader] Recipe '1008438': Output=1008438x1, Cost=8000, Workbench=WorkBenchAdvanced
[15:53:50] [INFO] [RecipeLoader] Recipe '1008438' ingredients: 578x1, 1128x1
[15:53:50] [INFO] [RecipeLoader] Adding recipe: 1008438
[15:53:50] [INFO] [Fox.Shared] 成功添加配方: 1008438
[15:53:50] [INFO] [RecipeLoader] Successfully added recipe: 1008438
[15:53:50] [INFO] [RecipeLoader] Skipping item validation for recipe '1008406', assuming items exist
[15:53:50] [INFO] [RecipeLoader] Recipe '1008406': Output=1008406x1, Cost=8000, Workbench=Printer
[15:53:50] [INFO] [RecipeLoader] Recipe '1008406' ingredients: 1290x1, 1424x1, 1425x1, 1426x1
[15:53:50] [INFO] [RecipeLoader] Adding recipe: 1008406
[15:53:50] [INFO] [Fox.Shared] 成功添加配方: 1008406
[15:53:50] [INFO] [RecipeLoader] Successfully added recipe: 1008406
[15:53:50] [INFO] [RecipeLoader] Skipping item validation for recipe '1008407', assuming items exist
[15:53:50] [INFO] [RecipeLoader] Recipe '1008407': Output=1008407x1, Cost=10000, Workbench=Printer
[15:53:50] [INFO] [RecipeLoader] Recipe '1008407' ingredients: 1290x1, 569x1, 1424x3, 1425x2, 1426x1
[15:53:50] [INFO] [RecipeLoader] Adding recipe: 1008407
[15:53:50] [INFO] [Fox.Shared] 成功添加配方: 1008407
[15:53:50] [INFO] [RecipeLoader] Successfully added recipe: 1008407
[15:53:50] [INFO] [RecipeLoader] Processed 16 recipes from: a_a_msa_recipes.yaml
[15:53:50] [INFO] [RecipeLoader] Recipe loading completed. Total recipes added: 16
[15:53:50] [INFO] [Custom2A90] All content loaded successfully!
[15:53:51] [INFO] [ShaderReplacer] Bundle 'examplebundle': replaced 8, skipped 8 URP built-in.
[15:53:51] [INFO] Registered custom item: 31010 - 原型战术枪托
[15:53:51] [INFO] [ShaderReplacer] Bundle 'examplebundle': replaced 8, skipped 8 URP built-in.
[15:53:51] [INFO] Registered custom item: 31012 - 原型战术全息瞄具
[15:53:51] [INFO] [ShaderReplacer] Bundle 'examplebundle': replaced 8, skipped 8 URP built-in.
[15:53:51] [INFO] Registered custom item: 31013 - 原型战术步枪消音器
[15:53:51] [INFO] [ShaderReplacer] Bundle 'examplebundle': replaced 8, skipped 8 URP built-in.
[15:53:51] [INFO] Registered custom item: 31011 - 原型战术垂直握把
[15:53:51] [WARNING] [FML] WeaponInjection: preset 'Cname_ScavRage' has no compatible weapon entry for Gun. Skipped.
[15:53:51] [INFO] [FML] WeaponInjection: preset='Cname_Scav*' weapon=31001 chance=0.30 mod=FeatherMod
[15:53:51] [INFO] [FML] WeaponInjection: preset='Cname_Usec*' weapon=31003 chance=0.10 mod=FeatherMod
[15:53:51] [INFO] [FML] WeaponInjection: preset='Cname_Raider*' weapon=31003 chance=0.15 mod=FeatherMod
[15:53:51] [INFO] [FML] LotteryBox: registered injection 'LotteryBox_Guns' <- typeID=31001 weight=1.00 mod=FeatherMod
[15:53:51] [INFO] [FML] LotteryBox: registered injection 'LotteryBox_Guns' <- typeID=31003 weight=1.00 mod=FeatherMod
[15:53:51] [INFO] [FML] Registered quest: WPNExampleQuest2 (ID: 1022) from mod: DuckovWeaponExample (identifier: DuckovWeaponExample:example_quest_2)
[15:53:51] [INFO] [FML] Registered quest: WPNExampleQuest1_LaoZheng (ID: 1023) from mod: DuckovWeaponExample (identifier: DuckovWeaponExample:example_quest_1)
[15:53:51] [INFO] [FML] Registered quest: AgentEndowmentUnlock_LaoZheng (ID: 1024) from mod: DuckovWeaponExample (identifier: DuckovWeaponExample:agent_unlock_quest)
[15:53:51] [INFO] Added crafting formula: lmr_crafting_example (identifier: DuckovWeaponExample:lmr_crafting_example)
[15:53:51] [INFO] Added decompose: 31001 (identifier: DuckovWeaponExample:scrap_old_gun)
[15:53:51] [INFO] Added decompose: 31003 (identifier: DuckovWeaponExample:scrap_mk23)
[15:53:51] [INFO] Added decompose: 31012 (identifier: DuckovWeaponExample:scrap_sight_test)
[15:53:51] [INFO] Added decompose: 31013 (identifier: DuckovWeaponExample:scrap_muzzle_test)
[15:53:51] [INFO] Added decompose: 31011 (identifier: DuckovWeaponExample:scrap_grip_test)
[15:53:52] [INFO] [鸭鸭市场] [Fallback] Checking if GameVersionDisplay UI needs compensation...
[15:53:52] [WARNING] [鸭鸭市场] [Fallback] GameVersionDisplay not found in scene
[15:53:54] [INFO] [鸭鸭市场] [Patch] GameVersionDisplay.Start called, adding status text...
[15:53:54] [INFO] [鸭鸭市场] [Patch] 尝试同步游戏语言...
[15:53:54] [INFO] [鸭鸭市场] [Patch] Subscribed to language change event
[15:53:54] [INFO] [鸭鸭市场] [Patch] Status text created successfully at position (1280.00, 38.79)
[15:53:54] [INFO] [鸭鸭市场] [Patch] Using font: ResourceHanRoundedCN-Medium SDF, size: 25
[15:53:54] [INFO] [鸭鸭市场] [Patch] ✅ DuckMarketQQGroupText created at position (1280.00, 3.79)
[15:53:54] [INFO] [鸭鸭市场] [Patch] ✅ DuckMarketDiscordText created at position (1280.00, 33.79)
[15:53:54] [INFO] [鸭鸭市场] [Patch] ✅ Both community links created successfully
[15:53:54] [INFO] [鸭鸭市场] [Patch] 尝试同步游戏语言...
[15:53:56] [INFO] [IndependentStash] 场景卸载: MainMenu
[15:53:56] [INFO] [TDAE] 场景卸载: MainMenu, 重置技能状态
[15:53:56] [INFO] [TDAE] 所有技能已停用
[15:53:56] [INFO] [TDAE] 外骨骼技能重置完成
[15:53:56] [INFO] [TDAE] 所有技能已重置
[15:53:56] [INFO] [鸭鸭市场] [Scene] Active scene changing:  -> LoadingScreen_Black
[15:53:56] [INFO] [IndependentStash] 场景加载: LoadingScreen_Black
[15:53:56] [INFO] [鸭鸭市场] [Scene] Scene loaded: LoadingScreen_Black (mode: Single)
[15:53:56] [INFO] [TDAE] 场景加载: LoadingScreen_Black, 重置技能状态
[15:53:56] [INFO] [TDAE] 所有技能已停用
[15:53:56] [INFO] [TDAE] 外骨骼技能重置完成
[15:53:56] [INFO] [TDAE] 所有技能已重置
[15:54:28] [INFO] [鸭鸭市场] Patching GameplayUIManager to add DuckMarketView_NoteClone...
[15:54:28] [INFO] [鸭鸭市场] [ListingCreationView] OnClose called - pure IMGUI mode
[15:54:28] [INFO] [鸭鸭市场] [ListingCreationView] Awake called - using pure IMGUI
[15:54:28] [INFO] [鸭鸭市场] [ListingCreationView] Cached textures initialized
[15:54:28] [INFO] [鸭鸭市场] [DuckMarket] OnClose - 隐藏UI
[15:54:28] [INFO] [鸭鸭市场] [DuckMarket] ========== 开始初始化鸭鸭市场UI ==========
[15:54:28] [INFO] [鸭鸭市场] [DuckMarket] 📋 克隆GameObject结构...
[15:54:28] [INFO] [鸭鸭市场] [DuckMarket]   - Canvas GameObject: DuckMarket_NoteClone
[15:54:28] [INFO] [鸭鸭市场] [DuckMarket]   - FadeGroup: ✅
[15:54:28] [INFO] [鸭鸭市场] [DuckMarket]   - ScrollRect: ✅ (2个)
[15:54:28] [INFO] [鸭鸭市场] [DuckMarket]   - EntryTemplate: ✅ (找到1个)
[15:54:28] [INFO] [鸭鸭市场] [DuckMarket]   - 使用Content下的Entry作为模板
[15:54:28] [INFO] [鸭鸭市场] [DuckMarket]   - NoEntryIndicator: ✅ (PlaceHolder)
[15:54:28] [INFO] [鸭鸭市场] [DuckMarket]   - Inspector: ✅ (从克隆的Content中找到: Inspector)
[15:54:28] [INFO] [鸭鸭市场] [DuckMarket]   - FadeGroup GameObject: DuckMarket_NoteClone
[15:54:28] [INFO] [鸭鸭市场] [DuckMarket]   - 搜索框localPosition: (-300.00, 552.00, 0.00)
[15:54:28] [INFO] [鸭鸭市场] [DuckMarket]   - 搜索框anchoredPosition: (0.00, -60.00)
[15:54:28] [INFO] [鸭鸭市场] [DuckMarket]   - 搜索框sizeDelta: (0.00, 50.00)
[15:54:28] [INFO] [鸭鸭市场] [DuckMarket]   - 搜索框pivot: (0.00, 1.00)
[15:54:28] [INFO] [鸭鸭市场] [DuckMarket]   - 搜索框有LayoutElement:
[15:54:28] [INFO] [鸭鸭市场] [DuckMarket]     [0] DuckMarketSearchBarContainer - active:True, pos:(0.00, -60.00), size:(0.00, 50.00)
[15:54:28] [INFO] [鸭鸭市场] [DuckMarket]     [1] CountText - active:False, pos:(0.00, 0.00), size:(0.00, 0.00)
[15:54:28] [INFO] [鸭鸭市场] [DuckMarket]     [2] Entries Scroll View - active:True, pos:(0.00, 0.00), size:(600.00, 1224.00)
[15:54:28] [INFO] [鸭鸭市场] [DuckMarket] 📦 创建'仅显示拥有的物品'按钮...
[15:54:28] [INFO] [鸭鸭市场] [DuckMarket]   - 删除组件: PointerDownUpEvents
[15:54:28] [INFO] [鸭鸭市场] [DuckMarket]   - 删除组件: SizeDeltaToggle
[15:54:28] [INFO] [鸭鸭市场] [DuckMarket]   - 删除组件: ViewsProxy
[15:54:28] [INFO] [鸭鸭市场] [DuckMarket]   - 🔍 找到 1 个TextLocalizor组件
[15:54:28] [INFO] [鸭鸭市场] [DuckMarket]   - 删除TextLocalizor: Text (TMP)
[15:54:28] [INFO] [鸭鸭市场] [DuckMarket]   - 🔍 按钮包含 1 个TextMeshProUGUI组件
[15:54:28] [INFO] [鸭鸭市场] [DuckMarket]     - 更新前: Text (TMP) = '搜索'
[15:54:28] [INFO] [鸭鸭市场] [DuckMarket]     - 更新后: Text (TMP) = '仅拥有', fontSize=20
[15:54:28] [INFO] [鸭鸭市场] [DuckMarket]   - ✅ 设置按钮RectTransform: sizeDelta=(150.00, 50.00)
[15:54:28] [INFO] [鸭鸭市场] [DuckMarket]   - ✅ 设置LayoutElement: preferredWidth=150, minWidth=150, flexibleWidth=0
[15:54:28] [INFO] [鸭鸭市场] [DuckMarket] ✅ '仅显示拥有的物品'按钮创建成功
[15:54:28] [INFO] [鸭鸭市场] [DuckMarket]     - anchorMin: (1.00, 1.00)
[15:54:28] [INFO] [鸭鸭市场] [DuckMarket]     - anchorMax: (1.00, 1.00)
[15:54:28] [INFO] [鸭鸭市场] [DuckMarket]     - anchoredPosition: (-8.00, -150.00)
[15:54:28] [INFO] [鸭鸭市场] [DuckMarket]     - sizeDelta: (936.00, 900.00)
[15:54:28] [INFO] [鸭鸭市场] [DuckMarket]   - ✅ 找到TitleBar，遍历子对象禁用按钮
[15:54:28] [INFO] [鸭鸭市场] [DuckMarket]   - 📋 保存按钮作为模板: StoreAllBtn
[15:54:28] [INFO] [鸭鸭市场] [DuckMarket]   - ✅ 禁用TitleBar按钮: StoreAllBtn
[15:54:28] [INFO] [鸭鸭市场] [DuckMarket]   - ✅ 禁用TitleBar按钮: SortButton
[15:54:29] [WARNING] [鸭鸭市场] [DuckMarket]   - provider为空，尝试从场景中查找 InventoryFilterProvider...
[15:54:29] [INFO] [鸭鸭市场] [DuckMarket]   - provider筛选条目数量: 9
[15:54:29] [INFO] [鸭鸭市场] [DuckMarket]   - 筛选按钮[0]: FilterEntry(Clone)
[15:54:29] [INFO] [鸭鸭市场] [DuckMarket]     - active=True, parent=MarketFilterDisplay
[15:54:29] [INFO] [鸭鸭市场] [DuckMarket]   - 筛选按钮[1]: FilterEntry(Clone)
[15:54:29] [INFO] [鸭鸭市场] [DuckMarket]     - active=True, parent=MarketFilterDisplay
[15:54:29] [INFO] [鸭鸭市场] [DuckMarket]   - 筛选按钮[2]: FilterEntry(Clone)
[15:54:29] [INFO] [鸭鸭市场] [DuckMarket]     - active=True, parent=MarketFilterDisplay
[15:54:29] [INFO] [鸭鸭市场] [DuckMarket]   - FilterDisplay: name=MarketFilterDisplay, active=True
[15:54:29] [INFO] [鸭鸭市场] [DuckMarket]   - Parent: Content
[15:54:29] [INFO] [鸭鸭市场] [DuckMarket]   - CanvasGroup: alpha=1, blocksRaycasts=True
[15:54:29] [WARNING] [鸭鸭市场] [DuckMarket]   - ⚠️ 未找到刷新Button
[15:54:29] [INFO] [鸭鸭市场] [DuckMarket]       - RectTransform
[15:54:29] [INFO] [鸭鸭市场] [DuckMarket]       - CanvasRenderer
[15:54:29] [INFO] [鸭鸭市场] [DuckMarket]       - Image
[15:54:29] [INFO] [鸭鸭市场] [DuckMarket]         - Color: RGBA(1.000, 1.000, 1.000, 1.000)
[15:54:29] [INFO] [鸭鸭市场] [DuckMarket]       - Button
[15:54:29] [INFO] [鸭鸭市场] [DuckMarket]       - LayoutElement
[15:54:29] [INFO] [鸭鸭市场] [DuckMarket]       - TrueShadow
[15:54:29] [INFO] [鸭鸭市场] [DuckMarket]       - PointerDownUpEvents
[15:54:29] [INFO] [鸭鸭市场] [DuckMarket]       - SizeDeltaToggle
[15:54:29] [INFO] [鸭鸭市场] [DuckMarket]       - ViewsProxy
[15:54:29] [INFO] [鸭鸭市场] [DuckMarket]       - Text (TMP)
[15:54:29] [INFO] [鸭鸭市场] [DuckMarket]         - Text: "配方图鉴"
[15:54:29] [INFO] [鸭鸭市场] [DuckMarket]         - Color: RGBA(0.196, 0.196, 0.196, 1.000)
[15:54:29] [INFO] [鸭鸭市场] [DuckMarket] 📜 开始将Inspector右侧内容包装到ScrollView...
[15:54:29] [INFO] [鸭鸭市场] [DuckMarket]   - ✅ 强制禁用PlaceHolder GameObject
[15:54:29] [INFO] [鸭鸭市场] [DuckMarket]   - Inspector实际高度: 1224px
[15:54:29] [INFO] [鸭鸭市场] [DuckMarket]   - ScrollView尺寸: 936x1224 (动态跟随Inspector)
[15:54:29] [INFO] [鸭鸭市场] [DuckMarket] ✅ Inspector ScrollView包装完成
[15:54:29] [INFO] [鸭鸭市场] [DuckMarket]   - ScrollView尺寸: (936.00, 0.00)
[15:54:29] [INFO] [鸭鸭市场] [DuckMarket]   - 滚动模式: Elastic (弹性滚动)
[15:54:29] [INFO] [鸭鸭市场] [DuckMarket]   - Content左右padding: 60px
[15:54:29] [INFO] [鸭鸭市场] [DuckMarket]   - 子元素宽度: 816px (936px - 120px padding)
[15:54:29] [INFO] [鸭鸭市场] [DuckMarket]   - 子元素: FilterDisplay, InspectorSearchBar, InventoryDisplay, Spacer(20px), PagesControl
[15:54:29] [INFO] [鸭鸭市场] ListingCreationView and DuckMarketView_NoteClone successfully added to GameplayUIManager
[15:54:29] [INFO] [鸭鸭市场] [HoverAveragePriceDisplay] Initialized
[15:54:29] [INFO] [鸭鸭市场] [ItemOperationMenuPatch] ✅ 上架、求购和筛选按钮已创建
[15:54:29] [INFO] tree data is empty
[15:54:29] [INFO] [IndependentStash] 场景加载: Base
[15:54:29] [INFO] [鸭鸭市场] [Scene] Scene loaded: Base (mode: Additive)
[15:54:29] [INFO] [鸭鸭市场] [Scene] Base scene detected: Base, checking level state...
[15:54:29] [INFO] [TDAE] 虚空容器已加载 键值为: Bullets, 容量: 3000
[15:54:29] [INFO] [TDAE] 场景加载: Base, 重置技能状态
[15:54:29] [INFO] [TDAE] 所有技能已停用
[15:54:29] [INFO] [TDAE] 外骨骼技能重置完成
[15:54:29] [INFO] [TDAE] 所有技能已重置
[15:54:29] [INFO] [鸭鸭市场] [Scene] Active scene changing: LoadingScreen_Black -> Base
[15:54:29] [INFO] New boot
[15:54:30] [INFO] [IndependentStash] 场景卸载: LoadingScreen_Black
[15:54:30] [INFO] [TDAE] 场景卸载: LoadingScreen_Black, 重置技能状态
[15:54:30] [INFO] [TDAE] 所有技能已停用
[15:54:30] [INFO] [TDAE] 外骨骼技能重置完成
[15:54:30] [INFO] [TDAE] 所有技能已重置
[15:54:30] [INFO] [FML FriendlyNpc] OnMainSceneLoaded -> RestoreNpcSpawns
[15:54:30] [INFO] [FML FriendlyNpc] RestoreNpcSpawns: loaded 0 entries, currentScene='<main>'
[15:54:30] [INFO] [PerkTreeUtils] MainSceneLoaded: retrying 1 deferred vanilla inject(s)...
[15:54:30] [INFO] [PerkTreeUtils] EnsureGraphNode: node for 'material_storage' already exists in graph.
[15:54:30] [INFO] [PerkTreeUtils] Retried 1 vanilla inject(s).
[15:54:30] [INFO] [Level Initialization] Starting up...
[15:54:30] [INFO] [Level Initialization] Invoking Beginning Event...
[15:54:30] [INFO] [Level Initialization] Setting up rule...
[15:54:30] [INFO] Rule is:自定义,Recoil:0.9990541
[15:54:30] [INFO] [Level Initialization] Getting location...
[15:54:30] [INFO] [Level Initialization] Creating location info...
[15:54:30] [INFO] [Level Initialization] Setting start position...
[15:54:30] [INFO] [Level Initialization] Creating character at location...
[15:54:30] [INFO] [MoreTotem] Call stack from CharacterMainControl.SetItem
  at MoreTotem.Patches.CharacterMainControl_SetItem_Patch.Prefix()
  at MonoMod.Utils.DynamicMethodDefinition.CharacterMainControl.SetItem_Patch1()
  at CharacterCreator+<CreateCharacter>d__2.MoveNext()
  at MonoMod.Utils.DynamicMethodDefinition.CharacterCreator.CreateCharacter_Patch1()
  at MonoMod.Utils.DynamicMethodDefinition.Glue:AbiFixup<Cysharp.Threading.Tasks.UniTask`1[[CharacterMainControl, TeamSoda.Duckov.Core, Version=0.0.0.0, Culture=neutral, PublicKeyToken=null]] CharacterCreator:CreateCharacter(ItemStatsSystem.Item, CharacterModel, UnityEngine.Vector3, UnityEngine.Quaternion),Cysharp.Threading.Tasks.UniTask`1[[CharacterMainControl, TeamSoda.Duckov.Core, Version=0.0.0.0, Culture=neutral, PublicKeyToken=null]] CharacterCreator.CreateCharacter_Patch1(CharacterCreator, ItemStatsSystem.Item, CharacterModel, UnityEngine.Vector3, UnityEngine.Quaternion)>()
  at LevelManager+<CreateMainCharacterAsync>d__127.MoveNext()
  at LevelManager.CreateMainCharacterAsync()
  at LevelManager+<InitLevel>d__121.MoveNext()
  at Cysharp.Threading.Tasks.CompilerServices.AsyncUniTaskVoid`1[[LevelManager+<InitLevel>d__121, TeamSoda.Duckov.Core, Version=0.0.0.0, Culture=neutral, PublicKeyToken=null]].Run()
  at Cysharp.Threading.Tasks.Internal.ContinuationQueue.RunCore()
  at Cysharp.Threading.Tasks.Internal.ContinuationQueue.Run()
[15:54:30] [INFO] [Level Initialization] Teleporting to location...
[15:54:30] [INFO] [CombatMaid][Info][MaidSpawner.InitializeRoutine] 正在预热 Buff 系统缓存...
[15:54:30] [INFO] [CombatMaid][Info][MaidBuffUtils.Initialize] 初始化完成，已缓存 114 个原版 Buff
[15:54:30] [INFO] [CombatMaid][Info][MaidSpawner.InitializeRoutine] MaidSpawner 逻辑运行环境初始化完成。
[15:54:30] [WARNING] [QuackCore][Warn][CharacterModifier.SelfCheck] [CharacterModifier] 发现缺失定义: 游戏原生支持属性 'CanSwim'，但模组常量类中尚未配置。
[15:54:30] [INFO] [QuackCore][Info][StatValidator.LogAllKeys] [StatValidator] 当前可用属性总数: 71
[15:54:30] [INFO] [QuackCore][Info][StatValidator.LogAllKeys]  -> ID: WalkSpeed | 名称: 行走速度
[15:54:30] [INFO] [QuackCore][Info][StatValidator.LogAllKeys]  -> ID: RunSpeed | 名称: 奔跑速度
[15:54:30] [INFO] [QuackCore][Info][StatValidator.LogAllKeys]  -> ID: AimTurnSpeed | 名称: 瞄准转向速度
[15:54:30] [INFO] [QuackCore][Info][StatValidator.LogAllKeys]  -> ID: TurnSpeed | 名称: 转向速度
[15:54:30] [INFO] [QuackCore][Info][StatValidator.LogAllKeys]  -> ID: WalkAcc | 名称: 行走加速度
[15:54:30] [INFO] [QuackCore][Info][StatValidator.LogAllKeys]  -> ID: RunAcc | 名称: 奔跑加速度
[15:54:30] [INFO] [QuackCore][Info][StatValidator.LogAllKeys]  -> ID: MaxHealth | 名称: 最大生命值
[15:54:30] [INFO] [QuackCore][Info][StatValidator.LogAllKeys]  -> ID: MaxEnergy | 名称: 最大能量
[15:54:30] [INFO] [QuackCore][Info][StatValidator.LogAllKeys]  -> ID: EnergyCost | 名称: 能量消耗速率
[15:54:30] [INFO] [QuackCore][Info][StatValidator.LogAllKeys]  -> ID: MaxWeight | 名称: 最大负重
[15:54:30] [INFO] [QuackCore][Info][StatValidator.LogAllKeys]  -> ID: Stamina | 名称: 体力
[15:54:30] [INFO] [QuackCore][Info][StatValidator.LogAllKeys]  -> ID: StaminaDrainRate | 名称: 体力消耗
[15:54:30] [INFO] [QuackCore][Info][StatValidator.LogAllKeys]  -> ID: StaminaRecoverRate | 名称: 体力恢复
[15:54:30] [INFO] [QuackCore][Info][StatValidator.LogAllKeys]  -> ID: StaminaRecoverTime | 名称: 体力恢复时间
[15:54:30] [INFO] [QuackCore][Info][StatValidator.LogAllKeys]  -> ID: HungerDurability | 名称: 最大能量
[15:54:30] [INFO] [QuackCore][Info][StatValidator.LogAllKeys]  -> ID: BodyArmor | 名称: 身体护甲
[15:54:30] [INFO] [QuackCore][Info][StatValidator.LogAllKeys]  -> ID: HeadArmor | 名称: 头部护甲
[15:54:30] [INFO] [QuackCore][Info][StatValidator.LogAllKeys]  -> ID: Attack | 名称: 攻击力
[15:54:30] [INFO] [QuackCore][Info][StatValidator.LogAllKeys]  -> ID: MaxWater | 名称: 最大水分
[15:54:30] [INFO] [QuackCore][Info][StatValidator.LogAllKeys]  -> ID: WaterCost | 名称: 水分消耗速率
[15:54:30] [INFO] [QuackCore][Info][StatValidator.LogAllKeys]  -> ID: GunDamageMultiplier | 名称: 枪械伤害倍率
[15:54:30] [INFO] [QuackCore][Info][StatValidator.LogAllKeys]  -> ID: GunDistanceMultiplier | 名称: 枪械射程系数
[15:54:30] [INFO] [QuackCore][Info][StatValidator.LogAllKeys]  -> ID: GunShootSpeedMultiplier | 名称: 枪械射速倍率
[15:54:30] [INFO] [QuackCore][Info][StatValidator.LogAllKeys]  -> ID: ReloadSpeedGain | 名称: 换弹速率
[15:54:30] [INFO] [QuackCore][Info][StatValidator.LogAllKeys]  -> ID: FoodGain | 名称: 食物效率
[15:54:30] [INFO] [QuackCore][Info][StatValidator.LogAllKeys]  -> ID: WaterEnergyRecoverMultiplier | 名称: 基地中水分和能量恢复速率
[15:54:30] [INFO] [QuackCore][Info][StatValidator.LogAllKeys]  -> ID: HealGain | 名称: 治疗效率
[15:54:30] [INFO] [QuackCore][Info][StatValidator.LogAllKeys]  -> ID: GunCritRateGain | 名称: 枪械暴击率
[15:54:30] [INFO] [QuackCore][Info][StatValidator.LogAllKeys]  -> ID: GunCritDamageGain | 名称: 枪械爆头伤害
[15:54:30] [INFO] [QuackCore][Info][StatValidator.LogAllKeys]  -> ID: GunScatterMultiplier | 名称: 枪械散布
[15:54:30] [INFO] [QuackCore][Info][StatValidator.LogAllKeys]  -> ID: InventoryCapacity | 名称: 背包空间
[15:54:30] [INFO] [QuackCore][Info][StatValidator.LogAllKeys]  -> ID: MeleeDamageMultiplier | 名称: 近战伤害倍率
[15:54:30] [INFO] [QuackCore][Info][StatValidator.LogAllKeys]  -> ID: MeleeCritRateGain | 名称: 近战暴击率
[15:54:30] [INFO] [QuackCore][Info][StatValidator.LogAllKeys]  -> ID: MeleeCritDamageGain | 名称: 近战暴击伤害
[15:54:30] [INFO] [QuackCore][Info][StatValidator.LogAllKeys]  -> ID: WalkSoundRange | 名称: 行走声音距离
[15:54:30] [INFO] [QuackCore][Info][StatValidator.LogAllKeys]  -> ID: RunSoundRange | 名称: 奔跑声音距离
[15:54:30] [INFO] [QuackCore][Info][StatValidator.LogAllKeys]  -> ID: RecoilControl | 名称: 后座力控制
[15:54:30] [INFO] [QuackCore][Info][StatValidator.LogAllKeys]  -> ID: GasMask | 名称: 毒气防护
[15:54:30] [INFO] [QuackCore][Info][StatValidator.LogAllKeys]  -> ID: DashSpeed | 名称: 翻滚速度
[15:54:30] [INFO] [QuackCore][Info][StatValidator.LogAllKeys]  -> ID: DashCanControl | 名称: 翻滚方向控制
[15:54:30] [INFO] [QuackCore][Info][StatValidator.LogAllKeys]  -> ID: BulletSpeedMultiplier | 名称: 子弹速度倍率
[15:54:30] [INFO] [QuackCore][Info][StatValidator.LogAllKeys]  -> ID: ElementFactor_Physics | 名称: 物理承伤倍率
[15:54:30] [INFO] [QuackCore][Info][StatValidator.LogAllKeys]  -> ID: ElementFactor_Fire | 名称: 火承伤倍率
[15:54:30] [INFO] [QuackCore][Info][StatValidator.LogAllKeys]  -> ID: ElementFactor_Poison | 名称: 毒承伤倍率
[15:54:30] [INFO] [QuackCore][Info][StatValidator.LogAllKeys]  -> ID: ElementFactor_Electricity | 名称: 电承伤倍率
[15:54:30] [INFO] [QuackCore][Info][StatValidator.LogAllKeys]  -> ID: ElementFactor_Space | 名称: 空间承伤倍率
[15:54:30] [INFO] [QuackCore][Info][StatValidator.LogAllKeys]  -> ID: ElementFactor_Ghost | 名称: 灵承伤倍率
[15:54:30] [INFO] [QuackCore][Info][StatValidator.LogAllKeys]  -> ID: ElementFactor_Ice | 名称: 冰承伤倍率
[15:54:30] [INFO] [QuackCore][Info][StatValidator.LogAllKeys]  -> ID: Moveability | 名称: 移动能力
[15:54:30] [INFO] [QuackCore][Info][StatValidator.LogAllKeys]  -> ID: ViewAngle | 名称: 视野角度
[15:54:30] [INFO] [QuackCore][Info][StatValidator.LogAllKeys]  -> ID: SenseRange | 名称: 感知距离
[15:54:30] [INFO] [QuackCore][Info][StatValidator.LogAllKeys]  -> ID: ViewDistance | 名称: 视野距离
[15:54:30] [INFO] [QuackCore][Info][StatValidator.LogAllKeys]  -> ID: SoundVisable | 名称: 听声辨位
[15:54:30] [INFO] [QuackCore][Info][StatValidator.LogAllKeys]  -> ID: HearingAbility | 名称: 听力
[15:54:30] [INFO] [QuackCore][Info][StatValidator.LogAllKeys]  -> ID: NightVisionAbility | 名称: 夜视能力
[15:54:30] [INFO] [QuackCore][Info][StatValidator.LogAllKeys]  -> ID: NightVisionType | 名称: 夜视类型
[15:54:30] [INFO] [QuackCore][Info][StatValidator.LogAllKeys]  -> ID: PetCapcity | 名称: 宠物背包容量
[15:54:30] [INFO] [QuackCore][Info][StatValidator.LogAllKeys]  -> ID: StormProtection | 名称: 风暴防护
[15:54:30] [INFO] [QuackCore][Info][StatValidator.LogAllKeys]  -> ID: FireProtection | 名称: 火防护
[15:54:30] [INFO] [QuackCore][Info][StatValidator.LogAllKeys]  -> ID: ElecProtection | 名称: 电防护
[15:54:30] [INFO] [QuackCore][Info][StatValidator.LogAllKeys]  -> ID: FishingTime | 名称: 垂钓能力
[15:54:30] [INFO] [QuackCore][Info][StatValidator.LogAllKeys]  -> ID: FishingQualityFactor | 名称: 垂钓运气
[15:54:30] [INFO] [QuackCore][Info][StatValidator.LogAllKeys]  -> ID: WeaponRepairLossFactor | 名称: 武器维修损耗
[15:54:30] [INFO] [QuackCore][Info][StatValidator.LogAllKeys]  -> ID: EquipmentRepairLossFactor | 名称: 装备维修损耗
[15:54:30] [INFO] [QuackCore][Info][StatValidator.LogAllKeys]  -> ID: VisableDistanceFactor | 名称: 被发现距离系数
[15:54:30] [INFO] [QuackCore][Info][StatValidator.LogAllKeys]  -> ID: ColdProtection | 名称: 寒冷防护
[15:54:30] [INFO] [QuackCore][Info][StatValidator.LogAllKeys]  -> ID: HeatProtection | 名称: 炎热防护
[15:54:30] [INFO] [QuackCore][Info][StatValidator.LogAllKeys]  -> ID: HackRangeFactor | 名称: 入侵距离系数
[15:54:30] [INFO] [QuackCore][Info][StatValidator.LogAllKeys]  -> ID: HackTimeFactor | 名称: 入侵时间系数
[15:54:30] [INFO] [QuackCore][Info][StatValidator.LogAllKeys]  -> ID: HackSkillLevel | 名称: 入侵装置等级
[15:54:30] [INFO] [QuackCore][Info][StatValidator.LogAllKeys]  -> ID: CanSwim | 名称: *Stat_CanSwim*
[15:54:32] [WARNING] 在 ItemAssetCollection 中找不到 Item ID:-1 的项目。
[15:54:32] [INFO] [ITEM LOADING][SLOT] Trying to plug item to slot FallbackItem_-1(-1-)/MainWallPaper, but the slot doesn't exist.
[15:54:32] [INFO] 尝试加载Inventory数据，但物品的Inventory不存在。
[15:54:32] [INFO] OnEnable
[15:54:32] [INFO] OnEnable
[15:54:32] [INFO] [IndependentStash] 场景加载: Base_SceneV2
[15:54:32] [INFO] [鸭鸭市场] [Scene] Scene loaded: Base_SceneV2 (mode: Additive)
[15:54:32] [INFO] [鸭鸭市场] [Scene] Base scene detected: Base_SceneV2, checking level state...
[15:54:32] [INFO] [TDAE] 场景加载: Base_SceneV2, 重置技能状态
[15:54:32] [INFO] [TDAE] 所有技能已停用
[15:54:32] [INFO] [TDAE] 外骨骼技能重置完成
[15:54:32] [INFO] [TDAE] 所有技能已重置
[15:54:32] [INFO] [TDAE] 装备免疫头盔
[15:54:32] [INFO] [TDAE] 装备免疫护甲
[15:54:32] [INFO] [TDAE] 装备声波控制图腾: Totem1
[15:54:32] [INFO] [TDAE] 装备外骨骼图腾: Totem2
[15:54:32] [INFO] [CombatMaid][Info][SkillTreeConfigLoader.LoadFromFile] [SkillTreeConfigLoader] 成功加载技能树: SkillTree_MaidTech_Name (共 45 个节点)
[15:54:32] [WARNING] DontDestroyOnLoad only works for root GameObjects or components on root GameObjects.
[15:54:32] [WARNING] [CombatMaid][Warn][SkillTreeBuilder.RebuildGraphConnections] [RebuildGraph] ⚠ 检测到节点数量不匹配，重建节点列表
[15:54:32] [INFO] [CombatMaid][Info][SkillTreeManager.BuildSkillTree] [BuildSkillTree] ✓ 技能树构建完成，共 45 个节点
[15:54:32] [INFO] [CombatMaid][Info][SkillTreeManager.InitSkillTreeRoutine] 技能树初始化完毕
[15:54:32] [INFO] [鸭鸭市场] [Scene] Active scene changing: Base -> Base_SceneV2
[15:54:32] [INFO] [鸭鸭市场] [InteractableBaseAwakePatch] Black Market Facility detected (Interaction: 浏览订单), adding Flea Market option...
[15:54:32] [INFO] [鸭鸭市场] [FleaMarketInteractable] Initialized successfully
[15:54:32] [INFO] [鸭鸭市场] [InteractableBaseAwakePatch] Flea Market interactable created
[15:54:32] [INFO] [鸭鸭市场] [InteractableBaseAwakePatch] Flea Market added to interactable group successfully (Market Upgrade temporarily disabled)
[15:54:32] [WARNING] 在 ItemAssetCollection 中找不到 Item ID:-1 的项目。
[15:54:32] [WARNING] 在 ItemAssetCollection 中找不到 Item ID:-1 的项目。
[15:54:32] [INFO] [ITEM LOADING][SLOT] Trying to plug item to slot FallbackItem_-1(-1-)/Slot_0, but the slot doesn't exist.
[15:54:32] [WARNING] 在 ItemAssetCollection 中找不到 Item ID:-1 的项目。
[15:54:32] [WARNING] 在 ItemAssetCollection 中找不到 Item ID:-1 的项目。
[15:54:32] [WARNING] 在 ItemAssetCollection 中找不到 Item ID:-1 的项目。
[15:54:32] [INFO] [鸭鸭市场] [FleaMarketInteractable] ✅ Start完成，当前语言: ChineseSimplified
[15:54:32] [INFO] [BuildingUtils] RestoreBuildingInteractions: machines=0, callbacks=1, pending=1.
[15:54:32] [INFO] [Level Initialization] Opening ears
[15:54:32] [INFO] [Level Initialization] Hearing Ambient
[15:54:32] [INFO] [Level Initialization] Hearing Buses
[15:54:32] [INFO] [FML FriendlyNpc] OnSubSceneLoaded(duckov:Base_SceneV2) -> RestoreNpcSpawns
[15:54:32] [INFO] [FML FriendlyNpc] RestoreNpcSpawns: loaded 0 entries, currentScene='Base_SceneV2'
[15:54:32] [INFO] [Level Initialization] Spawning bodies
[15:54:32] [INFO] [Level Initialization] Setting up character status...
[15:54:32] [INFO] [Level Initialization] Setting up pet...
[15:54:32] [WARNING] [FML FriendlyNpc] PerkTree 'laozheng_arts' not found in PerkTreeManager for 'DuckovDrinks:npc_laozheng'. Register it via PerkTreeUtils.RegisterPerkTree() first, or reference a vanilla tree (e.g. Identifier("duckov", "PerkTree_Hacker")).
[15:54:32] [INFO] [FML FriendlyNpc] ProximityTrigger for 'DuckovDrinks:npc_laozheng': NpcId.Path='npc_laozheng', ActorId='npc_laozheng'
[15:54:32] [INFO] [FML FriendlyNpc] PersistNpcSpawn: 'DuckovDrinks:npc_laozheng' at (-7.5,0.0,-70.5), total entries=1
[15:54:32] [INFO] [FML FriendlyNpc] Spawned 'DuckovDrinks:npc_laozheng' with CharacterModel at (-7.50, 0.00, -70.50)
[15:54:32] [INFO] [鸭鸭市场] [State] Manual check: Player is in base, updating state
[15:54:32] [INFO] [鸭鸭市场] [State] Menu -> InBase
[15:54:32] [INFO] [鸭鸭市场] [State] WebSocket connection will be handled by OnLevelInitialized
[15:54:32] [INFO] [Level Initialization] Setting character items...
[15:54:32] [INFO] [Level Initialization] Waiting for other initialization...
[15:54:33] [INFO] [Level Initialization] Handling raid initialization...
[15:54:33] [INFO] [Level Initialization] Invoking initialized event...
[15:54:33] [INFO] 加载EndowmentManager_ApplyCurrentEndowment_prefix成功0000
[15:54:33] [INFO] 默认列表有：6
[15:54:33] [INFO] LoadEndowmentEntry加载成功！
[15:54:33] [INFO] 添加的customEndowments有：1
[15:54:33] [INFO] LoadEndowmentEntry加载成功！
[15:54:33] [INFO] GrowthTalentChange修改加载成功！
[15:54:33] [INFO] [鸭鸭市场] [State] Player entered base
[15:54:33] [INFO] [鸭鸭市场] [WebSocket] Not connected, attempting to connect...
[15:54:33] [INFO] [鸭鸭市场] [WebSocket] Connecting for save slot 1...
[15:54:33] [INFO] [鸭鸭市场] [WebSocketClient] Connecting to WebSocket (save_slot=1)
[15:54:33] [INFO] [FML FriendlyNpc] OnLevelInitialized -> RestoreNpcSpawns
[15:54:33] [INFO] [FML FriendlyNpc] RestoreNpcSpawns: loaded 1 entries, currentScene='Base_SceneV2'
[15:54:33] [INFO] [Level Initialization] Healing...
[15:54:33] [INFO] [Level Initialization] Spawing exits...
[15:54:33] [INFO] [Level Initialization] Creating map element...
[15:54:33] [INFO] [Level Initialization] Setting character position...
[15:54:33] [INFO] [鸭鸭市场] [FleaMarketInteractable] 🌐 当前语言: ChineseSimplified
[15:54:33] [INFO] [鸭鸭市场] [FleaMarketInteractable] 🔍 预期翻译: 鸭鸭市场
[15:54:33] [INFO] [鸭鸭市场] [FleaMarketInteractable] ✅ 手动注入 localization override: interaction.open_duck_market = 鸭鸭市场
[15:54:33] [INFO] [鸭鸭市场] [FleaMarketInteractable] ✅ 已设置 InteractName key = interaction.open_duck_market
[15:54:33] [INFO] [鸭鸭市场] [FleaMarketInteractable] 🔍 实际显示: 鸭鸭市场
[15:54:33] [INFO] [FML FriendlyNpc] SpawnFriendlyNpcAsync: removing existing instance of 'DuckovDrinks:npc_laozheng' before re-spawn.
[15:54:33] [INFO] [BuildingUtils] RestoreBuildingInteractions: machines=0, callbacks=1, pending=0.
[15:54:33] [INFO] [BuildingUtils] RestoreBuildingInteractions: machines=0, callbacks=1, pending=0.
[15:54:33] [INFO] [Level Initialization] Done!
[15:54:33] [WARNING] [FML FriendlyNpc] PerkTree 'laozheng_arts' not found in PerkTreeManager for 'DuckovDrinks:npc_laozheng'. Register it via PerkTreeUtils.RegisterPerkTree() first, or reference a vanilla tree (e.g. Identifier("duckov", "PerkTree_Hacker")).
[15:54:33] [INFO] [FML FriendlyNpc] ProximityTrigger for 'DuckovDrinks:npc_laozheng': NpcId.Path='npc_laozheng', ActorId='npc_laozheng'
[15:54:33] [INFO] [FML FriendlyNpc] PersistNpcSpawn: 'DuckovDrinks:npc_laozheng' at (-7.5,0.0,-70.5), total entries=1
[15:54:33] [INFO] [FML FriendlyNpc] Spawned 'DuckovDrinks:npc_laozheng' with CharacterModel at (-7.50, 0.00, -70.50)
[15:54:33] [INFO] [鸭鸭市场] [State] Manual check: Player is in base, updating state
[15:54:33] [INFO] [鸭鸭市场] [State] WebSocket connection will be handled by OnLevelInitialized
[15:54:33] [WARNING] [FML FriendlyNpc] PerkTree 'laozheng_arts' not found in PerkTreeManager for 'DuckovDrinks:npc_laozheng'. Register it via PerkTreeUtils.RegisterPerkTree() first, or reference a vanilla tree (e.g. Identifier("duckov", "PerkTree_Hacker")).
[15:54:33] [INFO] [FML FriendlyNpc] ProximityTrigger for 'DuckovDrinks:npc_laozheng': NpcId.Path='npc_laozheng', ActorId='npc_laozheng'
[15:54:33] [INFO] [FML FriendlyNpc] PersistNpcSpawn: 'DuckovDrinks:npc_laozheng' at (-7.5,0.0,-70.5), total entries=1
[15:54:33] [INFO] [FML FriendlyNpc] Spawned 'DuckovDrinks:npc_laozheng' with CharacterModel at (-7.50, 0.00, -70.50)
[15:54:33] [INFO] [鸭鸭市场] [WebSocket] Connection established
[15:54:33] [INFO] [鸭鸭市场] [WebSocketClient] Connected successfully
[15:54:33] [INFO] [鸭鸭市场] [WebSocket] Connected successfully for save slot 1
[15:54:33] [INFO] [鸭鸭市场] [WebSocketClient] 📨 Received message type: connected
[15:54:33] [INFO] [鸭鸭市场] [WebSocket] Received message type: connected
[15:54:33] [INFO] [鸭鸭市场] [WebSocket] WebSocket connected successfully
[15:54:35] [INFO] [鸭鸭市场] [NotificationQueue] No pending notifications to process
[15:54:59] [INFO] [鸭鸭市场] [WebSocketClient] 📨 Received message type: new_purchase_order
[15:54:59] [INFO] [鸭鸭市场] [WebSocket] Received message type: new_purchase_order
[15:54:59] [WARNING] [鸭鸭市场] [WebSocket] Unknown message type: new_purchase_order
[15:54:59] [INFO] [鸭鸭市场] [WebSocketClient] 📨 Received message type: validate_ticket_request
[15:54:59] [INFO] [鸭鸭市场] [WebSocket] Received message type: validate_ticket_request
[15:54:59] [INFO] [鸭鸭市场] [P2P] Received ticket validation request
[15:54:59] [INFO] [鸭鸭市场] [P2P] Validating ticket for steam_id=76561199489317590, request_id=dee0c422-5a65-4fa2-a961-0ab86b3c4d33
[15:54:59] [INFO] [鸭鸭市场] [SteamTicketAuth] Validating peer ticket for Steam ID: 76561199489317590
[15:54:59] [INFO] [鸭鸭市场] [SteamTicketAuth] BeginAuthSession result: k_EBeginAuthSessionResultOK
[15:55:01] [INFO] [鸭鸭市场] [SteamTicketAuth] Validate ticket response: SteamID=76561199489317590, AuthResponse=k_EAuthSessionResponseOK
[15:55:01] [INFO] [鸭鸭市场] [SteamTicketAuth] Peer validation result: isValid=True, errorCode=
[15:55:01] [INFO] [鸭鸭市场] [P2P] Validation result: isValid=True, errorCode=
[15:55:01] [INFO] [鸭鸭市场] [P2P] Sent validation response: success=True
[15:55:03] [INFO] [鸭鸭市场] [WebSocket] Received message type: pong
[15:55:07] [INFO] [IndependentStash] 创建备份保存文件: LastGood
[15:55:07] [INFO] [FML FriendlyNpc] OnCollectSaveData: loaded 1 entries, _registry active=1
[15:55:07] [INFO] [FML FriendlyNpc] OnCollectSaveData: saved 1 NPC(s).
[15:55:07] [INFO] ItemShortcut Saving!
[15:55:12] [INFO] [FML FriendlyNpc] OnCollectSaveData: loaded 1 entries, _registry active=1
[15:55:12] [INFO] [FML FriendlyNpc] OnCollectSaveData: saved 1 NPC(s).
[15:55:12] [INFO] ItemShortcut Saving!
[15:55:33] [INFO] [鸭鸭市场] [WebSocket] Received message type: pong
[15:55:41] [INFO] [FML FriendlyNpc] OnCollectSaveData: loaded 1 entries, _registry active=1
[15:55:41] [INFO] [FML FriendlyNpc] OnCollectSaveData: saved 1 NPC(s).
[15:55:41] [INFO] ItemShortcut Saving!
[15:55:42] [ERROR] NullReferenceException: Object reference not set to an instance of an object
[15:55:42] CustomTalentFrame.ModBehaviour+EndowmentEntry_get_DisplayName_prefix.prefix (Duckov.Endowment.EndowmentEntry __instance, System.String& __result) (at <815a772394464ad4a4a7e29bd7a14fbd>:0)
(wrapper dynamic-method) MonoMod.Utils.DynamicMethodDefinition.Duckov.Endowment.EndowmentEntry.get_DisplayName_Patch1(Duckov.Endowment.EndowmentEntry)
FeatherMod.Quests.FMLReward_UnlockEndowment.get_EndowmentDisplayName () (at <bbff26fbdf2043e08fe13afdbda0f3dd>:0)
FeatherMod.Quests.FMLReward_UnlockEndowment.get_Description () (at <bbff26fbdf2043e08fe13afdbda0f3dd>:0)
Duckov.Quests.UI.RewardEntry.Refresh () (at <a106892a77634b22b7b41149fa638550>:0)
Duckov.Quests.UI.RewardEntry.Setup (Duckov.Quests.Reward target) (at <a106892a77634b22b7b41149fa638550>:0)
Duckov.Quests.UI.QuestViewDetails.SetupRewards () (at <a106892a77634b22b7b41149fa638550>:0)
Duckov.Quests.UI.QuestViewDetails.RefreshAsync () (at <a106892a77634b22b7b41149fa638550>:0)
Cysharp.Threading.Tasks.CompilerServices.AsyncUniTask`1[TStateMachine].GetResult (System.Int16 token) (at <7e14a4f0648d4a59bfa9f263e42c569b>:0)
Cysharp.Threading.Tasks.UniTaskExtensions+<>c.<Forget>b__16_0 (System.Object state) (at <7e14a4f0648d4a59bfa9f263e42c569b>:0)
UnityEngine.Debug:LogException(Exception)
Cysharp.Threading.Tasks.UniTaskScheduler:PublishUnobservedTaskException(Exception)
Cysharp.Threading.Tasks.<>c:<Forget>b__16_0(Object)
Cysharp.Threading.Tasks.UniTaskCompletionSourceCore`1:TrySetException(Exception)
Cysharp.Threading.Tasks.CompilerServices.AsyncUniTask`1:SetException(Exception)
Duckov.Quests.UI.<RefreshAsync>d__28:MoveNext()
Cysharp.Threading.Tasks.CompilerServices.AsyncUniTask`1:Run()
Cysharp.Threading.Tasks.AwaiterActions:Continuation(Object)
Cysharp.Threading.Tasks.UniTaskCompletionSourceCore`1:TrySetResult(AsyncUnit)
Cysharp.Threading.Tasks.CompilerServices.AsyncUniTask`1:SetResult()
Duckov.UI.Animations.<HideTask>d__36:MoveNext()
Cysharp.Threading.Tasks.CompilerServices.AsyncUniTask`1:Run()
Cysharp.Threading.Tasks.AwaiterActions:Continuation(Object)
Cysharp.Threading.Tasks.UniTaskCompletionSourceCore`1:TrySetResult(AsyncUnit)
Cysharp.Threading.Tasks.WhenAllPromise:TryInvokeContinuation(WhenAllPromise, Awaiter&)
Cysharp.Threading.Tasks.<>c:<.ctor>b__3_0(Object)
Cysharp.Threading.Tasks.UniTaskCompletionSourceCore`1:TrySetResult(AsyncUnit)
Cysharp.Threading.Tasks.CompilerServices.AsyncUniTask`1:SetResult()
Duckov.UI.Animations.<Hide>d__19:MoveNext()
Cysharp.Threading.Tasks.CompilerServices.AsyncUniTask`1:Run()
Cysharp.Threading.Tasks.AwaiterActions:Continuation(Object)
Cysharp.Threading.Tasks.UniTaskCompletionSourceCore`1:TrySetResult(AsyncUnit)
Cysharp.Threading.Tasks.CompilerServices.AsyncUniTask`1:SetResult()
Duckov.UI.Animations.<WrapHideTask>d__21:MoveNext()
Cysharp.Threading.Tasks.CompilerServices.AsyncUniTask`1:Run()
Cysharp.Threading.Tasks.AwaiterActions:Continuation(Object)
Cysharp.Threading.Tasks.UniTaskCompletionSourceCore`1:TrySetResult(AsyncUnit)
Cysharp.Threading.Tasks.CompilerServices.AsyncUniTask`1:SetResult()
Duckov.UI.Animations.<FadeTask>d__14:MoveNext()
Cysharp.Threading.Tasks.CompilerServices.AsyncUniTask`1:Run()
Cysharp.Threading.Tasks.AwaiterActions:Continuation(Object)
Cysharp.Threading.Tasks.UniTaskCompletionSourceCore`1:TrySetResult(AsyncUnit)
Cysharp.Threading.Tasks.NextFramePromise:MoveNext()
Cysharp.Threading.Tasks.Internal.PlayerLoopRunner:RunCore()
Cysharp.Threading.Tasks.Internal.PlayerLoopRunner:Run()

[15:55:46] [INFO] [鸭鸭市场] [DuckMarket] OnClose - 隐藏UI
[15:55:46] [INFO] [鸭鸭市场] Duck Market UI closed
[15:55:46] [INFO] [FML FriendlyNpc] OnCollectSaveData: loaded 1 entries, _registry active=1
[15:55:46] [INFO] [FML FriendlyNpc] OnCollectSaveData: saved 1 NPC(s).
[15:55:46] [INFO] ItemShortcut Saving!
[15:55:47] [INFO] [鸭鸭市场] [DuckMarket] OnClose - 隐藏UI
[15:55:47] [INFO] [鸭鸭市场] Duck Market UI closed
[15:55:48] [INFO] Quitting
[15:55:48] [INFO] [FML FriendlyNpc] OnCollectSaveData: loaded 1 entries, _registry active=1
[15:55:48] [INFO] [FML FriendlyNpc] OnCollectSaveData: saved 1 NPC(s).
[15:55:48] [INFO] ItemShortcut Saving!
[15:55:48] [INFO] [MoreTotem] GemSummary(OnApplicationQuit) cols=1956
[15:55:48] [INFO] [TDAE]恢复武器默认属性 - ID: 1303
[15:55:48] [INFO] [MoreTotem]   col=LevelConfig/LevelManager(Clone)/Loot Box Inventories/IndependentStashInventory/IceBlade(Clone) gems=1 ownerGem=-1 totems=0 ownerTotem=-1 gemKeys=[Gem] totemKeys=[]
[15:55:48] [INFO] [TDAE]恢复武器默认属性 - ID: 1303
[15:55:48] [INFO] [MoreTotem]   col=LevelConfig/LevelManager(Clone)/Loot Box Inventories/IndependentStashInventory/IceBlade(Clone) gems=1 ownerGem=-1 totems=0 ownerTotem=-1 gemKeys=[Gem] totemKeys=[]
[15:55:48] [INFO] [TDAE]恢复武器默认属性 - ID: 1303
[15:55:48] [INFO] [MoreTotem]   col=LevelConfig/LevelManager(Clone)/Loot Box Inventories/IndependentStashInventory/IceBlade(Clone) gems=1 ownerGem=-1 totems=0 ownerTotem=-1 gemKeys=[Gem] totemKeys=[]
[15:55:48] [INFO] [TDAE]恢复武器默认属性 - ID: 1303
[15:55:48] [INFO] [MoreTotem]   col=LevelConfig/LevelManager(Clone)/Loot Box Inventories/IndependentStashInventory/IceBlade(Clone) gems=1 ownerGem=-1 totems=0 ownerTotem=-1 gemKeys=[Gem] totemKeys=[]
[15:55:48] [INFO] [TDAE]恢复武器默认属性 - ID: 1303
[15:55:48] [INFO] [MoreTotem]   col=LevelConfig/LevelManager(Clone)/Loot Box Inventories/IndependentStashInventory/IceBlade(Clone) gems=1 ownerGem=-1 totems=0 ownerTotem=-1 gemKeys=[Gem] totemKeys=[]
[15:55:48] [INFO] [TDAE]恢复武器默认属性 - ID: 1303
[15:55:48] [INFO] [MoreTotem]   col=LevelConfig/LevelManager(Clone)/Loot Box Inventories/IndependentStashInventory/IceBlade(Clone) gems=1 ownerGem=-1 totems=0 ownerTotem=-1 gemKeys=[Gem] totemKeys=[]
[15:55:48] [INFO] [MoreTotem]   col=LevelConfig/LevelManager(Clone)/Loot Box Inventories/IndependentStashInventory/TDAEItem_12501(Clone) gems=1 ownerGem=-1 totems=0 ownerTotem=-1 gemKeys=[TDAE_ElementGem] totemKeys=[]
[15:55:48] [INFO] [MoreTotem]   col=LevelConfig/LevelManager(Clone)/Loot Box Inventories/IndependentStashInventory/TDAEItem_12501(Clone) gems=1 ownerGem=-1 totems=0 ownerTotem=-1 gemKeys=[TDAE_ElementGem] totemKeys=[]
[15:55:48] [INFO] [TDAE] 装备声波控制图腾: Totem1
[15:55:48] [INFO] [MoreTotem]   col=Character(Clone)/Character(Clone) gems=0 ownerGem=-1 totems=70 ownerTotem=-1 gemKeys=[] totemKeys=[Totem1,Totem2,Totem3,Totem4,Totem5,Totem6,Totem7,Totem8,Totem9,Totem10,Totem11,Totem12,Totem13,Totem14,Totem15,Totem16,Totem17,Totem18,Totem19,Totem20,Totem21,Totem22,Totem23,Totem24,Totem25,Totem26,Totem27,Totem28,Totem29,Totem30,Totem31,Totem32,Totem33,Totem34,Totem35,Totem36,Totem37,Totem38,Totem39,Totem40,Totem41,Totem42,Totem43,Totem44,Totem45,Totem46,Totem47,Totem48,Totem49,Totem50,Totem51,Totem52,Totem53,Totem54,Totem55,Totem56,Totem57,Totem58,Totem59,Totem60,Totem61,Totem62,Totem63,Totem64,Totem65,Totem66,Totem67,Totem68,Totem69,Totem70]
[15:55:48] [INFO] [MoreTotem]   col=Character(Clone)/Character(Clone)/Knife_04_Karambit(Clone) gems=1 ownerGem=-1 totems=0 ownerTotem=-1 gemKeys=[Gem] totemKeys=[]
[15:55:48] [INFO] [MoreTotem]   col=PlayerStorage/Inventory/IceBlade(Clone) gems=1 ownerGem=-1 totems=0 ownerTotem=-1 gemKeys=[Gem] totemKeys=[]
[15:55:48] [INFO] [MoreTotem]   col=PlayerStorage/Inventory/Wand(Clone) gems=1 ownerGem=-1 totems=0 ownerTotem=-1 gemKeys=[Gem] totemKeys=[]
[15:55:48] [INFO] [MoreTotem]   col=PlayerStorage/Inventory/Knife_04_Karambit(Clone) gems=1 ownerGem=-1 totems=0 ownerTotem=-1 gemKeys=[Gem] totemKeys=[]
[15:55:48] [INFO] [MoreTotem]   col=PlayerStorage/Inventory/Knife_03_Knuckle(Clone) gems=1 ownerGem=-1 totems=0 ownerTotem=-1 gemKeys=[Gem] totemKeys=[]
[15:55:48] [INFO] [MoreTotem]   col=PlayerStorage/Inventory/Axe(Clone) gems=1 ownerGem=-1 totems=0 ownerTotem=-1 gemKeys=[Gem] totemKeys=[]
[15:55:48] [INFO] [MoreTotem]   col=PlayerStorage/Inventory/Knife_06_Gurkhakukri(Clone) gems=1 ownerGem=-1 totems=0 ownerTotem=-1 gemKeys=[Gem] totemKeys=[]
[15:55:48] [INFO] [MoreTotem]   col=PlayerStorage/Inventory/0_MeleeWeapon_Template(Clone) gems=1 ownerGem=-1 totems=0 ownerTotem=-1 gemKeys=[Gem] totemKeys=[]
[15:55:48] [INFO] [MoreTotem]   col=PlayerStorage/Inventory/TDAEItem_12501(Clone) gems=1 ownerGem=-1 totems=0 ownerTotem=-1 gemKeys=[TDAE_ElementGem] totemKeys=[]
[15:55:48] [INFO] [MoreTotem]   col=PlayerStorage/Inventory/GiantSwordFish(Clone) gems=2 ownerGem=-1 totems=0 ownerTotem=-1 gemKeys=[Gem,Gem1] totemKeys=[]
[15:55:48] [INFO] [MoreTotem]   col=PlayerStorage/Inventory/SaltedFish(Clone) gems=2 ownerGem=-1 totems=0 ownerTotem=-1 gemKeys=[Gem,Gem1] totemKeys=[]
[15:55:48] [INFO] [MoreTotem]   col=PlayerStorage/Inventory/GolfClub(Clone) gems=1 ownerGem=-1 totems=0 ownerTotem=-1 gemKeys=[Gem] totemKeys=[]
[15:55:48] [INFO] [MoreTotem]   col=PlayerStorage/Inventory/ArmorLV4_SnowBoss(Clone) gems=2 ownerGem=-1 totems=0 ownerTotem=-1 gemKeys=[Special1,Special2] totemKeys=[]
[15:55:48] [INFO] [MoreTotem]   col=PlayerStorage/Inventory/ArmorLV4_Igny(Clone) gems=1 ownerGem=-1 totems=0 ownerTotem=-1 gemKeys=[Special] totemKeys=[]
[15:55:48] [INFO] [MoreTotem]   col=PlayerStorage/Inventory/ArmorLV4_Fleeze(Clone) gems=1 ownerGem=-1 totems=0 ownerTotem=-1 gemKeys=[Special] totemKeys=[]
[15:55:48] [INFO] [MoreTotem]   col=TDAEItem_12501 gems=1 ownerGem=-1 totems=0 ownerTotem=-1 gemKeys=[TDAE_ElementGem] totemKeys=[]
[15:55:48] [INFO] [MoreTotem]   col=TDAEItem_10144 gems=3 ownerGem=-1 totems=0 ownerTotem=-1 gemKeys=[TDAE_ElementGem,Gem1,Gem2] totemKeys=[]
[15:55:48] [INFO] [MoreTotem]   col=ArmorLV4_Igny gems=1 ownerGem=-1 totems=0 ownerTotem=-1 gemKeys=[Special] totemKeys=[]
[15:55:48] [INFO] [MoreTotem]   col=0_MeleeWeapon_Template gems=1 ownerGem=-1 totems=0 ownerTotem=-1 gemKeys=[Gem] totemKeys=[]
[15:55:48] [INFO] [MoreTotem]   col=SaltedFish gems=2 ownerGem=-1 totems=0 ownerTotem=-1 gemKeys=[Gem,Gem1] totemKeys=[]
[15:55:48] [INFO] [MoreTotem]   col=Knife_04_Karambit gems=1 ownerGem=-1 totems=0 ownerTotem=-1 gemKeys=[Gem] totemKeys=[]
[15:55:48] [INFO] [MoreTotem]   col=Knife_06_Gurkhakukri gems=1 ownerGem=-1 totems=0 ownerTotem=-1 gemKeys=[Gem] totemKeys=[]
[15:55:48] [INFO] [MoreTotem]   col=IceBlade gems=1 ownerGem=-1 totems=0 ownerTotem=-1 gemKeys=[Gem] totemKeys=[]
[15:55:48] [INFO] [MoreTotem]   col=GolfClub gems=1 ownerGem=-1 totems=0 ownerTotem=-1 gemKeys=[Gem] totemKeys=[]
[15:55:48] [INFO] [MoreTotem]   col=AnimalWeapon_Zombie gems=1 ownerGem=-1 totems=0 ownerTotem=-1 gemKeys=[Gem] totemKeys=[]
[15:55:48] [INFO] [MoreTotem]   col=AnimalWeapon_StormClimb gems=1 ownerGem=-1 totems=0 ownerTotem=-1 gemKeys=[Gem] totemKeys=[]
[15:55:48] [INFO] [MoreTotem]   col=Axe gems=1 ownerGem=-1 totems=0 ownerTotem=-1 gemKeys=[Gem] totemKeys=[]
[15:55:48] [INFO] [MoreTotem]   col=AnimalWeapon_Zombie_Big gems=1 ownerGem=-1 totems=0 ownerTotem=-1 gemKeys=[Gem] totemKeys=[]
[15:55:48] [INFO] [MoreTotem]   col=AnimalWeapon_Bear gems=1 ownerGem=-1 totems=0 ownerTotem=-1 gemKeys=[Gem] totemKeys=[]
[15:55:48] [INFO] [MoreTotem]   col=ArmorLV4_Fleeze gems=1 ownerGem=-1 totems=0 ownerTotem=-1 gemKeys=[Special] totemKeys=[]
[15:55:48] [INFO] [MoreTotem]   col=AnimalWeapon_Invisable gems=1 ownerGem=-1 totems=0 ownerTotem=-1 gemKeys=[Gem] totemKeys=[]
[15:55:48] [INFO] [MoreTotem]   col=AnimalWeapon gems=1 ownerGem=-1 totems=0 ownerTotem=-1 gemKeys=[Gem] totemKeys=[]
[15:55:48] [INFO] [MoreTotem]   col=ArmorLV4_SnowBoss gems=2 ownerGem=-1 totems=0 ownerTotem=-1 gemKeys=[Special1,Special2] totemKeys=[]
[15:55:48] [INFO] [MoreTotem]   col=AnimalWeapon_WolfKing_Ice gems=1 ownerGem=-1 totems=0 ownerTotem=-1 gemKeys=[Gem] totemKeys=[]
[15:55:48] [INFO] [MoreTotem]   col=Character gems=0 ownerGem=-1 totems=70 ownerTotem=-1 gemKeys=[] totemKeys=[Totem1,Totem2,Totem3,Totem4,Totem5,Totem6,Totem7,Totem8,Totem9,Totem10,Totem11,Totem12,Totem13,Totem14,Totem15,Totem16,Totem17,Totem18,Totem19,Totem20,Totem21,Totem22,Totem23,Totem24,Totem25,Totem26,Totem27,Totem28,Totem29,Totem30,Totem31,Totem32,Totem33,Totem34,Totem35,Totem36,Totem37,Totem38,Totem39,Totem40,Totem41,Totem42,Totem43,Totem44,Totem45,Totem46,Totem47,Totem48,Totem49,Totem50,Totem51,Totem52,Totem53,Totem54,Totem55,Totem56,Totem57,Totem58,Totem59,Totem60,Totem61,Totem62,Totem63,Totem64,Totem65,Totem66,Totem67,Totem68,Totem69,Totem70]
[15:55:48] [INFO] [MoreTotem]   col=Knife_03_Knuckle gems=1 ownerGem=-1 totems=0 ownerTotem=-1 gemKeys=[Gem] totemKeys=[]
[15:55:48] [INFO] [MoreTotem]   col=GiantSwordFish gems=2 ownerGem=-1 totems=0 ownerTotem=-1 gemKeys=[Gem,Gem1] totemKeys=[]
[15:55:48] [INFO] [MoreTotem]   col=Wand gems=1 ownerGem=-1 totems=0 ownerTotem=-1 gemKeys=[Gem] totemKeys=[]
[15:55:48] [INFO] [MoreTotem] GemSummary(OnQuitting) cols=1956
[15:55:48] [INFO] [TDAE]恢复武器默认属性 - ID: 1303
[15:55:48] [INFO] [MoreTotem]   col=LevelConfig/LevelManager(Clone)/Loot Box Inventories/IndependentStashInventory/IceBlade(Clone) gems=1 ownerGem=-1 totems=0 ownerTotem=-1 gemKeys=[Gem] totemKeys=[]
[15:55:48] [INFO] [TDAE]恢复武器默认属性 - ID: 1303
[15:55:48] [INFO] [MoreTotem]   col=LevelConfig/LevelManager(Clone)/Loot Box Inventories/IndependentStashInventory/IceBlade(Clone) gems=1 ownerGem=-1 totems=0 ownerTotem=-1 gemKeys=[Gem] totemKeys=[]
[15:55:48] [INFO] [TDAE]恢复武器默认属性 - ID: 1303
[15:55:48] [INFO] [MoreTotem]   col=LevelConfig/LevelManager(Clone)/Loot Box Inventories/IndependentStashInventory/IceBlade(Clone) gems=1 ownerGem=-1 totems=0 ownerTotem=-1 gemKeys=[Gem] totemKeys=[]
[15:55:48] [INFO] [TDAE]恢复武器默认属性 - ID: 1303
[15:55:48] [INFO] [MoreTotem]   col=LevelConfig/LevelManager(Clone)/Loot Box Inventories/IndependentStashInventory/IceBlade(Clone) gems=1 ownerGem=-1 totems=0 ownerTotem=-1 gemKeys=[Gem] totemKeys=[]
[15:55:48] [INFO] [TDAE]恢复武器默认属性 - ID: 1303
[15:55:48] [INFO] [MoreTotem]   col=LevelConfig/LevelManager(Clone)/Loot Box Inventories/IndependentStashInventory/IceBlade(Clone) gems=1 ownerGem=-1 totems=0 ownerTotem=-1 gemKeys=[Gem] totemKeys=[]
[15:55:48] [INFO] [TDAE]恢复武器默认属性 - ID: 1303
[15:55:48] [INFO] [MoreTotem]   col=LevelConfig/LevelManager(Clone)/Loot Box Inventories/IndependentStashInventory/IceBlade(Clone) gems=1 ownerGem=-1 totems=0 ownerTotem=-1 gemKeys=[Gem] totemKeys=[]
[15:55:48] [INFO] [MoreTotem]   col=LevelConfig/LevelManager(Clone)/Loot Box Inventories/IndependentStashInventory/TDAEItem_12501(Clone) gems=1 ownerGem=-1 totems=0 ownerTotem=-1 gemKeys=[TDAE_ElementGem] totemKeys=[]
[15:55:48] [INFO] [MoreTotem]   col=LevelConfig/LevelManager(Clone)/Loot Box Inventories/IndependentStashInventory/TDAEItem_12501(Clone) gems=1 ownerGem=-1 totems=0 ownerTotem=-1 gemKeys=[TDAE_ElementGem] totemKeys=[]
[15:55:48] [INFO] [TDAE] 装备声波控制图腾: Totem1
[15:55:48] [INFO] [MoreTotem]   col=Character(Clone)/Character(Clone) gems=0 ownerGem=-1 totems=70 ownerTotem=-1 gemKeys=[] totemKeys=[Totem1,Totem2,Totem3,Totem4,Totem5,Totem6,Totem7,Totem8,Totem9,Totem10,Totem11,Totem12,Totem13,Totem14,Totem15,Totem16,Totem17,Totem18,Totem19,Totem20,Totem21,Totem22,Totem23,Totem24,Totem25,Totem26,Totem27,Totem28,Totem29,Totem30,Totem31,Totem32,Totem33,Totem34,Totem35,Totem36,Totem37,Totem38,Totem39,Totem40,Totem41,Totem42,Totem43,Totem44,Totem45,Totem46,Totem47,Totem48,Totem49,Totem50,Totem51,Totem52,Totem53,Totem54,Totem55,Totem56,Totem57,Totem58,Totem59,Totem60,Totem61,Totem62,Totem63,Totem64,Totem65,Totem66,Totem67,Totem68,Totem69,Totem70]
[15:55:48] [INFO] [MoreTotem]   col=Character(Clone)/Character(Clone)/Knife_04_Karambit(Clone) gems=1 ownerGem=-1 totems=0 ownerTotem=-1 gemKeys=[Gem] totemKeys=[]
[15:55:48] [INFO] [MoreTotem]   col=PlayerStorage/Inventory/IceBlade(Clone) gems=1 ownerGem=-1 totems=0 ownerTotem=-1 gemKeys=[Gem] totemKeys=[]
[15:55:48] [INFO] [MoreTotem]   col=PlayerStorage/Inventory/Wand(Clone) gems=1 ownerGem=-1 totems=0 ownerTotem=-1 gemKeys=[Gem] totemKeys=[]
[15:55:48] [INFO] [MoreTotem]   col=PlayerStorage/Inventory/Knife_04_Karambit(Clone) gems=1 ownerGem=-1 totems=0 ownerTotem=-1 gemKeys=[Gem] totemKeys=[]
[15:55:48] [INFO] [MoreTotem]   col=PlayerStorage/Inventory/Knife_03_Knuckle(Clone) gems=1 ownerGem=-1 totems=0 ownerTotem=-1 gemKeys=[Gem] totemKeys=[]
[15:55:48] [INFO] [MoreTotem]   col=PlayerStorage/Inventory/Axe(Clone) gems=1 ownerGem=-1 totems=0 ownerTotem=-1 gemKeys=[Gem] totemKeys=[]
[15:55:48] [INFO] [MoreTotem]   col=PlayerStorage/Inventory/Knife_06_Gurkhakukri(Clone) gems=1 ownerGem=-1 totems=0 ownerTotem=-1 gemKeys=[Gem] totemKeys=[]
[15:55:48] [INFO] [MoreTotem]   col=PlayerStorage/Inventory/0_MeleeWeapon_Template(Clone) gems=1 ownerGem=-1 totems=0 ownerTotem=-1 gemKeys=[Gem] totemKeys=[]
[15:55:48] [INFO] [MoreTotem]   col=PlayerStorage/Inventory/TDAEItem_12501(Clone) gems=1 ownerGem=-1 totems=0 ownerTotem=-1 gemKeys=[TDAE_ElementGem] totemKeys=[]
[15:55:48] [INFO] [MoreTotem]   col=PlayerStorage/Inventory/GiantSwordFish(Clone) gems=2 ownerGem=-1 totems=0 ownerTotem=-1 gemKeys=[Gem,Gem1] totemKeys=[]
[15:55:48] [INFO] [MoreTotem]   col=PlayerStorage/Inventory/SaltedFish(Clone) gems=2 ownerGem=-1 totems=0 ownerTotem=-1 gemKeys=[Gem,Gem1] totemKeys=[]
[15:55:48] [INFO] [MoreTotem]   col=PlayerStorage/Inventory/GolfClub(Clone) gems=1 ownerGem=-1 totems=0 ownerTotem=-1 gemKeys=[Gem] totemKeys=[]
[15:55:48] [INFO] [MoreTotem]   col=PlayerStorage/Inventory/ArmorLV4_SnowBoss(Clone) gems=2 ownerGem=-1 totems=0 ownerTotem=-1 gemKeys=[Special1,Special2] totemKeys=[]
[15:55:48] [INFO] [MoreTotem]   col=PlayerStorage/Inventory/ArmorLV4_Igny(Clone) gems=1 ownerGem=-1 totems=0 ownerTotem=-1 gemKeys=[Special] totemKeys=[]
[15:55:48] [INFO] [MoreTotem]   col=PlayerStorage/Inventory/ArmorLV4_Fleeze(Clone) gems=1 ownerGem=-1 totems=0 ownerTotem=-1 gemKeys=[Special] totemKeys=[]
[15:55:48] [INFO] [MoreTotem]   col=TDAEItem_12501 gems=1 ownerGem=-1 totems=0 ownerTotem=-1 gemKeys=[TDAE_ElementGem] totemKeys=[]
[15:55:48] [INFO] [MoreTotem]   col=TDAEItem_10144 gems=3 ownerGem=-1 totems=0 ownerTotem=-1 gemKeys=[TDAE_ElementGem,Gem1,Gem2] totemKeys=[]
[15:55:48] [INFO] [MoreTotem]   col=ArmorLV4_Igny gems=1 ownerGem=-1 totems=0 ownerTotem=-1 gemKeys=[Special] totemKeys=[]
[15:55:48] [INFO] [MoreTotem]   col=0_MeleeWeapon_Template gems=1 ownerGem=-1 totems=0 ownerTotem=-1 gemKeys=[Gem] totemKeys=[]
[15:55:48] [INFO] [MoreTotem]   col=SaltedFish gems=2 ownerGem=-1 totems=0 ownerTotem=-1 gemKeys=[Gem,Gem1] totemKeys=[]
[15:55:48] [INFO] [MoreTotem]   col=Knife_04_Karambit gems=1 ownerGem=-1 totems=0 ownerTotem=-1 gemKeys=[Gem] totemKeys=[]
[15:55:48] [INFO] [MoreTotem]   col=Knife_06_Gurkhakukri gems=1 ownerGem=-1 totems=0 ownerTotem=-1 gemKeys=[Gem] totemKeys=[]
[15:55:48] [INFO] [MoreTotem]   col=IceBlade gems=1 ownerGem=-1 totems=0 ownerTotem=-1 gemKeys=[Gem] totemKeys=[]
[15:55:48] [INFO] [MoreTotem]   col=GolfClub gems=1 ownerGem=-1 totems=0 ownerTotem=-1 gemKeys=[Gem] totemKeys=[]
[15:55:48] [INFO] [MoreTotem]   col=AnimalWeapon_Zombie gems=1 ownerGem=-1 totems=0 ownerTotem=-1 gemKeys=[Gem] totemKeys=[]
[15:55:48] [INFO] [MoreTotem]   col=AnimalWeapon_StormClimb gems=1 ownerGem=-1 totems=0 ownerTotem=-1 gemKeys=[Gem] totemKeys=[]
[15:55:48] [INFO] [MoreTotem]   col=Axe gems=1 ownerGem=-1 totems=0 ownerTotem=-1 gemKeys=[Gem] totemKeys=[]
[15:55:48] [INFO] [MoreTotem]   col=AnimalWeapon_Zombie_Big gems=1 ownerGem=-1 totems=0 ownerTotem=-1 gemKeys=[Gem] totemKeys=[]
[15:55:48] [INFO] [MoreTotem]   col=AnimalWeapon_Bear gems=1 ownerGem=-1 totems=0 ownerTotem=-1 gemKeys=[Gem] totemKeys=[]
[15:55:48] [INFO] [MoreTotem]   col=ArmorLV4_Fleeze gems=1 ownerGem=-1 totems=0 ownerTotem=-1 gemKeys=[Special] totemKeys=[]
[15:55:48] [INFO] [MoreTotem]   col=AnimalWeapon_Invisable gems=1 ownerGem=-1 totems=0 ownerTotem=-1 gemKeys=[Gem] totemKeys=[]
[15:55:48] [INFO] [MoreTotem]   col=AnimalWeapon gems=1 ownerGem=-1 totems=0 ownerTotem=-1 gemKeys=[Gem] totemKeys=[]
[15:55:48] [INFO] [MoreTotem]   col=ArmorLV4_SnowBoss gems=2 ownerGem=-1 totems=0 ownerTotem=-1 gemKeys=[Special1,Special2] totemKeys=[]
[15:55:48] [INFO] [MoreTotem]   col=AnimalWeapon_WolfKing_Ice gems=1 ownerGem=-1 totems=0 ownerTotem=-1 gemKeys=[Gem] totemKeys=[]
[15:55:48] [INFO] [MoreTotem]   col=Character gems=0 ownerGem=-1 totems=70 ownerTotem=-1 gemKeys=[] totemKeys=[Totem1,Totem2,Totem3,Totem4,Totem5,Totem6,Totem7,Totem8,Totem9,Totem10,Totem11,Totem12,Totem13,Totem14,Totem15,Totem16,Totem17,Totem18,Totem19,Totem20,Totem21,Totem22,Totem23,Totem24,Totem25,Totem26,Totem27,Totem28,Totem29,Totem30,Totem31,Totem32,Totem33,Totem34,Totem35,Totem36,Totem37,Totem38,Totem39,Totem40,Totem41,Totem42,Totem43,Totem44,Totem45,Totem46,Totem47,Totem48,Totem49,Totem50,Totem51,Totem52,Totem53,Totem54,Totem55,Totem56,Totem57,Totem58,Totem59,Totem60,Totem61,Totem62,Totem63,Totem64,Totem65,Totem66,Totem67,Totem68,Totem69,Totem70]
[15:55:48] [INFO] [MoreTotem]   col=Knife_03_Knuckle gems=1 ownerGem=-1 totems=0 ownerTotem=-1 gemKeys=[Gem] totemKeys=[]
[15:55:48] [INFO] [MoreTotem]   col=GiantSwordFish gems=2 ownerGem=-1 totems=0 ownerTotem=-1 gemKeys=[Gem,Gem1] totemKeys=[]
[15:55:48] [INFO] [MoreTotem]   col=Wand gems=1 ownerGem=-1 totems=0 ownerTotem=-1 gemKeys=[Gem] totemKeys=[]
[15:55:48] [INFO] [鸭鸭市场] ⚠️ Duck Market Mod is being disabled...
[15:55:48] [INFO] [鸭鸭市场] Unsubscribed from game events
[15:55:48] [INFO] [鸭鸭市场] [WebSocketClient] Disconnecting... (Intentional: True)
[15:55:48] [WARNING] [鸭鸭市场] [WebSocket] Connection lost
[15:55:48] [INFO] [鸭鸭市场] [WebSocketClient] Disconnected
[15:55:48] [INFO] [鸭鸭市场] Flea Market Manager cleaned up
[15:55:48] [INFO] [鸭鸭市场] API Client cleaned up
[15:55:48] [INFO] [鸭鸭市场] [SteamTicketAuth] Cleaned up
[15:55:48] [INFO] [鸭鸭市场] [State] Reset to Menu
[15:55:48] [INFO] [鸭鸭市场] [SoundManager] Released sold sound
[15:55:48] [INFO] [鸭鸭市场] [SoundManager] Released error sound
[15:55:48] [INFO] [鸭鸭市场] [SoundManager] Cleanup completed
[15:55:48] [INFO] [鸭鸭市场] Harmony patches removed successfully
[15:55:48] [INFO] [鸭鸭市场] ✅ Duck Market Mod disabled successfully!
[15:55:48] [INFO] [鸭鸭市场] 🗑️ Duck Market Mod destroyed
[15:55:48] [INFO] [鸭鸭市场] [ListingCreationView] Cached textures destroyed
